      0.99999998E+31      0.99999998E+31      0.99999998E+31      0.99999998E+31      0.99999998E+31      0.99999998E+31      0.99999998E+31      0.99999998E+31      0.99999998E+31      0.99999998E+31
      0.99999998E+31      0.99999998E+31      0.99999998E+31      0.99999998E+31      0.99999998E+31      0.99999998E+31      0.99999998E+31      0.99999998E+31      0.99999998E+31      0.99999998E+31
      0.99999998E+31      0.99999998E+31      0.99999998E+31      0.99999998E+31      0.99999998E+31      0.99999998E+31      0.99999998E+31      0.99999998E+31      0.99999998E+31      0.99999998E+31
      0.99999998E+31      0.99999998E+31      0.99999998E+31      0.99999998E+31      0.99999998E+31      0.99999998E+31      0.99999998E+31      0.99999998E+31      0.99999998E+31      0.99999998E+31
      0.99999998E+31      0.99999998E+31      0.99999998E+31      0.99999998E+31      0.99999998E+31      0.99999998E+31      0.99999998E+31      0.99999998E+31      0.99999998E+31      0.99999998E+31
      0.99999998E+31      0.99999998E+31      0.99999998E+31      0.99999998E+31      0.99999998E+31      0.99999998E+31      0.99999998E+31      0.99999998E+31      0.99999998E+31      0.99999998E+31
      0.99999998E+31      0.99999998E+31      0.99999998E+31      0.99999998E+31      0.99999998E+31      0.99999998E+31      0.99999998E+31      0.99999998E+31      0.99999998E+31      0.99999998E+31
      0.99999998E+31      0.99999998E+31      0.99999998E+31      0.99999998E+31      0.99999998E+31      0.99999998E+31      0.99999998E+31      0.99999998E+31      0.99999998E+31      0.99999998E+31
      0.99999998E+31      0.99999998E+31      0.99999998E+31      0.99999998E+31      0.99999998E+31      0.99999998E+31      0.99999998E+31      0.99999998E+31      0.99999998E+31      0.99999998E+31
      0.99999998E+31      0.99999998E+31      0.99999998E+31      0.99999998E+31      0.99999998E+31      0.99999998E+31      0.99999998E+31      0.99999998E+31      0.99999998E+31      0.99999998E+31
      0.99999998E+31      0.99999998E+31      0.99999998E+31      0.99999998E+31      0.99999998E+31      0.99999998E+31      0.99999998E+31      0.99999998E+31      0.99999998E+31      0.99999998E+31
      0.99999998E+31      0.99999998E+31      0.99999998E+31      0.99999998E+31      0.99999998E+31      0.99999998E+31      0.99999998E+31      0.99999998E+31      0.99999998E+31      0.99999998E+31
      0.99999998E+31      0.99999998E+31      0.99999998E+31      0.99999998E+31      0.99999998E+31      0.99999998E+31      0.99999998E+31      0.99999998E+31      0.99999998E+31      0.99999998E+31
      0.99999998E+31      0.99999998E+31      0.99999998E+31      0.99999998E+31      0.99999998E+31      0.99999998E+31      0.99999998E+31      0.99999998E+31      0.99999998E+31      0.99999998E+31
      0.99999998E+31      0.99999998E+31      0.99999998E+31      0.99999998E+31      0.99999998E+31      0.99999998E+31      0.99999998E+31      0.99999998E+31      0.99999998E+31      0.99999998E+31
      0.99999998E+31      0.99999998E+31      0.99999998E+31      0.99999998E+31      0.99999998E+31      0.99999998E+31      0.99999998E+31      0.99999998E+31      0.99999998E+31      0.99999998E+31
      0.99999998E+31      0.99999998E+31      0.99999998E+31      0.99999998E+31      0.99999998E+31      0.99999998E+31      0.99999998E+31      0.99999998E+31      0.99999998E+31      0.99999998E+31
      0.99999998E+31      0.99999998E+31      0.99999998E+31      0.99999998E+31      0.99999998E+31      0.99999998E+31      0.99999998E+31      0.99999998E+31      0.99999998E+31      0.99999998E+31
      0.99999998E+31      0.99999998E+31      0.99999998E+31      0.99999998E+31      0.99999998E+31      0.99999998E+31      0.99999998E+31      0.99999998E+31      0.99999998E+31      0.99999998E+31
      0.99999998E+31      0.99999998E+31      0.99999998E+31      0.99999998E+31      0.99999998E+31      0.99999998E+31      0.99999998E+31      0.99999998E+31      0.99999998E+31      0.99999998E+31
      0.99999998E+31      0.99999998E+31      0.99999998E+31      0.99999998E+31      0.99999998E+31      0.99999998E+31      0.99999998E+31      0.99999998E+31      0.99999998E+31      0.99999998E+31
      0.99999998E+31      0.99999998E+31      0.99999998E+31      0.99999998E+31      0.99999998E+31      0.99999998E+31      0.99999998E+31      0.99999998E+31      0.99999998E+31      0.99999998E+31
      0.99999998E+31      0.99999998E+31
      0.99999998E+31      0.99999998E+31      0.99999998E+31      0.99999998E+31      0.99999998E+31      0.99999998E+31      0.99999998E+31      0.99999998E+31      0.99999998E+31      0.99999998E+31
      0.99999998E+31      0.99999998E+31      0.99999998E+31      0.99999998E+31      0.99999998E+31      0.99999998E+31      0.99999998E+31      0.99999998E+31      0.99999998E+31      0.99999998E+31
      0.99999998E+31      0.99999998E+31      0.99999998E+31      0.99999998E+31      0.99999998E+31      0.99999998E+31      0.99999998E+31      0.99999998E+31      0.99999998E+31      0.99999998E+31
      0.99999998E+31      0.99999998E+31      0.99999998E+31      0.99999998E+31      0.99999998E+31      0.99999998E+31      0.99999998E+31      0.99999998E+31      0.99999998E+31      0.99999998E+31
      0.99999998E+31      0.99999998E+31      0.99999998E+31      0.99999998E+31      0.99999998E+31      0.99999998E+31      0.99999998E+31      0.99999998E+31      0.99999998E+31      0.99999998E+31
      0.99999998E+31      0.99999998E+31      0.99999998E+31      0.99999998E+31      0.99999998E+31      0.99999998E+31      0.99999998E+31      0.99999998E+31      0.99999998E+31      0.99999998E+31
      0.99999998E+31      0.99999998E+31      0.99999998E+31      0.99999998E+31      0.99999998E+31      0.99999998E+31      0.99999998E+31      0.99999998E+31      0.99999998E+31      0.99999998E+31
      0.99999998E+31      0.99999998E+31      0.99999998E+31      0.99999998E+31      0.99999998E+31      0.99999998E+31      0.99999998E+31      0.99999998E+31      0.99999998E+31      0.99999998E+31
      0.99999998E+31      0.99999998E+31      0.99999998E+31      0.99999998E+31      0.99999998E+31      0.99999998E+31      0.99999998E+31      0.99999998E+31      0.99999998E+31      0.99999998E+31
      0.99999998E+31      0.99999998E+31      0.99999998E+31      0.99999998E+31      0.99999998E+31      0.99999998E+31      0.99999998E+31      0.99999998E+31      0.99999998E+31      0.99999998E+31
      0.99999998E+31      0.99999998E+31      0.99999998E+31      0.99999998E+31      0.99999998E+31      0.99999998E+31      0.99999998E+31      0.99999998E+31      0.99999998E+31      0.99999998E+31
      0.99999998E+31      0.99999998E+31      0.99999998E+31      0.99999998E+31      0.99999998E+31      0.99999998E+31      0.99999998E+31      0.99999998E+31      0.99999998E+31      0.99999998E+31
      0.99999998E+31      0.99999998E+31      0.99999998E+31      0.99999998E+31      0.99999998E+31      0.99999998E+31      0.99999998E+31      0.99999998E+31      0.99999998E+31      0.99999998E+31
      0.99999998E+31      0.99999998E+31      0.99999998E+31      0.99999998E+31      0.99999998E+31      0.99999998E+31      0.99999998E+31      0.99999998E+31      0.99999998E+31      0.99999998E+31
      0.99999998E+31      0.99999998E+31      0.99999998E+31      0.99999998E+31      0.99999998E+31      0.99999998E+31      0.99999998E+31      0.99999998E+31      0.99999998E+31      0.99999998E+31
      0.99999998E+31      0.99999998E+31      0.99999998E+31      0.99999998E+31      0.99999998E+31      0.99999998E+31      0.99999998E+31      0.99999998E+31      0.99999998E+31      0.99999998E+31
      0.99999998E+31      0.99999998E+31      0.99999998E+31      0.99999998E+31      0.99999998E+31      0.99999998E+31      0.99999998E+31      0.99999998E+31      0.99999998E+31      0.99999998E+31
      0.99999998E+31      0.99999998E+31      0.99999998E+31      0.99999998E+31      0.99999998E+31      0.99999998E+31      0.99999998E+31      0.99999998E+31      0.99999998E+31      0.99999998E+31
      0.99999998E+31      0.99999998E+31      0.99999998E+31      0.99999998E+31      0.99999998E+31      0.99999998E+31      0.99999998E+31      0.99999998E+31      0.99999998E+31      0.99999998E+31
      0.99999998E+31      0.99999998E+31      0.99999998E+31      0.99999998E+31      0.99999998E+31      0.99999998E+31      0.99999998E+31      0.99999998E+31      0.99999998E+31      0.99999998E+31
      0.99999998E+31      0.99999998E+31      0.99999998E+31      0.99999998E+31      0.99999998E+31      0.99999998E+31      0.99999998E+31      0.99999998E+31      0.99999998E+31      0.99999998E+31
      0.99999998E+31      0.99999998E+31      0.99999998E+31      0.99999998E+31      0.99999998E+31      0.99999998E+31      0.99999998E+31      0.99999998E+31      0.99999998E+31      0.99999998E+31
      0.99999998E+31      0.99999998E+31
      0.99999998E+31      0.99999998E+31      0.99999998E+31      0.99999998E+31      0.99999998E+31      0.99999998E+31      0.99999998E+31      0.99999998E+31      0.99999998E+31      0.99999998E+31
      0.99999998E+31      0.99999998E+31      0.99999998E+31      0.99999998E+31      0.99999998E+31      0.99999998E+31      0.99999998E+31      0.99999998E+31      0.99999998E+31      0.99999998E+31
      0.99999998E+31      0.99999998E+31      0.99999998E+31      0.99999998E+31      0.99999998E+31      0.99999998E+31      0.99999998E+31      0.99999998E+31      0.99999998E+31      0.99999998E+31
      0.99999998E+31      0.99999998E+31      0.99999998E+31      0.99999998E+31      0.99999998E+31      0.99999998E+31      0.99999998E+31      0.99999998E+31      0.99999998E+31      0.99999998E+31
      0.99999998E+31      0.99999998E+31      0.99999998E+31      0.99999998E+31      0.99999998E+31      0.99999998E+31      0.99999998E+31      0.99999998E+31      0.99999998E+31      0.99999998E+31
      0.99999998E+31      0.99999998E+31      0.99999998E+31      0.99999998E+31      0.99999998E+31      0.99999998E+31      0.99999998E+31      0.99999998E+31      0.99999998E+31      0.99999998E+31
      0.99999998E+31      0.99999998E+31      0.99999998E+31      0.99999998E+31      0.99999998E+31      0.99999998E+31      0.99999998E+31      0.99999998E+31      0.99999998E+31      0.99999998E+31
      0.99999998E+31      0.99999998E+31      0.99999998E+31      0.99999998E+31      0.99999998E+31      0.99999998E+31      0.99999998E+31      0.99999998E+31      0.99999998E+31      0.99999998E+31
      0.99999998E+31      0.99999998E+31      0.99999998E+31      0.99999998E+31      0.99999998E+31      0.99999998E+31      0.99999998E+31      0.99999998E+31      0.99999998E+31      0.99999998E+31
      0.99999998E+31      0.99999998E+31      0.99999998E+31      0.99999998E+31      0.99999998E+31      0.99999998E+31      0.99999998E+31      0.99999998E+31      0.99999998E+31      0.99999998E+31
      0.99999998E+31      0.99999998E+31      0.99999998E+31      0.99999998E+31      0.99999998E+31      0.99999998E+31      0.99999998E+31      0.99999998E+31      0.99999998E+31      0.99999998E+31
      0.99999998E+31      0.99999998E+31      0.99999998E+31      0.99999998E+31      0.99999998E+31      0.99999998E+31      0.99999998E+31      0.99999998E+31      0.99999998E+31      0.99999998E+31
      0.99999998E+31      0.99999998E+31      0.99999998E+31      0.99999998E+31      0.99999998E+31      0.99999998E+31      0.99999998E+31      0.99999998E+31      0.99999998E+31      0.99999998E+31
      0.99999998E+31      0.99999998E+31      0.99999998E+31      0.99999998E+31      0.99999998E+31      0.99999998E+31      0.99999998E+31      0.99999998E+31      0.99999998E+31      0.99999998E+31
      0.99999998E+31      0.99999998E+31      0.99999998E+31      0.99999998E+31      0.99999998E+31      0.99999998E+31      0.99999998E+31      0.99999998E+31      0.99999998E+31      0.99999998E+31
      0.99999998E+31      0.99999998E+31      0.99999998E+31      0.99999998E+31      0.99999998E+31      0.99999998E+31      0.99999998E+31      0.99999998E+31      0.99999998E+31      0.99999998E+31
      0.99999998E+31      0.99999998E+31      0.99999998E+31      0.99999998E+31      0.99999998E+31      0.99999998E+31      0.99999998E+31      0.99999998E+31      0.99999998E+31      0.99999998E+31
      0.99999998E+31      0.99999998E+31      0.99999998E+31      0.99999998E+31      0.99999998E+31      0.99999998E+31      0.99999998E+31      0.99999998E+31      0.99999998E+31      0.99999998E+31
      0.99999998E+31      0.99999998E+31      0.99999998E+31      0.99999998E+31      0.99999998E+31      0.99999998E+31      0.99999998E+31      0.99999998E+31      0.99999998E+31      0.99999998E+31
      0.99999998E+31      0.99999998E+31      0.99999998E+31      0.99999998E+31      0.99999998E+31      0.99999998E+31      0.99999998E+31      0.99999998E+31      0.99999998E+31      0.99999998E+31
      0.99999998E+31      0.99999998E+31      0.99999998E+31      0.99999998E+31      0.99999998E+31      0.99999998E+31      0.99999998E+31      0.99999998E+31      0.99999998E+31      0.99999998E+31
      0.99999998E+31      0.99999998E+31      0.99999998E+31      0.99999998E+31      0.99999998E+31      0.99999998E+31      0.99999998E+31      0.99999998E+31      0.99999998E+31      0.99999998E+31
      0.99999998E+31      0.99999998E+31
      0.99999998E+31      0.99999998E+31      0.99999998E+31      0.99999998E+31      0.99999998E+31      0.99999998E+31      0.99999998E+31      0.99999998E+31      0.99999998E+31      0.99999998E+31
      0.99999998E+31      0.99999998E+31      0.99999998E+31      0.99999998E+31      0.99999998E+31      0.99999998E+31      0.99999998E+31      0.99999998E+31      0.99999998E+31      0.99999998E+31
      0.99999998E+31      0.99999998E+31      0.99999998E+31      0.99999998E+31      0.99999998E+31      0.99999998E+31      0.99999998E+31      0.99999998E+31      0.99999998E+31      0.99999998E+31
      0.99999998E+31      0.99999998E+31      0.99999998E+31      0.99999998E+31      0.99999998E+31      0.99999998E+31      0.99999998E+31      0.99999998E+31      0.99999998E+31      0.99999998E+31
      0.99999998E+31      0.99999998E+31      0.99999998E+31      0.99999998E+31      0.99999998E+31      0.99999998E+31      0.99999998E+31      0.99999998E+31      0.99999998E+31      0.99999998E+31
      0.99999998E+31      0.99999998E+31      0.99999998E+31      0.99999998E+31      0.99999998E+31      0.99999998E+31      0.99999998E+31      0.99999998E+31      0.99999998E+31      0.99999998E+31
      0.99999998E+31      0.99999998E+31      0.99999998E+31      0.99999998E+31      0.99999998E+31      0.99999998E+31      0.99999998E+31      0.99999998E+31      0.99999998E+31      0.99999998E+31
      0.99999998E+31      0.99999998E+31      0.99999998E+31      0.99999998E+31      0.99999998E+31      0.99999998E+31      0.99999998E+31      0.99999998E+31      0.99999998E+31      0.99999998E+31
      0.99999998E+31      0.99999998E+31      0.99999998E+31      0.99999998E+31      0.99999998E+31      0.99999998E+31      0.99999998E+31      0.99999998E+31      0.99999998E+31      0.99999998E+31
      0.99999998E+31      0.99999998E+31      0.99999998E+31      0.99999998E+31      0.99999998E+31      0.99999998E+31      0.99999998E+31      0.99999998E+31      0.99999998E+31      0.99999998E+31
      0.99999998E+31      0.99999998E+31      0.99999998E+31      0.99999998E+31      0.99999998E+31      0.99999998E+31      0.99999998E+31      0.99999998E+31      0.99999998E+31      0.99999998E+31
      0.99999998E+31      0.99999998E+31      0.99999998E+31      0.99999998E+31      0.99999998E+31      0.99999998E+31      0.99999998E+31      0.99999998E+31      0.99999998E+31      0.99999998E+31
      0.99999998E+31      0.99999998E+31      0.99999998E+31      0.99999998E+31      0.99999998E+31      0.99999998E+31      0.99999998E+31      0.99999998E+31      0.99999998E+31      0.99999998E+31
      0.99999998E+31      0.99999998E+31      0.99999998E+31      0.99999998E+31      0.99999998E+31      0.99999998E+31      0.99999998E+31      0.99999998E+31      0.99999998E+31      0.99999998E+31
      0.99999998E+31      0.99999998E+31      0.99999998E+31      0.99999998E+31      0.99999998E+31      0.99999998E+31      0.99999998E+31      0.99999998E+31      0.99999998E+31      0.99999998E+31
      0.99999998E+31      0.99999998E+31      0.99999998E+31      0.99999998E+31      0.99999998E+31      0.99999998E+31      0.99999998E+31      0.99999998E+31      0.99999998E+31      0.99999998E+31
      0.99999998E+31      0.99999998E+31      0.99999998E+31      0.99999998E+31      0.99999998E+31      0.99999998E+31      0.99999998E+31      0.99999998E+31      0.99999998E+31      0.99999998E+31
      0.99999998E+31      0.99999998E+31      0.99999998E+31      0.99999998E+31      0.99999998E+31      0.99999998E+31      0.99999998E+31      0.99999998E+31      0.99999998E+31      0.99999998E+31
      0.99999998E+31      0.99999998E+31      0.99999998E+31      0.99999998E+31      0.99999998E+31      0.99999998E+31      0.99999998E+31      0.99999998E+31      0.99999998E+31      0.99999998E+31
      0.99999998E+31      0.99999998E+31      0.99999998E+31      0.99999998E+31      0.99999998E+31      0.99999998E+31      0.99999998E+31      0.99999998E+31      0.99999998E+31      0.99999998E+31
      0.99999998E+31      0.99999998E+31      0.99999998E+31      0.99999998E+31      0.99999998E+31      0.99999998E+31      0.99999998E+31      0.99999998E+31      0.99999998E+31      0.99999998E+31
      0.99999998E+31      0.99999998E+31      0.99999998E+31      0.99999998E+31      0.99999998E+31      0.99999998E+31      0.99999998E+31      0.99999998E+31      0.99999998E+31      0.99999998E+31
      0.99999998E+31      0.99999998E+31
      0.99999998E+31      0.99999998E+31      0.99999998E+31      0.99999998E+31      0.99999998E+31      0.99999998E+31      0.99999998E+31      0.99999998E+31      0.99999998E+31      0.99999998E+31
      0.99999998E+31      0.99999998E+31      0.99999998E+31      0.99999998E+31      0.99999998E+31      0.99999998E+31      0.99999998E+31      0.99999998E+31      0.99999998E+31      0.99999998E+31
      0.99999998E+31      0.99999998E+31      0.99999998E+31      0.99999998E+31      0.99999998E+31      0.99999998E+31      0.99999998E+31      0.99999998E+31      0.99999998E+31      0.99999998E+31
      0.99999998E+31      0.99999998E+31      0.99999998E+31      0.99999998E+31      0.99999998E+31      0.99999998E+31      0.99999998E+31      0.99999998E+31      0.99999998E+31      0.99999998E+31
      0.99999998E+31      0.99999998E+31      0.99999998E+31      0.99999998E+31      0.99999998E+31      0.99999998E+31      0.99999998E+31      0.99999998E+31      0.99999998E+31      0.99999998E+31
      0.99999998E+31      0.99999998E+31      0.99999998E+31      0.99999998E+31      0.99999998E+31      0.99999998E+31      0.99999998E+31      0.99999998E+31      0.99999998E+31      0.99999998E+31
      0.99999998E+31      0.99999998E+31      0.99999998E+31      0.99999998E+31      0.99999998E+31      0.99999998E+31      0.99999998E+31      0.99999998E+31      0.99999998E+31      0.99999998E+31
      0.99999998E+31      0.99999998E+31      0.99999998E+31      0.99999998E+31      0.99999998E+31      0.99999998E+31      0.99999998E+31      0.99999998E+31      0.99999998E+31      0.99999998E+31
      0.99999998E+31      0.99999998E+31      0.99999998E+31      0.99999998E+31      0.99999998E+31      0.99999998E+31      0.99999998E+31      0.99999998E+31      0.99999998E+31      0.99999998E+31
      0.99999998E+31      0.99999998E+31      0.99999998E+31      0.99999998E+31      0.99999998E+31      0.99999998E+31      0.99999998E+31      0.99999998E+31      0.99999998E+31      0.99999998E+31
      0.99999998E+31      0.99999998E+31      0.99999998E+31      0.99999998E+31      0.99999998E+31      0.99999998E+31      0.99999998E+31      0.99999998E+31      0.99999998E+31      0.99999998E+31
      0.99999998E+31      0.99999998E+31      0.99999998E+31      0.99999998E+31      0.99999998E+31      0.99999998E+31      0.99999998E+31      0.99999998E+31      0.99999998E+31      0.99999998E+31
      0.99999998E+31      0.99999998E+31      0.99999998E+31      0.99999998E+31      0.99999998E+31      0.99999998E+31      0.99999998E+31      0.99999998E+31      0.99999998E+31      0.99999998E+31
      0.99999998E+31      0.99999998E+31      0.99999998E+31      0.99999998E+31      0.99999998E+31      0.99999998E+31      0.99999998E+31      0.99999998E+31      0.99999998E+31      0.99999998E+31
      0.99999998E+31      0.99999998E+31      0.99999998E+31      0.99999998E+31      0.99999998E+31      0.99999998E+31      0.99999998E+31      0.99999998E+31      0.99999998E+31      0.99999998E+31
      0.99999998E+31      0.99999998E+31      0.99999998E+31      0.99999998E+31      0.99999998E+31      0.99999998E+31      0.99999998E+31      0.99999998E+31      0.99999998E+31      0.99999998E+31
      0.99999998E+31      0.99999998E+31      0.99999998E+31      0.99999998E+31      0.99999998E+31      0.99999998E+31      0.99999998E+31      0.99999998E+31      0.99999998E+31      0.99999998E+31
      0.99999998E+31      0.99999998E+31      0.99999998E+31      0.99999998E+31      0.99999998E+31      0.99999998E+31      0.99999998E+31      0.99999998E+31      0.99999998E+31      0.99999998E+31
      0.99999998E+31      0.99999998E+31      0.99999998E+31      0.99999998E+31      0.99999998E+31      0.99999998E+31      0.99999998E+31      0.99999998E+31      0.99999998E+31      0.99999998E+31
      0.99999998E+31      0.99999998E+31      0.99999998E+31      0.99999998E+31      0.99999998E+31      0.99999998E+31      0.99999998E+31      0.99999998E+31      0.99999998E+31      0.99999998E+31
      0.99999998E+31      0.99999998E+31      0.99999998E+31      0.99999998E+31      0.99999998E+31      0.99999998E+31      0.99999998E+31      0.99999998E+31      0.99999998E+31      0.99999998E+31
      0.99999998E+31      0.99999998E+31      0.99999998E+31      0.99999998E+31      0.99999998E+31      0.99999998E+31      0.99999998E+31      0.99999998E+31      0.99999998E+31      0.99999998E+31
      0.99999998E+31      0.99999998E+31
      0.99999998E+31      0.99999998E+31      0.99999998E+31      0.99999998E+31      0.99999998E+31      0.99999998E+31      0.99999998E+31      0.99999998E+31      0.99999998E+31      0.99999998E+31
      0.99999998E+31      0.99999998E+31      0.99999998E+31      0.99999998E+31      0.99999998E+31      0.99999998E+31      0.99999998E+31      0.99999998E+31      0.99999998E+31      0.99999998E+31
      0.99999998E+31      0.99999998E+31      0.99999998E+31      0.99999998E+31      0.99999998E+31      0.99999998E+31      0.99999998E+31      0.99999998E+31      0.99999998E+31      0.99999998E+31
      0.99999998E+31      0.99999998E+31      0.99999998E+31      0.99999998E+31      0.99999998E+31      0.99999998E+31      0.99999998E+31      0.99999998E+31      0.99999998E+31      0.99999998E+31
      0.99999998E+31      0.99999998E+31      0.99999998E+31      0.99999998E+31      0.99999998E+31      0.99999998E+31      0.99999998E+31      0.99999998E+31      0.99999998E+31      0.99999998E+31
      0.99999998E+31      0.99999998E+31      0.99999998E+31      0.99999998E+31      0.99999998E+31      0.99999998E+31      0.99999998E+31      0.99999998E+31      0.99999998E+31      0.99999998E+31
      0.99999998E+31      0.99999998E+31      0.99999998E+31      0.99999998E+31      0.99999998E+31      0.99999998E+31      0.99999998E+31      0.99999998E+31      0.99999998E+31      0.99999998E+31
      0.99999998E+31      0.99999998E+31      0.99999998E+31      0.99999998E+31      0.99999998E+31      0.99999998E+31      0.99999998E+31      0.99999998E+31      0.99999998E+31      0.99999998E+31
      0.99999998E+31      0.99999998E+31      0.99999998E+31      0.99999998E+31      0.99999998E+31      0.99999998E+31      0.99999998E+31      0.99999998E+31      0.99999998E+31      0.99999998E+31
      0.99999998E+31      0.99999998E+31      0.99999998E+31      0.99999998E+31      0.99999998E+31      0.99999998E+31      0.99999998E+31      0.99999998E+31      0.99999998E+31      0.99999998E+31
      0.99999998E+31      0.99999998E+31      0.99999998E+31      0.99999998E+31      0.99999998E+31      0.99999998E+31      0.99999998E+31      0.99999998E+31      0.99999998E+31      0.99999998E+31
      0.99999998E+31      0.99999998E+31      0.99999998E+31      0.99999998E+31       1519.4812           1522.9344           1529.3116           1538.5653           1543.0388          0.99999998E+31
      0.99999998E+31      0.99999998E+31      0.99999998E+31      0.99999998E+31      0.99999998E+31      0.99999998E+31      0.99999998E+31      0.99999998E+31      0.99999998E+31      0.99999998E+31
      0.99999998E+31      0.99999998E+31      0.99999998E+31      0.99999998E+31      0.99999998E+31      0.99999998E+31      0.99999998E+31      0.99999998E+31      0.99999998E+31      0.99999998E+31
      0.99999998E+31      0.99999998E+31      0.99999998E+31      0.99999998E+31      0.99999998E+31      0.99999998E+31      0.99999998E+31      0.99999998E+31      0.99999998E+31      0.99999998E+31
      0.99999998E+31      0.99999998E+31      0.99999998E+31      0.99999998E+31      0.99999998E+31      0.99999998E+31      0.99999998E+31      0.99999998E+31      0.99999998E+31      0.99999998E+31
      0.99999998E+31      0.99999998E+31      0.99999998E+31      0.99999998E+31      0.99999998E+31      0.99999998E+31      0.99999998E+31      0.99999998E+31      0.99999998E+31      0.99999998E+31
      0.99999998E+31      0.99999998E+31      0.99999998E+31      0.99999998E+31      0.99999998E+31      0.99999998E+31      0.99999998E+31      0.99999998E+31      0.99999998E+31      0.99999998E+31
      0.99999998E+31      0.99999998E+31      0.99999998E+31      0.99999998E+31      0.99999998E+31      0.99999998E+31      0.99999998E+31      0.99999998E+31      0.99999998E+31      0.99999998E+31
      0.99999998E+31      0.99999998E+31      0.99999998E+31      0.99999998E+31      0.99999998E+31      0.99999998E+31      0.99999998E+31      0.99999998E+31      0.99999998E+31      0.99999998E+31
      0.99999998E+31      0.99999998E+31      0.99999998E+31      0.99999998E+31      0.99999998E+31      0.99999998E+31      0.99999998E+31      0.99999998E+31      0.99999998E+31      0.99999998E+31
      0.99999998E+31      0.99999998E+31      0.99999998E+31      0.99999998E+31      0.99999998E+31      0.99999998E+31      0.99999998E+31      0.99999998E+31      0.99999998E+31      0.99999998E+31
      0.99999998E+31      0.99999998E+31
      0.99999998E+31      0.99999998E+31      0.99999998E+31      0.99999998E+31      0.99999998E+31      0.99999998E+31      0.99999998E+31      0.99999998E+31      0.99999998E+31      0.99999998E+31
      0.99999998E+31      0.99999998E+31      0.99999998E+31      0.99999998E+31      0.99999998E+31      0.99999998E+31      0.99999998E+31      0.99999998E+31      0.99999998E+31      0.99999998E+31
      0.99999998E+31      0.99999998E+31      0.99999998E+31      0.99999998E+31      0.99999998E+31      0.99999998E+31      0.99999998E+31      0.99999998E+31      0.99999998E+31      0.99999998E+31
      0.99999998E+31      0.99999998E+31      0.99999998E+31      0.99999998E+31      0.99999998E+31      0.99999998E+31      0.99999998E+31      0.99999998E+31      0.99999998E+31      0.99999998E+31
      0.99999998E+31      0.99999998E+31      0.99999998E+31      0.99999998E+31      0.99999998E+31      0.99999998E+31      0.99999998E+31      0.99999998E+31      0.99999998E+31      0.99999998E+31
      0.99999998E+31      0.99999998E+31      0.99999998E+31      0.99999998E+31      0.99999998E+31      0.99999998E+31      0.99999998E+31      0.99999998E+31      0.99999998E+31      0.99999998E+31
      0.99999998E+31      0.99999998E+31      0.99999998E+31      0.99999998E+31      0.99999998E+31      0.99999998E+31      0.99999998E+31      0.99999998E+31      0.99999998E+31      0.99999998E+31
      0.99999998E+31      0.99999998E+31      0.99999998E+31      0.99999998E+31      0.99999998E+31      0.99999998E+31      0.99999998E+31      0.99999998E+31      0.99999998E+31      0.99999998E+31
      0.99999998E+31      0.99999998E+31      0.99999998E+31      0.99999998E+31      0.99999998E+31      0.99999998E+31      0.99999998E+31      0.99999998E+31      0.99999998E+31      0.99999998E+31
      0.99999998E+31      0.99999998E+31      0.99999998E+31      0.99999998E+31      0.99999998E+31      0.99999998E+31      0.99999998E+31      0.99999998E+31      0.99999998E+31      0.99999998E+31
      0.99999998E+31      0.99999998E+31      0.99999998E+31      0.99999998E+31      0.99999998E+31      0.99999998E+31      0.99999998E+31      0.99999998E+31      0.99999998E+31      0.99999998E+31
      0.99999998E+31      0.99999998E+31      0.99999998E+31       1467.0624           1492.3567           1494.9967           1505.8383           1510.7751           1511.3300           1487.9882    
      0.99999998E+31      0.99999998E+31      0.99999998E+31      0.99999998E+31      0.99999998E+31      0.99999998E+31      0.99999998E+31      0.99999998E+31      0.99999998E+31      0.99999998E+31
      0.99999998E+31      0.99999998E+31      0.99999998E+31      0.99999998E+31      0.99999998E+31      0.99999998E+31      0.99999998E+31      0.99999998E+31      0.99999998E+31      0.99999998E+31
      0.99999998E+31      0.99999998E+31      0.99999998E+31      0.99999998E+31      0.99999998E+31      0.99999998E+31      0.99999998E+31      0.99999998E+31      0.99999998E+31      0.99999998E+31
      0.99999998E+31      0.99999998E+31      0.99999998E+31      0.99999998E+31      0.99999998E+31      0.99999998E+31      0.99999998E+31      0.99999998E+31      0.99999998E+31      0.99999998E+31
      0.99999998E+31      0.99999998E+31      0.99999998E+31      0.99999998E+31      0.99999998E+31      0.99999998E+31      0.99999998E+31      0.99999998E+31      0.99999998E+31      0.99999998E+31
      0.99999998E+31      0.99999998E+31      0.99999998E+31      0.99999998E+31      0.99999998E+31      0.99999998E+31      0.99999998E+31      0.99999998E+31      0.99999998E+31      0.99999998E+31
      0.99999998E+31      0.99999998E+31      0.99999998E+31      0.99999998E+31      0.99999998E+31      0.99999998E+31      0.99999998E+31      0.99999998E+31      0.99999998E+31      0.99999998E+31
      0.99999998E+31      0.99999998E+31      0.99999998E+31      0.99999998E+31      0.99999998E+31      0.99999998E+31      0.99999998E+31      0.99999998E+31      0.99999998E+31      0.99999998E+31
      0.99999998E+31      0.99999998E+31      0.99999998E+31      0.99999998E+31      0.99999998E+31      0.99999998E+31      0.99999998E+31      0.99999998E+31      0.99999998E+31      0.99999998E+31
      0.99999998E+31      0.99999998E+31      0.99999998E+31      0.99999998E+31      0.99999998E+31      0.99999998E+31      0.99999998E+31      0.99999998E+31      0.99999998E+31      0.99999998E+31
      0.99999998E+31      0.99999998E+31
      0.99999998E+31      0.99999998E+31      0.99999998E+31      0.99999998E+31      0.99999998E+31      0.99999998E+31      0.99999998E+31      0.99999998E+31      0.99999998E+31      0.99999998E+31
      0.99999998E+31      0.99999998E+31      0.99999998E+31      0.99999998E+31      0.99999998E+31      0.99999998E+31      0.99999998E+31      0.99999998E+31      0.99999998E+31      0.99999998E+31
      0.99999998E+31      0.99999998E+31      0.99999998E+31      0.99999998E+31      0.99999998E+31      0.99999998E+31      0.99999998E+31      0.99999998E+31      0.99999998E+31      0.99999998E+31
      0.99999998E+31      0.99999998E+31      0.99999998E+31      0.99999998E+31      0.99999998E+31      0.99999998E+31      0.99999998E+31      0.99999998E+31      0.99999998E+31      0.99999998E+31
      0.99999998E+31      0.99999998E+31      0.99999998E+31      0.99999998E+31      0.99999998E+31      0.99999998E+31      0.99999998E+31      0.99999998E+31      0.99999998E+31      0.99999998E+31
      0.99999998E+31      0.99999998E+31      0.99999998E+31      0.99999998E+31      0.99999998E+31      0.99999998E+31      0.99999998E+31      0.99999998E+31      0.99999998E+31      0.99999998E+31
      0.99999998E+31       1699.1499           1637.5552           1615.8914           1648.0006           1688.0005          0.99999998E+31      0.99999998E+31      0.99999998E+31      0.99999998E+31
      0.99999998E+31      0.99999998E+31      0.99999998E+31      0.99999998E+31      0.99999998E+31      0.99999998E+31      0.99999998E+31      0.99999998E+31      0.99999998E+31      0.99999998E+31
      0.99999998E+31      0.99999998E+31      0.99999998E+31      0.99999998E+31      0.99999998E+31      0.99999998E+31      0.99999998E+31      0.99999998E+31      0.99999998E+31      0.99999998E+31
      0.99999998E+31      0.99999998E+31      0.99999998E+31      0.99999998E+31      0.99999998E+31      0.99999998E+31      0.99999998E+31      0.99999998E+31      0.99999998E+31      0.99999998E+31
      0.99999998E+31      0.99999998E+31      0.99999998E+31      0.99999998E+31      0.99999998E+31      0.99999998E+31      0.99999998E+31      0.99999998E+31      0.99999998E+31      0.99999998E+31
      0.99999998E+31      0.99999998E+31       1439.3364           1445.5956           1452.6443           1458.3458           1463.4188           1469.8457           1471.3086           1468.5336    
       1462.5906          0.99999998E+31      0.99999998E+31      0.99999998E+31      0.99999998E+31      0.99999998E+31      0.99999998E+31      0.99999998E+31      0.99999998E+31      0.99999998E+31
      0.99999998E+31      0.99999998E+31      0.99999998E+31      0.99999998E+31      0.99999998E+31      0.99999998E+31      0.99999998E+31      0.99999998E+31      0.99999998E+31      0.99999998E+31
      0.99999998E+31      0.99999998E+31      0.99999998E+31      0.99999998E+31      0.99999998E+31      0.99999998E+31      0.99999998E+31      0.99999998E+31      0.99999998E+31      0.99999998E+31
      0.99999998E+31      0.99999998E+31      0.99999998E+31      0.99999998E+31      0.99999998E+31      0.99999998E+31      0.99999998E+31      0.99999998E+31      0.99999998E+31      0.99999998E+31
      0.99999998E+31      0.99999998E+31      0.99999998E+31      0.99999998E+31      0.99999998E+31      0.99999998E+31      0.99999998E+31      0.99999998E+31      0.99999998E+31      0.99999998E+31
      0.99999998E+31      0.99999998E+31      0.99999998E+31      0.99999998E+31      0.99999998E+31      0.99999998E+31      0.99999998E+31      0.99999998E+31      0.99999998E+31      0.99999998E+31
      0.99999998E+31      0.99999998E+31      0.99999998E+31      0.99999998E+31      0.99999998E+31      0.99999998E+31      0.99999998E+31      0.99999998E+31      0.99999998E+31      0.99999998E+31
      0.99999998E+31      0.99999998E+31      0.99999998E+31      0.99999998E+31      0.99999998E+31      0.99999998E+31      0.99999998E+31      0.99999998E+31      0.99999998E+31      0.99999998E+31
      0.99999998E+31      0.99999998E+31      0.99999998E+31      0.99999998E+31      0.99999998E+31      0.99999998E+31      0.99999998E+31      0.99999998E+31      0.99999998E+31      0.99999998E+31
      0.99999998E+31      0.99999998E+31      0.99999998E+31      0.99999998E+31      0.99999998E+31      0.99999998E+31      0.99999998E+31      0.99999998E+31      0.99999998E+31      0.99999998E+31
      0.99999998E+31      0.99999998E+31
      0.99999998E+31      0.99999998E+31      0.99999998E+31      0.99999998E+31      0.99999998E+31      0.99999998E+31      0.99999998E+31      0.99999998E+31      0.99999998E+31      0.99999998E+31
      0.99999998E+31      0.99999998E+31      0.99999998E+31      0.99999998E+31      0.99999998E+31      0.99999998E+31      0.99999998E+31      0.99999998E+31      0.99999998E+31      0.99999998E+31
      0.99999998E+31      0.99999998E+31      0.99999998E+31      0.99999998E+31      0.99999998E+31      0.99999998E+31      0.99999998E+31      0.99999998E+31      0.99999998E+31      0.99999998E+31
      0.99999998E+31      0.99999998E+31      0.99999998E+31      0.99999998E+31      0.99999998E+31      0.99999998E+31      0.99999998E+31      0.99999998E+31      0.99999998E+31      0.99999998E+31
      0.99999998E+31      0.99999998E+31      0.99999998E+31      0.99999998E+31      0.99999998E+31      0.99999998E+31      0.99999998E+31      0.99999998E+31      0.99999998E+31      0.99999998E+31
      0.99999998E+31      0.99999998E+31      0.99999998E+31      0.99999998E+31      0.99999998E+31      0.99999998E+31      0.99999998E+31      0.99999998E+31      0.99999998E+31      0.99999998E+31
      0.99999998E+31       1673.9083           1626.3530           1601.2800           1595.0111           1616.0012          0.99999998E+31      0.99999998E+31      0.99999998E+31      0.99999998E+31
      0.99999998E+31      0.99999998E+31      0.99999998E+31      0.99999998E+31      0.99999998E+31      0.99999998E+31      0.99999998E+31      0.99999998E+31      0.99999998E+31      0.99999998E+31
      0.99999998E+31      0.99999998E+31      0.99999998E+31      0.99999998E+31      0.99999998E+31      0.99999998E+31      0.99999998E+31      0.99999998E+31      0.99999998E+31      0.99999998E+31
      0.99999998E+31      0.99999998E+31      0.99999998E+31      0.99999998E+31      0.99999998E+31      0.99999998E+31      0.99999998E+31      0.99999998E+31      0.99999998E+31      0.99999998E+31
      0.99999998E+31      0.99999998E+31      0.99999998E+31      0.99999998E+31      0.99999998E+31      0.99999998E+31      0.99999998E+31      0.99999998E+31      0.99999998E+31      0.99999998E+31
      0.99999998E+31       1427.9453           1430.8840           1433.8785           1438.8390           1444.2869           1448.2181           1450.9576           1452.2717           1454.7473    
       1459.8287           1454.4362          0.99999998E+31      0.99999998E+31      0.99999998E+31      0.99999998E+31      0.99999998E+31      0.99999998E+31      0.99999998E+31      0.99999998E+31
      0.99999998E+31      0.99999998E+31      0.99999998E+31      0.99999998E+31      0.99999998E+31      0.99999998E+31      0.99999998E+31      0.99999998E+31      0.99999998E+31      0.99999998E+31
      0.99999998E+31      0.99999998E+31      0.99999998E+31      0.99999998E+31      0.99999998E+31      0.99999998E+31      0.99999998E+31      0.99999998E+31      0.99999998E+31      0.99999998E+31
      0.99999998E+31      0.99999998E+31      0.99999998E+31      0.99999998E+31      0.99999998E+31      0.99999998E+31      0.99999998E+31      0.99999998E+31      0.99999998E+31      0.99999998E+31
      0.99999998E+31      0.99999998E+31      0.99999998E+31      0.99999998E+31      0.99999998E+31      0.99999998E+31      0.99999998E+31      0.99999998E+31      0.99999998E+31      0.99999998E+31
      0.99999998E+31      0.99999998E+31      0.99999998E+31      0.99999998E+31      0.99999998E+31      0.99999998E+31      0.99999998E+31      0.99999998E+31      0.99999998E+31      0.99999998E+31
      0.99999998E+31      0.99999998E+31      0.99999998E+31      0.99999998E+31      0.99999998E+31      0.99999998E+31      0.99999998E+31      0.99999998E+31      0.99999998E+31      0.99999998E+31
      0.99999998E+31      0.99999998E+31      0.99999998E+31      0.99999998E+31      0.99999998E+31      0.99999998E+31      0.99999998E+31      0.99999998E+31      0.99999998E+31      0.99999998E+31
      0.99999998E+31      0.99999998E+31      0.99999998E+31      0.99999998E+31      0.99999998E+31      0.99999998E+31      0.99999998E+31      0.99999998E+31      0.99999998E+31      0.99999998E+31
      0.99999998E+31      0.99999998E+31      0.99999998E+31      0.99999998E+31      0.99999998E+31      0.99999998E+31      0.99999998E+31      0.99999998E+31      0.99999998E+31      0.99999998E+31
      0.99999998E+31      0.99999998E+31
      0.99999998E+31      0.99999998E+31      0.99999998E+31      0.99999998E+31      0.99999998E+31      0.99999998E+31      0.99999998E+31      0.99999998E+31      0.99999998E+31      0.99999998E+31
      0.99999998E+31      0.99999998E+31      0.99999998E+31      0.99999998E+31      0.99999998E+31      0.99999998E+31      0.99999998E+31      0.99999998E+31      0.99999998E+31      0.99999998E+31
      0.99999998E+31      0.99999998E+31      0.99999998E+31      0.99999998E+31      0.99999998E+31      0.99999998E+31      0.99999998E+31      0.99999998E+31      0.99999998E+31      0.99999998E+31
      0.99999998E+31      0.99999998E+31      0.99999998E+31      0.99999998E+31      0.99999998E+31      0.99999998E+31      0.99999998E+31      0.99999998E+31      0.99999998E+31      0.99999998E+31
      0.99999998E+31      0.99999998E+31      0.99999998E+31      0.99999998E+31      0.99999998E+31      0.99999998E+31      0.99999998E+31      0.99999998E+31      0.99999998E+31      0.99999998E+31
      0.99999998E+31      0.99999998E+31      0.99999998E+31      0.99999998E+31      0.99999998E+31      0.99999998E+31      0.99999998E+31      0.99999998E+31      0.99999998E+31      0.99999998E+31
      0.99999998E+31       1631.8464           1611.8547           1578.6744           1562.2037           1587.0009          0.99999998E+31      0.99999998E+31      0.99999998E+31      0.99999998E+31
      0.99999998E+31      0.99999998E+31      0.99999998E+31      0.99999998E+31      0.99999998E+31      0.99999998E+31      0.99999998E+31      0.99999998E+31      0.99999998E+31      0.99999998E+31
      0.99999998E+31      0.99999998E+31      0.99999998E+31      0.99999998E+31      0.99999998E+31      0.99999998E+31      0.99999998E+31      0.99999998E+31      0.99999998E+31      0.99999998E+31
      0.99999998E+31      0.99999998E+31      0.99999998E+31      0.99999998E+31      0.99999998E+31      0.99999998E+31      0.99999998E+31      0.99999998E+31      0.99999998E+31      0.99999998E+31
      0.99999998E+31      0.99999998E+31      0.99999998E+31      0.99999998E+31      0.99999998E+31      0.99999998E+31      0.99999998E+31      0.99999998E+31      0.99999998E+31      0.99999998E+31
      0.99999998E+31       1422.4017           1423.9266           1426.1722           1429.4634           1434.2985           1438.8740           1442.1437           1444.3564           1448.7195    
       1473.4922           1499.1005           1457.0363           1465.4430          0.99999998E+31      0.99999998E+31      0.99999998E+31      0.99999998E+31      0.99999998E+31      0.99999998E+31
      0.99999998E+31      0.99999998E+31      0.99999998E+31      0.99999998E+31      0.99999998E+31      0.99999998E+31      0.99999998E+31      0.99999998E+31      0.99999998E+31      0.99999998E+31
      0.99999998E+31      0.99999998E+31      0.99999998E+31      0.99999998E+31      0.99999998E+31      0.99999998E+31      0.99999998E+31      0.99999998E+31      0.99999998E+31      0.99999998E+31
      0.99999998E+31      0.99999998E+31      0.99999998E+31      0.99999998E+31      0.99999998E+31      0.99999998E+31      0.99999998E+31      0.99999998E+31      0.99999998E+31      0.99999998E+31
      0.99999998E+31      0.99999998E+31      0.99999998E+31      0.99999998E+31      0.99999998E+31      0.99999998E+31      0.99999998E+31      0.99999998E+31      0.99999998E+31      0.99999998E+31
      0.99999998E+31      0.99999998E+31      0.99999998E+31      0.99999998E+31      0.99999998E+31      0.99999998E+31      0.99999998E+31      0.99999998E+31      0.99999998E+31      0.99999998E+31
      0.99999998E+31      0.99999998E+31      0.99999998E+31      0.99999998E+31      0.99999998E+31      0.99999998E+31      0.99999998E+31      0.99999998E+31      0.99999998E+31      0.99999998E+31
      0.99999998E+31      0.99999998E+31      0.99999998E+31      0.99999998E+31      0.99999998E+31      0.99999998E+31      0.99999998E+31      0.99999998E+31      0.99999998E+31      0.99999998E+31
      0.99999998E+31      0.99999998E+31      0.99999998E+31      0.99999998E+31      0.99999998E+31      0.99999998E+31      0.99999998E+31      0.99999998E+31      0.99999998E+31      0.99999998E+31
      0.99999998E+31      0.99999998E+31      0.99999998E+31      0.99999998E+31      0.99999998E+31      0.99999998E+31      0.99999998E+31      0.99999998E+31      0.99999998E+31      0.99999998E+31
      0.99999998E+31      0.99999998E+31
      0.99999998E+31      0.99999998E+31      0.99999998E+31      0.99999998E+31      0.99999998E+31      0.99999998E+31      0.99999998E+31      0.99999998E+31      0.99999998E+31      0.99999998E+31
      0.99999998E+31      0.99999998E+31      0.99999998E+31      0.99999998E+31      0.99999998E+31      0.99999998E+31      0.99999998E+31      0.99999998E+31      0.99999998E+31      0.99999998E+31
      0.99999998E+31      0.99999998E+31      0.99999998E+31      0.99999998E+31      0.99999998E+31      0.99999998E+31      0.99999998E+31      0.99999998E+31      0.99999998E+31      0.99999998E+31
      0.99999998E+31      0.99999998E+31      0.99999998E+31      0.99999998E+31      0.99999998E+31      0.99999998E+31      0.99999998E+31      0.99999998E+31      0.99999998E+31      0.99999998E+31
      0.99999998E+31      0.99999998E+31      0.99999998E+31      0.99999998E+31      0.99999998E+31      0.99999998E+31      0.99999998E+31      0.99999998E+31      0.99999998E+31      0.99999998E+31
      0.99999998E+31      0.99999998E+31      0.99999998E+31      0.99999998E+31      0.99999998E+31      0.99999998E+31      0.99999998E+31      0.99999998E+31      0.99999998E+31      0.99999998E+31
      0.99999998E+31       1607.0953           1560.1101           1546.8149           1535.2167           1515.3190           1531.0010           1586.0004           1604.0004           1573.0006    
       1573.0004           1525.0006           1525.0005           1525.0004           1525.0005           1620.0002           1616.0007           1612.0010           1614.0007           1608.0015    
       1633.0006           1668.0000           1689.0000           1685.0000           1664.0000          0.99999998E+31      0.99999998E+31      0.99999998E+31      0.99999998E+31      0.99999998E+31
      0.99999998E+31      0.99999998E+31      0.99999998E+31      0.99999998E+31      0.99999998E+31      0.99999998E+31      0.99999998E+31      0.99999998E+31      0.99999998E+31      0.99999998E+31
      0.99999998E+31      0.99999998E+31      0.99999998E+31      0.99999998E+31      0.99999998E+31      0.99999998E+31      0.99999998E+31      0.99999998E+31      0.99999998E+31      0.99999998E+31
      0.99999998E+31       1416.6836           1418.2478           1420.4901           1423.0190           1426.8928           1434.3215           1438.8502           1442.3688           1446.6694    
       1457.6957           1454.2623           1455.2744           1467.9501           1489.2955           1500.3149           1500.0403          0.99999998E+31      0.99999998E+31      0.99999998E+31
      0.99999998E+31      0.99999998E+31      0.99999998E+31      0.99999998E+31      0.99999998E+31      0.99999998E+31      0.99999998E+31      0.99999998E+31      0.99999998E+31      0.99999998E+31
      0.99999998E+31      0.99999998E+31      0.99999998E+31      0.99999998E+31      0.99999998E+31      0.99999998E+31      0.99999998E+31      0.99999998E+31      0.99999998E+31      0.99999998E+31
      0.99999998E+31      0.99999998E+31      0.99999998E+31      0.99999998E+31      0.99999998E+31      0.99999998E+31      0.99999998E+31      0.99999998E+31      0.99999998E+31      0.99999998E+31
      0.99999998E+31      0.99999998E+31      0.99999998E+31      0.99999998E+31      0.99999998E+31      0.99999998E+31      0.99999998E+31      0.99999998E+31      0.99999998E+31      0.99999998E+31
      0.99999998E+31      0.99999998E+31      0.99999998E+31      0.99999998E+31      0.99999998E+31      0.99999998E+31      0.99999998E+31      0.99999998E+31      0.99999998E+31      0.99999998E+31
      0.99999998E+31      0.99999998E+31      0.99999998E+31      0.99999998E+31      0.99999998E+31      0.99999998E+31      0.99999998E+31      0.99999998E+31      0.99999998E+31      0.99999998E+31
      0.99999998E+31      0.99999998E+31      0.99999998E+31      0.99999998E+31      0.99999998E+31      0.99999998E+31      0.99999998E+31      0.99999998E+31      0.99999998E+31      0.99999998E+31
      0.99999998E+31      0.99999998E+31      0.99999998E+31      0.99999998E+31      0.99999998E+31      0.99999998E+31      0.99999998E+31      0.99999998E+31      0.99999998E+31      0.99999998E+31
      0.99999998E+31      0.99999998E+31      0.99999998E+31      0.99999998E+31      0.99999998E+31      0.99999998E+31      0.99999998E+31      0.99999998E+31      0.99999998E+31      0.99999998E+31
      0.99999998E+31      0.99999998E+31
      0.99999998E+31      0.99999998E+31      0.99999998E+31      0.99999998E+31      0.99999998E+31      0.99999998E+31      0.99999998E+31      0.99999998E+31      0.99999998E+31      0.99999998E+31
      0.99999998E+31      0.99999998E+31      0.99999998E+31      0.99999998E+31      0.99999998E+31      0.99999998E+31      0.99999998E+31      0.99999998E+31      0.99999998E+31      0.99999998E+31
      0.99999998E+31      0.99999998E+31      0.99999998E+31      0.99999998E+31      0.99999998E+31      0.99999998E+31      0.99999998E+31      0.99999998E+31      0.99999998E+31      0.99999998E+31
      0.99999998E+31      0.99999998E+31      0.99999998E+31      0.99999998E+31      0.99999998E+31      0.99999998E+31      0.99999998E+31      0.99999998E+31      0.99999998E+31      0.99999998E+31
      0.99999998E+31      0.99999998E+31      0.99999998E+31      0.99999998E+31      0.99999998E+31      0.99999998E+31      0.99999998E+31      0.99999998E+31      0.99999998E+31      0.99999998E+31
      0.99999998E+31      0.99999998E+31      0.99999998E+31      0.99999998E+31      0.99999998E+31      0.99999998E+31      0.99999998E+31      0.99999998E+31      0.99999998E+31      0.99999998E+31
      0.99999998E+31       1540.1194           1527.5900           1511.4275           1498.6855           1488.3691           1479.9254           1478.3531           1479.0004           1476.0004    
       1433.0004           1383.0010           1378.0006           1332.0015           1330.0017           1473.0002           1566.0001           1572.0004           1566.0007           1573.0011    
       1593.0002           1618.0000           1632.0000           1626.0000           1612.0000          0.99999998E+31      0.99999998E+31      0.99999998E+31      0.99999998E+31      0.99999998E+31
      0.99999998E+31      0.99999998E+31      0.99999998E+31      0.99999998E+31      0.99999998E+31      0.99999998E+31      0.99999998E+31      0.99999998E+31      0.99999998E+31      0.99999998E+31
      0.99999998E+31      0.99999998E+31      0.99999998E+31      0.99999998E+31      0.99999998E+31      0.99999998E+31      0.99999998E+31       1405.3721           1405.8414           1406.7865    
       1408.3177           1411.2593           1413.5172           1415.4658           1417.2831           1418.9963          0.99999998E+31      0.99999998E+31      0.99999998E+31      0.99999998E+31
       1453.5477           1454.9424           1453.8804           1453.4832           1468.1167           1492.0942           1491.1135           1487.0319           1512.8896           1537.5377    
      0.99999998E+31      0.99999998E+31      0.99999998E+31      0.99999998E+31      0.99999998E+31      0.99999998E+31      0.99999998E+31      0.99999998E+31      0.99999998E+31      0.99999998E+31
      0.99999998E+31      0.99999998E+31      0.99999998E+31      0.99999998E+31      0.99999998E+31      0.99999998E+31      0.99999998E+31      0.99999998E+31      0.99999998E+31      0.99999998E+31
      0.99999998E+31      0.99999998E+31      0.99999998E+31      0.99999998E+31      0.99999998E+31      0.99999998E+31      0.99999998E+31      0.99999998E+31      0.99999998E+31      0.99999998E+31
      0.99999998E+31      0.99999998E+31      0.99999998E+31      0.99999998E+31      0.99999998E+31      0.99999998E+31      0.99999998E+31      0.99999998E+31      0.99999998E+31      0.99999998E+31
      0.99999998E+31      0.99999998E+31      0.99999998E+31      0.99999998E+31      0.99999998E+31      0.99999998E+31      0.99999998E+31      0.99999998E+31      0.99999998E+31      0.99999998E+31
      0.99999998E+31      0.99999998E+31      0.99999998E+31      0.99999998E+31      0.99999998E+31      0.99999998E+31      0.99999998E+31      0.99999998E+31      0.99999998E+31      0.99999998E+31
      0.99999998E+31      0.99999998E+31      0.99999998E+31      0.99999998E+31      0.99999998E+31      0.99999998E+31      0.99999998E+31      0.99999998E+31      0.99999998E+31      0.99999998E+31
      0.99999998E+31      0.99999998E+31      0.99999998E+31      0.99999998E+31      0.99999998E+31      0.99999998E+31      0.99999998E+31      0.99999998E+31      0.99999998E+31      0.99999998E+31
      0.99999998E+31      0.99999998E+31      0.99999998E+31      0.99999998E+31      0.99999998E+31      0.99999998E+31      0.99999998E+31      0.99999998E+31      0.99999998E+31      0.99999998E+31
      0.99999998E+31      0.99999998E+31
      0.99999998E+31      0.99999998E+31      0.99999998E+31      0.99999998E+31      0.99999998E+31      0.99999998E+31      0.99999998E+31      0.99999998E+31      0.99999998E+31      0.99999998E+31
      0.99999998E+31      0.99999998E+31      0.99999998E+31      0.99999998E+31      0.99999998E+31      0.99999998E+31      0.99999998E+31      0.99999998E+31      0.99999998E+31      0.99999998E+31
      0.99999998E+31      0.99999998E+31      0.99999998E+31      0.99999998E+31      0.99999998E+31      0.99999998E+31      0.99999998E+31      0.99999998E+31      0.99999998E+31      0.99999998E+31
      0.99999998E+31      0.99999998E+31      0.99999998E+31      0.99999998E+31      0.99999998E+31      0.99999998E+31      0.99999998E+31      0.99999998E+31      0.99999998E+31      0.99999998E+31
      0.99999998E+31      0.99999998E+31      0.99999998E+31      0.99999998E+31      0.99999998E+31      0.99999998E+31      0.99999998E+31      0.99999998E+31      0.99999998E+31      0.99999998E+31
      0.99999998E+31      0.99999998E+31      0.99999998E+31      0.99999998E+31      0.99999998E+31      0.99999998E+31      0.99999998E+31      0.99999998E+31      0.99999998E+31      0.99999998E+31
      0.99999998E+31       1650.9260           1499.8790           1482.1666           1465.4504           1449.9556           1428.8983           1408.2755           1388.5176           1357.1108    
       1322.9094           1306.0187           1301.9218           1285.6469           1280.1278           1278.3540           1327.0007           1448.0002           1513.0002           1532.0007    
       1534.0006           1565.0000           1560.0000           1580.0000           1563.0000           1543.0000          0.99999998E+31      0.99999998E+31      0.99999998E+31      0.99999998E+31
      0.99999998E+31      0.99999998E+31      0.99999998E+31      0.99999998E+31      0.99999998E+31      0.99999998E+31      0.99999998E+31      0.99999998E+31      0.99999998E+31      0.99999998E+31
      0.99999998E+31      0.99999998E+31      0.99999998E+31      0.99999998E+31      0.99999998E+31      0.99999998E+31       1404.5120           1404.4426           1404.6814           1405.4553    
       1406.7559           1408.4557           1409.9279           1411.2058           1412.0160           1412.2966          0.99999998E+31      0.99999998E+31      0.99999998E+31      0.99999998E+31
      0.99999998E+31       1453.0090           1452.9591           1449.7864           1445.4734           1443.9884           1442.3467           1445.3773           1459.8142           1477.9065    
      0.99999998E+31      0.99999998E+31      0.99999998E+31      0.99999998E+31      0.99999998E+31      0.99999998E+31      0.99999998E+31      0.99999998E+31      0.99999998E+31      0.99999998E+31
      0.99999998E+31      0.99999998E+31      0.99999998E+31      0.99999998E+31      0.99999998E+31      0.99999998E+31      0.99999998E+31      0.99999998E+31      0.99999998E+31      0.99999998E+31
      0.99999998E+31      0.99999998E+31      0.99999998E+31      0.99999998E+31      0.99999998E+31      0.99999998E+31      0.99999998E+31      0.99999998E+31      0.99999998E+31      0.99999998E+31
      0.99999998E+31      0.99999998E+31      0.99999998E+31      0.99999998E+31      0.99999998E+31      0.99999998E+31      0.99999998E+31      0.99999998E+31      0.99999998E+31      0.99999998E+31
      0.99999998E+31      0.99999998E+31      0.99999998E+31      0.99999998E+31      0.99999998E+31      0.99999998E+31      0.99999998E+31      0.99999998E+31      0.99999998E+31      0.99999998E+31
      0.99999998E+31      0.99999998E+31      0.99999998E+31      0.99999998E+31      0.99999998E+31      0.99999998E+31      0.99999998E+31      0.99999998E+31      0.99999998E+31      0.99999998E+31
      0.99999998E+31      0.99999998E+31      0.99999998E+31      0.99999998E+31      0.99999998E+31      0.99999998E+31      0.99999998E+31      0.99999998E+31      0.99999998E+31      0.99999998E+31
      0.99999998E+31      0.99999998E+31      0.99999998E+31      0.99999998E+31      0.99999998E+31      0.99999998E+31      0.99999998E+31      0.99999998E+31      0.99999998E+31      0.99999998E+31
      0.99999998E+31      0.99999998E+31      0.99999998E+31      0.99999998E+31      0.99999998E+31      0.99999998E+31      0.99999998E+31      0.99999998E+31      0.99999998E+31      0.99999998E+31
      0.99999998E+31      0.99999998E+31
      0.99999998E+31      0.99999998E+31      0.99999998E+31      0.99999998E+31      0.99999998E+31      0.99999998E+31      0.99999998E+31      0.99999998E+31      0.99999998E+31      0.99999998E+31
      0.99999998E+31      0.99999998E+31      0.99999998E+31      0.99999998E+31      0.99999998E+31      0.99999998E+31      0.99999998E+31      0.99999998E+31      0.99999998E+31      0.99999998E+31
      0.99999998E+31      0.99999998E+31      0.99999998E+31      0.99999998E+31      0.99999998E+31      0.99999998E+31      0.99999998E+31      0.99999998E+31      0.99999998E+31      0.99999998E+31
      0.99999998E+31      0.99999998E+31      0.99999998E+31      0.99999998E+31      0.99999998E+31      0.99999998E+31      0.99999998E+31      0.99999998E+31      0.99999998E+31      0.99999998E+31
      0.99999998E+31      0.99999998E+31      0.99999998E+31      0.99999998E+31      0.99999998E+31      0.99999998E+31      0.99999998E+31      0.99999998E+31      0.99999998E+31      0.99999998E+31
      0.99999998E+31      0.99999998E+31      0.99999998E+31      0.99999998E+31      0.99999998E+31      0.99999998E+31      0.99999998E+31      0.99999998E+31      0.99999998E+31      0.99999998E+31
      0.99999998E+31       1621.0447           1474.3444           1454.5657           1438.5238           1422.8652           1403.6198           1382.9551           1366.9006           1347.5250    
       1323.7982           1303.4482           1294.5272           1286.5876           1280.4012           1278.1307           1276.8336           1276.2366           1374.0004           1486.0002    
       1512.0001           1490.0001           1509.0000           1524.0000           1504.0000           1487.0000          0.99999998E+31      0.99999998E+31      0.99999998E+31      0.99999998E+31
      0.99999998E+31      0.99999998E+31      0.99999998E+31      0.99999998E+31      0.99999998E+31      0.99999998E+31      0.99999998E+31      0.99999998E+31      0.99999998E+31      0.99999998E+31
      0.99999998E+31      0.99999998E+31      0.99999998E+31      0.99999998E+31       1410.2070           1407.9868           1404.6337           1403.5503           1403.3203           1403.5494    
       1404.2731           1405.1329           1406.1410           1406.7643           1406.8959           1406.5715          0.99999998E+31      0.99999998E+31      0.99999998E+31      0.99999998E+31
      0.99999998E+31      0.99999998E+31       1450.2391           1448.2020           1441.4926           1427.2539           1418.3798           1404.2556           1398.1550           1383.7908    
       1345.5928          0.99999998E+31      0.99999998E+31      0.99999998E+31      0.99999998E+31      0.99999998E+31      0.99999998E+31      0.99999998E+31      0.99999998E+31      0.99999998E+31
      0.99999998E+31      0.99999998E+31      0.99999998E+31      0.99999998E+31      0.99999998E+31      0.99999998E+31      0.99999998E+31      0.99999998E+31      0.99999998E+31      0.99999998E+31
      0.99999998E+31      0.99999998E+31      0.99999998E+31      0.99999998E+31      0.99999998E+31      0.99999998E+31      0.99999998E+31      0.99999998E+31      0.99999998E+31      0.99999998E+31
      0.99999998E+31      0.99999998E+31      0.99999998E+31      0.99999998E+31      0.99999998E+31      0.99999998E+31      0.99999998E+31      0.99999998E+31      0.99999998E+31      0.99999998E+31
      0.99999998E+31      0.99999998E+31      0.99999998E+31      0.99999998E+31      0.99999998E+31      0.99999998E+31      0.99999998E+31      0.99999998E+31      0.99999998E+31      0.99999998E+31
      0.99999998E+31      0.99999998E+31      0.99999998E+31      0.99999998E+31      0.99999998E+31      0.99999998E+31      0.99999998E+31      0.99999998E+31      0.99999998E+31      0.99999998E+31
      0.99999998E+31      0.99999998E+31      0.99999998E+31      0.99999998E+31      0.99999998E+31      0.99999998E+31      0.99999998E+31      0.99999998E+31      0.99999998E+31      0.99999998E+31
      0.99999998E+31      0.99999998E+31      0.99999998E+31      0.99999998E+31      0.99999998E+31      0.99999998E+31      0.99999998E+31      0.99999998E+31      0.99999998E+31      0.99999998E+31
      0.99999998E+31      0.99999998E+31      0.99999998E+31      0.99999998E+31      0.99999998E+31      0.99999998E+31      0.99999998E+31      0.99999998E+31      0.99999998E+31      0.99999998E+31
      0.99999998E+31      0.99999998E+31
      0.99999998E+31      0.99999998E+31      0.99999998E+31      0.99999998E+31      0.99999998E+31      0.99999998E+31      0.99999998E+31      0.99999998E+31      0.99999998E+31      0.99999998E+31
      0.99999998E+31      0.99999998E+31      0.99999998E+31      0.99999998E+31      0.99999998E+31      0.99999998E+31      0.99999998E+31      0.99999998E+31      0.99999998E+31      0.99999998E+31
      0.99999998E+31      0.99999998E+31      0.99999998E+31      0.99999998E+31      0.99999998E+31      0.99999998E+31      0.99999998E+31      0.99999998E+31      0.99999998E+31      0.99999998E+31
      0.99999998E+31      0.99999998E+31      0.99999998E+31      0.99999998E+31      0.99999998E+31      0.99999998E+31      0.99999998E+31      0.99999998E+31      0.99999998E+31      0.99999998E+31
      0.99999998E+31      0.99999998E+31      0.99999998E+31      0.99999998E+31      0.99999998E+31      0.99999998E+31      0.99999998E+31      0.99999998E+31      0.99999998E+31      0.99999998E+31
      0.99999998E+31      0.99999998E+31      0.99999998E+31      0.99999998E+31      0.99999998E+31      0.99999998E+31      0.99999998E+31      0.99999998E+31      0.99999998E+31      0.99999998E+31
      0.99999998E+31       1636.3658           1449.3413           1429.5183           1415.6832           1401.6824           1388.1068           1372.4167           1354.2535           1335.3322    
       1317.0115           1302.1833           1293.1494           1285.9020           1280.7667           1278.2139           1276.8632           1276.0784           1275.8557           1345.0002    
       1460.0001           1460.0000           1453.0000           1463.0000           1460.0000           1445.0000          0.99999998E+31      0.99999998E+31      0.99999998E+31      0.99999998E+31
      0.99999998E+31      0.99999998E+31      0.99999998E+31      0.99999998E+31      0.99999998E+31      0.99999998E+31      0.99999998E+31      0.99999998E+31      0.99999998E+31      0.99999998E+31
      0.99999998E+31      0.99999998E+31      0.99999998E+31      0.99999998E+31       1408.6033           1406.9868           1403.7092           1402.5757           1402.0861           1401.9800    
       1402.1034           1402.3483           1402.2874           1401.9858           1401.2517           1399.8826           1396.9885          0.99999998E+31      0.99999998E+31      0.99999998E+31
      0.99999998E+31      0.99999998E+31      0.99999998E+31       1439.9475           1431.1760           1419.1288           1396.4801           1378.1764           1356.4919           1334.0200    
       1340.5314           1497.7499           1521.4308          0.99999998E+31      0.99999998E+31      0.99999998E+31      0.99999998E+31      0.99999998E+31      0.99999998E+31      0.99999998E+31
      0.99999998E+31      0.99999998E+31      0.99999998E+31      0.99999998E+31      0.99999998E+31      0.99999998E+31      0.99999998E+31      0.99999998E+31      0.99999998E+31      0.99999998E+31
      0.99999998E+31      0.99999998E+31      0.99999998E+31      0.99999998E+31      0.99999998E+31      0.99999998E+31      0.99999998E+31      0.99999998E+31      0.99999998E+31      0.99999998E+31
      0.99999998E+31      0.99999998E+31      0.99999998E+31      0.99999998E+31      0.99999998E+31      0.99999998E+31      0.99999998E+31      0.99999998E+31      0.99999998E+31      0.99999998E+31
      0.99999998E+31      0.99999998E+31      0.99999998E+31      0.99999998E+31      0.99999998E+31      0.99999998E+31      0.99999998E+31      0.99999998E+31      0.99999998E+31      0.99999998E+31
      0.99999998E+31      0.99999998E+31      0.99999998E+31      0.99999998E+31      0.99999998E+31      0.99999998E+31      0.99999998E+31      0.99999998E+31      0.99999998E+31      0.99999998E+31
      0.99999998E+31      0.99999998E+31      0.99999998E+31      0.99999998E+31      0.99999998E+31      0.99999998E+31      0.99999998E+31      0.99999998E+31      0.99999998E+31      0.99999998E+31
      0.99999998E+31      0.99999998E+31      0.99999998E+31      0.99999998E+31      0.99999998E+31      0.99999998E+31      0.99999998E+31      0.99999998E+31      0.99999998E+31      0.99999998E+31
      0.99999998E+31      0.99999998E+31      0.99999998E+31      0.99999998E+31      0.99999998E+31      0.99999998E+31      0.99999998E+31      0.99999998E+31      0.99999998E+31      0.99999998E+31
      0.99999998E+31      0.99999998E+31
      0.99999998E+31      0.99999998E+31      0.99999998E+31      0.99999998E+31      0.99999998E+31      0.99999998E+31      0.99999998E+31      0.99999998E+31      0.99999998E+31      0.99999998E+31
      0.99999998E+31      0.99999998E+31      0.99999998E+31      0.99999998E+31      0.99999998E+31      0.99999998E+31      0.99999998E+31      0.99999998E+31      0.99999998E+31      0.99999998E+31
      0.99999998E+31      0.99999998E+31      0.99999998E+31      0.99999998E+31      0.99999998E+31      0.99999998E+31      0.99999998E+31      0.99999998E+31      0.99999998E+31      0.99999998E+31
      0.99999998E+31      0.99999998E+31      0.99999998E+31      0.99999998E+31      0.99999998E+31      0.99999998E+31      0.99999998E+31      0.99999998E+31      0.99999998E+31      0.99999998E+31
      0.99999998E+31      0.99999998E+31      0.99999998E+31      0.99999998E+31      0.99999998E+31      0.99999998E+31      0.99999998E+31      0.99999998E+31      0.99999998E+31      0.99999998E+31
      0.99999998E+31      0.99999998E+31      0.99999998E+31      0.99999998E+31      0.99999998E+31      0.99999998E+31      0.99999998E+31       1640.7217           1612.8058           1559.7235    
       1620.9288           1478.5009           1424.5946           1406.2788           1394.1320           1382.4235           1370.0607           1356.1764           1339.5225           1322.7825    
       1309.6750           1299.3986           1291.7875           1285.0758           1280.8602           1278.3639           1276.9662           1276.5068           1276.9700           1278.8826    
       1281.6355           1285.4598           1290.3995           1296.2006           1301.7113           1305.2152          0.99999998E+31      0.99999998E+31      0.99999998E+31      0.99999998E+31
      0.99999998E+31      0.99999998E+31      0.99999998E+31      0.99999998E+31      0.99999998E+31      0.99999998E+31      0.99999998E+31      0.99999998E+31      0.99999998E+31      0.99999998E+31
      0.99999998E+31      0.99999998E+31      0.99999998E+31       1401.7133           1403.8997           1403.9926           1402.3008           1401.3673           1400.7610           1400.4807    
       1400.2002           1399.7517           1399.0920           1397.9891           1396.5599           1394.8237           1393.5443          0.99999998E+31      0.99999998E+31      0.99999998E+31
      0.99999998E+31      0.99999998E+31      0.99999998E+31      0.99999998E+31       1417.8668           1397.2230           1378.3281           1357.7135           1335.2603           1312.8004    
       1295.3412           1360.3337           1462.9360          0.99999998E+31      0.99999998E+31      0.99999998E+31      0.99999998E+31      0.99999998E+31      0.99999998E+31      0.99999998E+31
      0.99999998E+31      0.99999998E+31      0.99999998E+31      0.99999998E+31      0.99999998E+31      0.99999998E+31      0.99999998E+31      0.99999998E+31      0.99999998E+31      0.99999998E+31
      0.99999998E+31      0.99999998E+31      0.99999998E+31      0.99999998E+31      0.99999998E+31      0.99999998E+31      0.99999998E+31      0.99999998E+31      0.99999998E+31      0.99999998E+31
      0.99999998E+31      0.99999998E+31      0.99999998E+31      0.99999998E+31      0.99999998E+31      0.99999998E+31      0.99999998E+31      0.99999998E+31      0.99999998E+31      0.99999998E+31
      0.99999998E+31      0.99999998E+31      0.99999998E+31      0.99999998E+31      0.99999998E+31      0.99999998E+31      0.99999998E+31      0.99999998E+31      0.99999998E+31      0.99999998E+31
      0.99999998E+31      0.99999998E+31      0.99999998E+31      0.99999998E+31      0.99999998E+31      0.99999998E+31      0.99999998E+31      0.99999998E+31      0.99999998E+31      0.99999998E+31
      0.99999998E+31      0.99999998E+31      0.99999998E+31      0.99999998E+31      0.99999998E+31      0.99999998E+31      0.99999998E+31      0.99999998E+31      0.99999998E+31      0.99999998E+31
      0.99999998E+31      0.99999998E+31      0.99999998E+31      0.99999998E+31      0.99999998E+31      0.99999998E+31      0.99999998E+31      0.99999998E+31      0.99999998E+31      0.99999998E+31
      0.99999998E+31      0.99999998E+31      0.99999998E+31      0.99999998E+31      0.99999998E+31      0.99999998E+31      0.99999998E+31      0.99999998E+31      0.99999998E+31      0.99999998E+31
      0.99999998E+31      0.99999998E+31
      0.99999998E+31      0.99999998E+31      0.99999998E+31      0.99999998E+31      0.99999998E+31      0.99999998E+31      0.99999998E+31      0.99999998E+31      0.99999998E+31      0.99999998E+31
      0.99999998E+31      0.99999998E+31      0.99999998E+31      0.99999998E+31      0.99999998E+31      0.99999998E+31      0.99999998E+31      0.99999998E+31      0.99999998E+31      0.99999998E+31
      0.99999998E+31      0.99999998E+31      0.99999998E+31      0.99999998E+31      0.99999998E+31      0.99999998E+31       1265.8622           1267.8956           1268.3595           1267.3104    
       1266.9492           1260.4894           1256.8228           1256.2109           1255.9910           1254.7543           1257.9978           1260.3400           1261.7651           1261.9907    
       1261.5198           1260.1234           1267.3234           1275.5599           1280.7740           1278.9795           1271.4036           1269.6322           1268.8422          0.99999998E+31
      0.99999998E+31      0.99999998E+31      0.99999998E+31      0.99999998E+31      0.99999998E+31      0.99999998E+31      0.99999998E+31       1606.8007           1493.8871           1501.2277    
       1471.6886           1417.3871           1401.0652           1384.2317           1374.5334           1364.6206           1353.8544           1341.2616           1326.9413           1313.0070    
       1302.4807           1294.9258           1289.8582           1284.5308           1280.6302           1277.9713           1276.0042           1277.0464           1278.1719           1280.5599    
       1284.1643           1289.2937           1295.9043           1302.9222           1308.6443           1312.3241          0.99999998E+31      0.99999998E+31      0.99999998E+31      0.99999998E+31
      0.99999998E+31      0.99999998E+31      0.99999998E+31      0.99999998E+31      0.99999998E+31      0.99999998E+31      0.99999998E+31      0.99999998E+31      0.99999998E+31      0.99999998E+31
      0.99999998E+31      0.99999998E+31      0.99999998E+31       1399.2551           1401.6730           1401.8818           1400.7838           1399.9840           1399.2792           1399.0826    
       1398.6190           1397.8802           1396.9258           1395.0826           1392.4874           1389.5247           1388.0747          0.99999998E+31      0.99999998E+31      0.99999998E+31
      0.99999998E+31      0.99999998E+31      0.99999998E+31      0.99999998E+31      0.99999998E+31       1387.1486           1371.5598           1344.5797           1320.6979           1295.4786    
       1272.5892           1256.3191           1320.1196           1225.5742           1219.0618           1212.2325          0.99999998E+31      0.99999998E+31      0.99999998E+31      0.99999998E+31
      0.99999998E+31      0.99999998E+31      0.99999998E+31      0.99999998E+31      0.99999998E+31      0.99999998E+31      0.99999998E+31      0.99999998E+31      0.99999998E+31      0.99999998E+31
      0.99999998E+31      0.99999998E+31      0.99999998E+31      0.99999998E+31      0.99999998E+31      0.99999998E+31      0.99999998E+31      0.99999998E+31      0.99999998E+31      0.99999998E+31
      0.99999998E+31      0.99999998E+31      0.99999998E+31      0.99999998E+31      0.99999998E+31      0.99999998E+31      0.99999998E+31      0.99999998E+31      0.99999998E+31      0.99999998E+31
      0.99999998E+31      0.99999998E+31      0.99999998E+31      0.99999998E+31      0.99999998E+31      0.99999998E+31      0.99999998E+31      0.99999998E+31      0.99999998E+31      0.99999998E+31
      0.99999998E+31      0.99999998E+31      0.99999998E+31      0.99999998E+31      0.99999998E+31      0.99999998E+31      0.99999998E+31      0.99999998E+31      0.99999998E+31      0.99999998E+31
      0.99999998E+31      0.99999998E+31      0.99999998E+31      0.99999998E+31      0.99999998E+31      0.99999998E+31      0.99999998E+31      0.99999998E+31      0.99999998E+31      0.99999998E+31
      0.99999998E+31      0.99999998E+31      0.99999998E+31      0.99999998E+31      0.99999998E+31      0.99999998E+31      0.99999998E+31      0.99999998E+31      0.99999998E+31      0.99999998E+31
      0.99999998E+31      0.99999998E+31      0.99999998E+31      0.99999998E+31      0.99999998E+31      0.99999998E+31      0.99999998E+31      0.99999998E+31      0.99999998E+31      0.99999998E+31
      0.99999998E+31      0.99999998E+31
      0.99999998E+31      0.99999998E+31      0.99999998E+31      0.99999998E+31      0.99999998E+31      0.99999998E+31      0.99999998E+31      0.99999998E+31      0.99999998E+31      0.99999998E+31
      0.99999998E+31      0.99999998E+31      0.99999998E+31      0.99999998E+31      0.99999998E+31      0.99999998E+31      0.99999998E+31      0.99999998E+31      0.99999998E+31      0.99999998E+31
      0.99999998E+31      0.99999998E+31      0.99999998E+31      0.99999998E+31      0.99999998E+31      0.99999998E+31       1235.7678           1235.7725           1235.8176           1235.9183    
       1236.1118           1236.4069           1236.9408           1237.9236           1239.3091           1240.6660           1243.2213           1245.5927           1246.7977           1247.2164    
       1247.3435           1246.1543           1246.3718           1246.8042           1247.3964           1248.2089           1249.5677           1252.4574           1256.8673           1274.2333    
       1279.2797           1283.6416           1297.7457           1307.7618           1318.1100           1330.5396           1346.6401           1399.0159           1397.0928           1441.0652    
       1394.1178           1386.6787           1376.4275           1364.3339           1356.6460           1348.4376           1339.4877           1328.5380           1315.6704           1304.6736    
       1296.1628           1290.0206           1285.7048           1282.7633           1279.9479           1276.3284           1275.9701           1276.5922           1279.1899           1282.3804    
       1287.3662           1294.1528           1302.7997           1312.0731           1320.2126           1324.9763          0.99999998E+31      0.99999998E+31      0.99999998E+31      0.99999998E+31
      0.99999998E+31      0.99999998E+31      0.99999998E+31      0.99999998E+31      0.99999998E+31      0.99999998E+31      0.99999998E+31      0.99999998E+31      0.99999998E+31      0.99999998E+31
      0.99999998E+31      0.99999998E+31      0.99999998E+31       1394.4108           1397.7600           1399.1918           1398.8621           1398.2183           1397.9618           1397.4409    
       1396.9818           1396.2235           1394.8400           1392.2255           1388.3246           1383.6504           1379.2291           1371.4945           1367.3828          0.99999998E+31
      0.99999998E+31      0.99999998E+31      0.99999998E+31      0.99999998E+31      0.99999998E+31      0.99999998E+31       1351.0001           1337.2919           1309.4742           1285.4724    
       1252.6002           1232.8214           1217.9963           1207.0583           1199.1417           1196.6738           1197.5529           1197.0629           1203.5399           1211.7963    
      0.99999998E+31      0.99999998E+31      0.99999998E+31      0.99999998E+31      0.99999998E+31      0.99999998E+31      0.99999998E+31      0.99999998E+31      0.99999998E+31      0.99999998E+31
      0.99999998E+31      0.99999998E+31      0.99999998E+31      0.99999998E+31      0.99999998E+31      0.99999998E+31      0.99999998E+31      0.99999998E+31      0.99999998E+31      0.99999998E+31
      0.99999998E+31      0.99999998E+31      0.99999998E+31      0.99999998E+31      0.99999998E+31      0.99999998E+31      0.99999998E+31      0.99999998E+31      0.99999998E+31      0.99999998E+31
      0.99999998E+31      0.99999998E+31      0.99999998E+31      0.99999998E+31      0.99999998E+31      0.99999998E+31      0.99999998E+31      0.99999998E+31      0.99999998E+31      0.99999998E+31
      0.99999998E+31      0.99999998E+31      0.99999998E+31      0.99999998E+31      0.99999998E+31      0.99999998E+31      0.99999998E+31      0.99999998E+31      0.99999998E+31      0.99999998E+31
      0.99999998E+31      0.99999998E+31      0.99999998E+31      0.99999998E+31      0.99999998E+31      0.99999998E+31      0.99999998E+31      0.99999998E+31      0.99999998E+31      0.99999998E+31
      0.99999998E+31      0.99999998E+31      0.99999998E+31      0.99999998E+31      0.99999998E+31      0.99999998E+31      0.99999998E+31      0.99999998E+31      0.99999998E+31      0.99999998E+31
      0.99999998E+31      0.99999998E+31      0.99999998E+31      0.99999998E+31      0.99999998E+31      0.99999998E+31      0.99999998E+31      0.99999998E+31      0.99999998E+31      0.99999998E+31
      0.99999998E+31      0.99999998E+31
      0.99999998E+31      0.99999998E+31      0.99999998E+31      0.99999998E+31      0.99999998E+31      0.99999998E+31      0.99999998E+31      0.99999998E+31      0.99999998E+31      0.99999998E+31
      0.99999998E+31      0.99999998E+31      0.99999998E+31      0.99999998E+31      0.99999998E+31      0.99999998E+31      0.99999998E+31      0.99999998E+31      0.99999998E+31      0.99999998E+31
      0.99999998E+31      0.99999998E+31      0.99999998E+31      0.99999998E+31      0.99999998E+31      0.99999998E+31       1235.3102           1235.2748           1235.2656           1235.2916    
       1235.3596           1235.4663           1235.6426           1236.4863           1237.1194           1237.6431           1238.6423           1240.3386           1242.2928           1243.3396    
       1243.5721           1243.9940           1244.6664           1245.4573           1246.3175           1247.3169           1248.6777           1250.9510           1256.6910           1261.8822    
       1265.9241           1272.0906           1282.5273           1292.0879           1299.2784           1310.0637           1323.7729           1339.5283           1351.6505           1372.9800    
       1359.8494           1356.7405           1352.1438           1347.6720           1341.4946           1333.9492           1325.8931           1316.6671           1306.4779           1297.8312    
       1291.1349           1286.2686           1282.7915           1280.1556           1278.1636           1275.3882           1275.5380           1276.6713           1279.2395           1282.8434    
       1290.6705           1301.5243           1314.6777           1330.3352           1346.3245           1359.6805          0.99999998E+31      0.99999998E+31      0.99999998E+31      0.99999998E+31
      0.99999998E+31      0.99999998E+31      0.99999998E+31      0.99999998E+31      0.99999998E+31      0.99999998E+31      0.99999998E+31      0.99999998E+31      0.99999998E+31      0.99999998E+31
      0.99999998E+31      0.99999998E+31      0.99999998E+31       1388.9703           1392.6180           1394.7006           1395.1230           1395.1499           1395.9310           1395.8876    
       1395.6047           1395.1331           1393.7909           1390.8776           1385.9559           1379.5195           1372.9395           1365.7494           1358.4630           1348.6130    
       1342.6281           1316.3733           1309.9136          0.99999998E+31      0.99999998E+31      0.99999998E+31      0.99999998E+31      0.99999998E+31      0.99999998E+31      0.99999998E+31
       1225.9233           1213.3787           1201.8667           1193.6273           1187.9097           1182.6947           1197.7190           1196.9326           1189.3396           1189.5927    
       1211.2432           1418.8765           1507.0487           1542.1176          0.99999998E+31      0.99999998E+31      0.99999998E+31      0.99999998E+31      0.99999998E+31      0.99999998E+31
      0.99999998E+31      0.99999998E+31      0.99999998E+31      0.99999998E+31      0.99999998E+31      0.99999998E+31      0.99999998E+31      0.99999998E+31      0.99999998E+31      0.99999998E+31
      0.99999998E+31      0.99999998E+31      0.99999998E+31      0.99999998E+31      0.99999998E+31      0.99999998E+31      0.99999998E+31      0.99999998E+31      0.99999998E+31      0.99999998E+31
      0.99999998E+31      0.99999998E+31      0.99999998E+31      0.99999998E+31      0.99999998E+31      0.99999998E+31      0.99999998E+31      0.99999998E+31      0.99999998E+31      0.99999998E+31
      0.99999998E+31      0.99999998E+31      0.99999998E+31      0.99999998E+31      0.99999998E+31      0.99999998E+31      0.99999998E+31      0.99999998E+31      0.99999998E+31      0.99999998E+31
      0.99999998E+31      0.99999998E+31      0.99999998E+31      0.99999998E+31      0.99999998E+31      0.99999998E+31      0.99999998E+31      0.99999998E+31      0.99999998E+31      0.99999998E+31
      0.99999998E+31      0.99999998E+31      0.99999998E+31      0.99999998E+31      0.99999998E+31      0.99999998E+31      0.99999998E+31      0.99999998E+31      0.99999998E+31      0.99999998E+31
      0.99999998E+31      0.99999998E+31      0.99999998E+31      0.99999998E+31      0.99999998E+31      0.99999998E+31      0.99999998E+31      0.99999998E+31      0.99999998E+31      0.99999998E+31
      0.99999998E+31      0.99999998E+31
      0.99999998E+31      0.99999998E+31      0.99999998E+31      0.99999998E+31      0.99999998E+31      0.99999998E+31      0.99999998E+31      0.99999998E+31      0.99999998E+31      0.99999998E+31
      0.99999998E+31      0.99999998E+31      0.99999998E+31      0.99999998E+31      0.99999998E+31      0.99999998E+31      0.99999998E+31      0.99999998E+31      0.99999998E+31      0.99999998E+31
      0.99999998E+31      0.99999998E+31      0.99999998E+31      0.99999998E+31      0.99999998E+31      0.99999998E+31       1234.8035           1234.7566           1234.6820           1234.5852    
       1234.5074           1234.4421           1234.4568           1234.6149           1234.6685           1234.5515           1234.6688           1235.1849           1236.9940           1238.7612    
       1240.2913           1241.5161           1242.6825           1243.8939           1244.9825           1246.2589           1247.8138           1250.1565           1254.1438           1258.7639    
       1263.4243           1269.5103           1276.8241           1284.1968           1291.6229           1300.4833           1311.0656           1321.8748           1331.4694           1338.5393    
       1341.6537           1341.4036           1338.9502           1334.7664           1329.0201           1321.7188           1314.1923           1306.5022           1298.9396           1292.2390    
       1286.8535           1282.9576           1280.1455           1277.9320           1276.4497           1273.1355           1274.0391           1276.1357           1279.6589           1284.5062    
       1292.9517           1305.7577           1324.3092           1345.2183           1365.7418           1384.8206          0.99999998E+31      0.99999998E+31      0.99999998E+31      0.99999998E+31
      0.99999998E+31      0.99999998E+31      0.99999998E+31      0.99999998E+31      0.99999998E+31      0.99999998E+31      0.99999998E+31      0.99999998E+31      0.99999998E+31      0.99999998E+31
      0.99999998E+31      0.99999998E+31      0.99999998E+31       1385.0144           1388.3873           1389.8260           1390.2463           1390.3527           1391.3151           1392.2542    
       1392.1119           1393.1735           1392.8496           1389.8313           1383.1879           1373.2648           1365.4983           1358.0057           1351.1775           1344.2080    
       1336.5614           1319.3450           1301.6008           1290.5652           1284.0110          0.99999998E+31      0.99999998E+31      0.99999998E+31      0.99999998E+31      0.99999998E+31
       1214.7803           1201.2766           1190.2144           1183.2772           1178.2094           1195.8729           1204.2770           1203.9399           1195.4463           1278.4088    
       1197.9205           1229.3785           1438.4471           1503.2198          0.99999998E+31      0.99999998E+31      0.99999998E+31      0.99999998E+31      0.99999998E+31      0.99999998E+31
      0.99999998E+31      0.99999998E+31      0.99999998E+31      0.99999998E+31      0.99999998E+31      0.99999998E+31      0.99999998E+31      0.99999998E+31      0.99999998E+31      0.99999998E+31
      0.99999998E+31      0.99999998E+31      0.99999998E+31      0.99999998E+31      0.99999998E+31      0.99999998E+31      0.99999998E+31      0.99999998E+31      0.99999998E+31      0.99999998E+31
      0.99999998E+31      0.99999998E+31      0.99999998E+31      0.99999998E+31      0.99999998E+31      0.99999998E+31      0.99999998E+31      0.99999998E+31      0.99999998E+31      0.99999998E+31
      0.99999998E+31      0.99999998E+31      0.99999998E+31      0.99999998E+31      0.99999998E+31      0.99999998E+31      0.99999998E+31      0.99999998E+31      0.99999998E+31      0.99999998E+31
      0.99999998E+31      0.99999998E+31      0.99999998E+31      0.99999998E+31      0.99999998E+31      0.99999998E+31      0.99999998E+31      0.99999998E+31      0.99999998E+31      0.99999998E+31
      0.99999998E+31      0.99999998E+31      0.99999998E+31      0.99999998E+31      0.99999998E+31      0.99999998E+31      0.99999998E+31      0.99999998E+31      0.99999998E+31      0.99999998E+31
      0.99999998E+31      0.99999998E+31      0.99999998E+31      0.99999998E+31      0.99999998E+31      0.99999998E+31      0.99999998E+31      0.99999998E+31      0.99999998E+31      0.99999998E+31
      0.99999998E+31      0.99999998E+31
      0.99999998E+31      0.99999998E+31      0.99999998E+31      0.99999998E+31      0.99999998E+31      0.99999998E+31      0.99999998E+31      0.99999998E+31      0.99999998E+31      0.99999998E+31
      0.99999998E+31      0.99999998E+31      0.99999998E+31      0.99999998E+31      0.99999998E+31      0.99999998E+31      0.99999998E+31      0.99999998E+31      0.99999998E+31      0.99999998E+31
      0.99999998E+31      0.99999998E+31      0.99999998E+31      0.99999998E+31      0.99999998E+31      0.99999998E+31       1234.3699           1234.2941           1234.1501           1233.8988    
       1233.5519           1233.0505           1232.5469           1232.1903           1232.0009           1232.1843           1232.5092           1233.1490           1234.2560           1235.8815    
       1237.4666           1239.0044           1240.5387           1242.0841           1243.3706           1244.8682           1246.7190           1249.0667           1252.3678           1256.3663    
       1260.9006           1265.9760           1271.8010           1278.1981           1284.7344           1291.9529           1300.1365           1308.3616           1315.2688           1321.8590    
       1326.2455           1327.7290           1326.8054           1323.5992           1317.8226           1310.9830           1304.0701           1297.8213           1292.2155           1287.1516    
       1282.9521           1279.8051           1277.4409           1275.1227           1274.3975           1269.6973           1271.0778           1273.8949           1278.5314           1286.0836    
       1296.9237           1313.4872           1335.5485           1359.8403           1386.1309           1408.2301           1433.7281           1448.2302          0.99999998E+31      0.99999998E+31
      0.99999998E+31      0.99999998E+31      0.99999998E+31      0.99999998E+31      0.99999998E+31      0.99999998E+31      0.99999998E+31      0.99999998E+31      0.99999998E+31      0.99999998E+31
      0.99999998E+31      0.99999998E+31      0.99999998E+31       1384.1829           1384.5270           1384.5934           1383.5409           1384.1067           1384.2511           1384.6134    
       1386.2422           1389.1376          0.99999998E+31      0.99999998E+31      0.99999998E+31       1366.1665           1359.7679           1350.7762           1343.2433           1336.0723    
       1328.1719           1319.5300           1292.9465           1282.5587           1274.5272           1268.2896           1260.8982          0.99999998E+31      0.99999998E+31      0.99999998E+31
      0.99999998E+31       1192.2789           1180.3536           1175.1479           1178.8071           1182.8705           1187.1956           1191.1632           1201.5208           1220.7563    
       1241.9385           1188.9244           1232.2557           1439.0671           1487.6715           1512.1775          0.99999998E+31      0.99999998E+31      0.99999998E+31      0.99999998E+31
      0.99999998E+31      0.99999998E+31      0.99999998E+31      0.99999998E+31      0.99999998E+31      0.99999998E+31      0.99999998E+31      0.99999998E+31      0.99999998E+31      0.99999998E+31
      0.99999998E+31      0.99999998E+31      0.99999998E+31      0.99999998E+31      0.99999998E+31      0.99999998E+31      0.99999998E+31      0.99999998E+31      0.99999998E+31      0.99999998E+31
      0.99999998E+31      0.99999998E+31      0.99999998E+31      0.99999998E+31      0.99999998E+31      0.99999998E+31      0.99999998E+31      0.99999998E+31      0.99999998E+31      0.99999998E+31
      0.99999998E+31      0.99999998E+31      0.99999998E+31      0.99999998E+31      0.99999998E+31      0.99999998E+31      0.99999998E+31      0.99999998E+31      0.99999998E+31      0.99999998E+31
      0.99999998E+31      0.99999998E+31      0.99999998E+31      0.99999998E+31      0.99999998E+31      0.99999998E+31      0.99999998E+31      0.99999998E+31      0.99999998E+31      0.99999998E+31
      0.99999998E+31      0.99999998E+31      0.99999998E+31      0.99999998E+31      0.99999998E+31      0.99999998E+31      0.99999998E+31      0.99999998E+31      0.99999998E+31      0.99999998E+31
      0.99999998E+31      0.99999998E+31      0.99999998E+31      0.99999998E+31      0.99999998E+31      0.99999998E+31      0.99999998E+31      0.99999998E+31      0.99999998E+31      0.99999998E+31
      0.99999998E+31      0.99999998E+31
      0.99999998E+31      0.99999998E+31      0.99999998E+31      0.99999998E+31      0.99999998E+31      0.99999998E+31      0.99999998E+31      0.99999998E+31      0.99999998E+31      0.99999998E+31
      0.99999998E+31      0.99999998E+31      0.99999998E+31      0.99999998E+31      0.99999998E+31      0.99999998E+31      0.99999998E+31      0.99999998E+31      0.99999998E+31      0.99999998E+31
      0.99999998E+31      0.99999998E+31      0.99999998E+31      0.99999998E+31      0.99999998E+31      0.99999998E+31       1234.0262           1233.9280           1233.7456           1233.3864    
       1232.6953           1231.8950           1231.2070           1230.7150           1230.4791           1230.5223           1230.7473           1231.2496           1232.1433           1233.4800    
       1235.1027           1236.5483           1237.9409           1239.5746           1241.2317           1243.0291           1245.2094           1247.7152           1250.7289           1254.2007    
       1258.1643           1262.5222           1267.1886           1272.3361           1278.0902           1284.5198           1291.0203           1298.3314           1304.0215           1308.6968    
       1312.4510           1314.6527           1314.0668           1310.9659           1305.5911           1299.3903           1294.0360           1289.7372           1285.8798           1282.2021    
       1278.9329           1273.5430           1264.2380           1262.9792           1263.3329           1265.0410           1267.2468           1270.7936           1277.1438           1287.1023    
       1300.7329           1320.7802           1345.5077           1370.9393           1395.6173           1419.0015           1439.6372           1453.6686          0.99999998E+31      0.99999998E+31
      0.99999998E+31      0.99999998E+31      0.99999998E+31      0.99999998E+31      0.99999998E+31      0.99999998E+31      0.99999998E+31      0.99999998E+31      0.99999998E+31      0.99999998E+31
      0.99999998E+31      0.99999998E+31      0.99999998E+31       1377.2288           1376.5580           1377.0405           1371.5380           1376.0287           1377.1232           1377.9156    
       1378.3617          0.99999998E+31      0.99999998E+31      0.99999998E+31      0.99999998E+31       1358.8948           1354.9734           1344.7413           1336.9750           1328.5864    
       1321.6936           1309.2634           1283.4738           1274.2393           1267.8558           1260.1118           1252.1313           1245.7230           1243.9186          0.99999998E+31
      0.99999998E+31      0.99999998E+31       1171.0651           1168.6111           1174.8442           1178.9110           1183.3218           1184.9573           1187.1234           1199.1425    
       1179.4034           1168.5422           1183.1901           1215.6870           1441.9293           1493.9362          0.99999998E+31      0.99999998E+31      0.99999998E+31      0.99999998E+31
      0.99999998E+31      0.99999998E+31      0.99999998E+31      0.99999998E+31      0.99999998E+31      0.99999998E+31      0.99999998E+31      0.99999998E+31      0.99999998E+31      0.99999998E+31
      0.99999998E+31      0.99999998E+31      0.99999998E+31      0.99999998E+31      0.99999998E+31      0.99999998E+31      0.99999998E+31      0.99999998E+31      0.99999998E+31      0.99999998E+31
      0.99999998E+31      0.99999998E+31      0.99999998E+31      0.99999998E+31      0.99999998E+31      0.99999998E+31      0.99999998E+31      0.99999998E+31      0.99999998E+31      0.99999998E+31
      0.99999998E+31      0.99999998E+31      0.99999998E+31      0.99999998E+31      0.99999998E+31      0.99999998E+31      0.99999998E+31      0.99999998E+31      0.99999998E+31      0.99999998E+31
      0.99999998E+31      0.99999998E+31      0.99999998E+31      0.99999998E+31      0.99999998E+31      0.99999998E+31      0.99999998E+31      0.99999998E+31      0.99999998E+31      0.99999998E+31
      0.99999998E+31      0.99999998E+31      0.99999998E+31      0.99999998E+31      0.99999998E+31      0.99999998E+31      0.99999998E+31      0.99999998E+31      0.99999998E+31      0.99999998E+31
      0.99999998E+31      0.99999998E+31      0.99999998E+31      0.99999998E+31      0.99999998E+31      0.99999998E+31      0.99999998E+31      0.99999998E+31      0.99999998E+31      0.99999998E+31
      0.99999998E+31      0.99999998E+31
      0.99999998E+31      0.99999998E+31      0.99999998E+31      0.99999998E+31      0.99999998E+31      0.99999998E+31      0.99999998E+31      0.99999998E+31      0.99999998E+31      0.99999998E+31
      0.99999998E+31      0.99999998E+31      0.99999998E+31      0.99999998E+31      0.99999998E+31      0.99999998E+31      0.99999998E+31      0.99999998E+31      0.99999998E+31      0.99999998E+31
      0.99999998E+31      0.99999998E+31      0.99999998E+31      0.99999998E+31      0.99999998E+31      0.99999998E+31       1233.7596           1233.6255           1233.3921           1232.8596    
       1231.8477           1230.9238           1230.1823           1229.5702           1229.2274           1229.0912           1229.1989           1229.6115           1230.1837           1231.0958    
       1232.4983           1233.8695           1235.4707           1236.9825           1238.8046           1240.8765           1243.3059           1246.0190           1248.9250           1252.0767    
       1255.5236           1259.2549           1263.2833           1267.6356           1272.3547           1277.6012           1286.1780           1290.8521           1294.3326           1298.7609    
       1301.0098           1301.3834           1299.6648           1296.1749           1292.8011           1288.7417           1284.7722           1282.1820           1279.8391           1276.3828    
       1264.0653           1261.5245           1260.4838           1260.1703           1260.3502           1261.3668           1263.1938           1266.5153           1273.4084           1287.1986    
       1304.9453           1325.4658           1350.0720           1374.0238           1398.9097           1422.9088           1443.0125           1460.3406          0.99999998E+31      0.99999998E+31
      0.99999998E+31      0.99999998E+31      0.99999998E+31      0.99999998E+31      0.99999998E+31      0.99999998E+31      0.99999998E+31      0.99999998E+31      0.99999998E+31      0.99999998E+31
      0.99999998E+31      0.99999998E+31      0.99999998E+31       1365.8656           1370.7189           1371.1619           1369.8835           1369.7188           1368.6696           1367.5085    
       1368.7894          0.99999998E+31      0.99999998E+31      0.99999998E+31      0.99999998E+31      0.99999998E+31       1341.8888           1340.6198           1330.9363           1321.8553    
       1313.4982           1288.6669           1270.7672           1263.1077           1262.5392           1256.5662           1246.6981           1238.4266           1225.8864           1211.2069    
       1191.5856           1168.9417           1165.6063           1163.4456           1172.1058           1176.5729           1186.5021           1186.5229           1177.1851           1176.0812    
       1166.4366           1153.5776           1163.0690           1181.0334           1301.5533           1464.9150          0.99999998E+31      0.99999998E+31      0.99999998E+31      0.99999998E+31
      0.99999998E+31      0.99999998E+31      0.99999998E+31      0.99999998E+31      0.99999998E+31      0.99999998E+31      0.99999998E+31      0.99999998E+31      0.99999998E+31      0.99999998E+31
      0.99999998E+31      0.99999998E+31      0.99999998E+31      0.99999998E+31      0.99999998E+31      0.99999998E+31      0.99999998E+31      0.99999998E+31      0.99999998E+31      0.99999998E+31
      0.99999998E+31      0.99999998E+31      0.99999998E+31      0.99999998E+31      0.99999998E+31      0.99999998E+31      0.99999998E+31      0.99999998E+31      0.99999998E+31      0.99999998E+31
      0.99999998E+31      0.99999998E+31      0.99999998E+31      0.99999998E+31      0.99999998E+31      0.99999998E+31      0.99999998E+31      0.99999998E+31      0.99999998E+31      0.99999998E+31
      0.99999998E+31      0.99999998E+31      0.99999998E+31      0.99999998E+31      0.99999998E+31      0.99999998E+31      0.99999998E+31      0.99999998E+31      0.99999998E+31      0.99999998E+31
      0.99999998E+31      0.99999998E+31      0.99999998E+31      0.99999998E+31      0.99999998E+31      0.99999998E+31      0.99999998E+31      0.99999998E+31      0.99999998E+31      0.99999998E+31
      0.99999998E+31      0.99999998E+31      0.99999998E+31      0.99999998E+31      0.99999998E+31      0.99999998E+31      0.99999998E+31      0.99999998E+31      0.99999998E+31      0.99999998E+31
      0.99999998E+31      0.99999998E+31
      0.99999998E+31      0.99999998E+31      0.99999998E+31      0.99999998E+31      0.99999998E+31      0.99999998E+31      0.99999998E+31      0.99999998E+31      0.99999998E+31      0.99999998E+31
      0.99999998E+31      0.99999998E+31      0.99999998E+31      0.99999998E+31      0.99999998E+31      0.99999998E+31      0.99999998E+31      0.99999998E+31      0.99999998E+31      0.99999998E+31
      0.99999998E+31      0.99999998E+31      0.99999998E+31      0.99999998E+31      0.99999998E+31      0.99999998E+31       1233.5961           1233.3929           1233.1112           1232.3317    
       1231.0961           1229.9276           1229.0742           1228.5259           1228.1741           1227.9900           1227.9678           1228.1517           1228.5453           1229.1482    
       1230.0613           1231.3368           1232.7195           1234.3193           1236.2256           1238.4827           1241.1135           1243.9655           1246.8097           1249.6826    
       1252.7177           1255.9630           1259.4253           1263.1675           1267.1499           1274.7053           1276.8645           1283.0773           1284.4971           1288.1107    
       1289.8833           1289.3698           1287.0895           1284.1521           1281.4952           1279.3401           1277.2488           1275.7341           1270.3999           1261.6396    
       1259.4929           1258.0609           1257.1646           1256.7688           1257.1671           1257.9717           1259.0934           1261.2716           1266.4552           1283.5271    
       1304.6786           1322.8036           1343.3621           1366.2122           1390.6050           1414.0835           1440.0857           1458.8030          0.99999998E+31      0.99999998E+31
      0.99999998E+31      0.99999998E+31      0.99999998E+31      0.99999998E+31      0.99999998E+31      0.99999998E+31      0.99999998E+31      0.99999998E+31      0.99999998E+31      0.99999998E+31
      0.99999998E+31      0.99999998E+31       1346.0676           1353.6162           1364.0280           1361.7947           1363.1204           1362.3928           1359.1318           1355.2859    
       1356.7970          0.99999998E+31      0.99999998E+31      0.99999998E+31      0.99999998E+31      0.99999998E+31      0.99999998E+31       1325.5039           1324.4908           1315.9464    
       1294.8469           1265.8425           1251.6318           1244.8005          0.99999998E+31      0.99999998E+31       1238.8240           1230.3250           1207.2219           1184.2329    
       1169.4692           1161.2623           1158.4169           1159.4451           1164.1115           1168.4568           1176.3685           1172.8208           1164.3196           1157.8345    
       1153.5992           1148.1510           1153.4646           1164.9308           1201.6366           1444.0736          0.99999998E+31      0.99999998E+31      0.99999998E+31      0.99999998E+31
      0.99999998E+31      0.99999998E+31      0.99999998E+31      0.99999998E+31      0.99999998E+31      0.99999998E+31      0.99999998E+31      0.99999998E+31      0.99999998E+31      0.99999998E+31
      0.99999998E+31      0.99999998E+31      0.99999998E+31      0.99999998E+31      0.99999998E+31      0.99999998E+31      0.99999998E+31      0.99999998E+31      0.99999998E+31      0.99999998E+31
      0.99999998E+31      0.99999998E+31      0.99999998E+31      0.99999998E+31      0.99999998E+31      0.99999998E+31      0.99999998E+31      0.99999998E+31      0.99999998E+31      0.99999998E+31
      0.99999998E+31      0.99999998E+31      0.99999998E+31      0.99999998E+31      0.99999998E+31      0.99999998E+31      0.99999998E+31      0.99999998E+31      0.99999998E+31      0.99999998E+31
      0.99999998E+31      0.99999998E+31      0.99999998E+31      0.99999998E+31      0.99999998E+31      0.99999998E+31      0.99999998E+31      0.99999998E+31      0.99999998E+31      0.99999998E+31
      0.99999998E+31      0.99999998E+31      0.99999998E+31      0.99999998E+31      0.99999998E+31      0.99999998E+31      0.99999998E+31      0.99999998E+31      0.99999998E+31      0.99999998E+31
      0.99999998E+31      0.99999998E+31      0.99999998E+31      0.99999998E+31      0.99999998E+31      0.99999998E+31      0.99999998E+31      0.99999998E+31      0.99999998E+31      0.99999998E+31
      0.99999998E+31      0.99999998E+31
      0.99999998E+31      0.99999998E+31      0.99999998E+31      0.99999998E+31      0.99999998E+31      0.99999998E+31      0.99999998E+31      0.99999998E+31      0.99999998E+31      0.99999998E+31
      0.99999998E+31      0.99999998E+31      0.99999998E+31      0.99999998E+31      0.99999998E+31      0.99999998E+31      0.99999998E+31      0.99999998E+31      0.99999998E+31      0.99999998E+31
      0.99999998E+31      0.99999998E+31      0.99999998E+31      0.99999998E+31      0.99999998E+31      0.99999998E+31      0.99999998E+31       1233.2352           1232.8937           1232.0430    
       1230.7456           1229.0857           1228.2307           1227.6940           1227.2863           1226.9779           1226.8136           1226.8024           1226.9899           1227.3942    
       1228.0746           1229.0511           1230.1919           1231.6107           1233.4198           1235.7390           1238.5039           1241.5867           1244.3966           1246.9666    
       1249.6602           1252.4796           1255.4935           1258.7363           1262.1990           1269.1322           1270.9750           1272.0770           1275.9722           1279.0649    
       1280.2538           1279.7505           1278.2316           1276.4828           1275.1793           1273.4714           1271.9344           1262.8944           1259.1573           1257.7974    
       1256.6364           1255.5638           1254.4490           1253.6884           1253.2327           1253.1509           1253.6246           1254.7485           1259.2533           1272.1925    
       1288.7144           1306.5149           1324.9629           1344.8872           1365.2383           1384.9458           1399.2982           1413.4006          0.99999998E+31      0.99999998E+31
      0.99999998E+31      0.99999998E+31      0.99999998E+31      0.99999998E+31      0.99999998E+31      0.99999998E+31      0.99999998E+31      0.99999998E+31      0.99999998E+31      0.99999998E+31
      0.99999998E+31      0.99999998E+31       1315.9084           1327.1523           1335.8936           1341.1030           1354.1169           1354.5803           1347.6665           1334.4852    
       1344.2335          0.99999998E+31      0.99999998E+31      0.99999998E+31      0.99999998E+31      0.99999998E+31      0.99999998E+31      0.99999998E+31      0.99999998E+31      0.99999998E+31
      0.99999998E+31       1229.4814           1223.8313           1221.1483          0.99999998E+31      0.99999998E+31      0.99999998E+31      0.99999998E+31       1193.9839           1180.3661    
       1167.2432           1158.4305           1154.4424           1154.3281           1156.9929           1158.6901           1158.9290           1153.2830           1150.6494           1147.9091    
       1145.9160           1145.2272           1150.5701           1161.8442           1186.2023           1357.6976           1466.1040           1519.4729           1555.5175           1575.9611    
      0.99999998E+31      0.99999998E+31      0.99999998E+31      0.99999998E+31      0.99999998E+31      0.99999998E+31      0.99999998E+31      0.99999998E+31      0.99999998E+31      0.99999998E+31
      0.99999998E+31      0.99999998E+31      0.99999998E+31      0.99999998E+31      0.99999998E+31      0.99999998E+31      0.99999998E+31      0.99999998E+31      0.99999998E+31      0.99999998E+31
      0.99999998E+31      0.99999998E+31      0.99999998E+31      0.99999998E+31      0.99999998E+31      0.99999998E+31      0.99999998E+31      0.99999998E+31      0.99999998E+31      0.99999998E+31
      0.99999998E+31      0.99999998E+31      0.99999998E+31      0.99999998E+31      0.99999998E+31      0.99999998E+31      0.99999998E+31      0.99999998E+31      0.99999998E+31      0.99999998E+31
      0.99999998E+31      0.99999998E+31      0.99999998E+31      0.99999998E+31      0.99999998E+31      0.99999998E+31      0.99999998E+31      0.99999998E+31      0.99999998E+31      0.99999998E+31
      0.99999998E+31      0.99999998E+31      0.99999998E+31      0.99999998E+31      0.99999998E+31      0.99999998E+31      0.99999998E+31      0.99999998E+31      0.99999998E+31      0.99999998E+31
      0.99999998E+31      0.99999998E+31      0.99999998E+31      0.99999998E+31      0.99999998E+31      0.99999998E+31      0.99999998E+31      0.99999998E+31      0.99999998E+31      0.99999998E+31
      0.99999998E+31      0.99999998E+31
      0.99999998E+31      0.99999998E+31      0.99999998E+31      0.99999998E+31      0.99999998E+31      0.99999998E+31      0.99999998E+31      0.99999998E+31      0.99999998E+31      0.99999998E+31
      0.99999998E+31      0.99999998E+31      0.99999998E+31      0.99999998E+31      0.99999998E+31      0.99999998E+31      0.99999998E+31      0.99999998E+31      0.99999998E+31      0.99999998E+31
      0.99999998E+31      0.99999998E+31      0.99999998E+31      0.99999998E+31      0.99999998E+31      0.99999998E+31      0.99999998E+31      0.99999998E+31      0.99999998E+31      0.99999998E+31
      0.99999998E+31       1228.3397           1227.4836           1226.8719           1226.4584           1226.1296           1225.8833           1225.7509           1225.7823           1225.9930    
       1226.4012           1227.0419           1227.8960           1228.9935           1230.5717           1232.7064           1235.5679           1238.7115           1241.4890           1243.9246    
       1246.2889           1248.7439           1251.4188           1254.3214           1257.4614           1263.2721           1264.6699           1266.0564           1268.8612           1270.6790    
       1271.8169           1272.0256           1271.5217           1270.6974           1269.5813           1265.1815           1259.9208           1258.2327           1256.9360           1255.7529    
       1254.6171           1253.4724           1252.2341           1250.9059           1249.4326           1248.1990           1247.2877           1247.6073           1250.3909           1257.2350    
       1268.1129           1282.5107           1298.5719           1314.6512           1329.3889           1338.2184           1343.5856           1346.3185          0.99999998E+31      0.99999998E+31
      0.99999998E+31      0.99999998E+31      0.99999998E+31      0.99999998E+31      0.99999998E+31      0.99999998E+31      0.99999998E+31      0.99999998E+31      0.99999998E+31      0.99999998E+31
      0.99999998E+31      0.99999998E+31       1250.9735           1254.7814           1289.1564           1299.4121          0.99999998E+31      0.99999998E+31       1324.6736           1304.1489    
      0.99999998E+31      0.99999998E+31      0.99999998E+31      0.99999998E+31      0.99999998E+31      0.99999998E+31      0.99999998E+31      0.99999998E+31      0.99999998E+31      0.99999998E+31
      0.99999998E+31       1195.5819           1194.4994           1190.1439          0.99999998E+31      0.99999998E+31      0.99999998E+31      0.99999998E+31      0.99999998E+31      0.99999998E+31
       1165.2754           1156.3262           1150.7341           1150.2407           1152.7743           1153.5114           1151.1813           1147.3810           1144.1989           1142.2067    
       1140.7706           1140.8409           1147.2440           1161.6895           1175.1498           1198.1990           1424.7811           1501.1544           1541.1653           1563.5227    
      0.99999998E+31      0.99999998E+31      0.99999998E+31      0.99999998E+31      0.99999998E+31      0.99999998E+31      0.99999998E+31      0.99999998E+31      0.99999998E+31      0.99999998E+31
      0.99999998E+31      0.99999998E+31      0.99999998E+31      0.99999998E+31      0.99999998E+31      0.99999998E+31      0.99999998E+31      0.99999998E+31      0.99999998E+31      0.99999998E+31
      0.99999998E+31      0.99999998E+31      0.99999998E+31      0.99999998E+31      0.99999998E+31      0.99999998E+31      0.99999998E+31      0.99999998E+31      0.99999998E+31      0.99999998E+31
      0.99999998E+31      0.99999998E+31      0.99999998E+31      0.99999998E+31      0.99999998E+31      0.99999998E+31      0.99999998E+31      0.99999998E+31      0.99999998E+31      0.99999998E+31
      0.99999998E+31      0.99999998E+31      0.99999998E+31      0.99999998E+31      0.99999998E+31      0.99999998E+31      0.99999998E+31      0.99999998E+31      0.99999998E+31      0.99999998E+31
      0.99999998E+31      0.99999998E+31      0.99999998E+31      0.99999998E+31      0.99999998E+31      0.99999998E+31      0.99999998E+31      0.99999998E+31      0.99999998E+31      0.99999998E+31
      0.99999998E+31      0.99999998E+31      0.99999998E+31      0.99999998E+31      0.99999998E+31      0.99999998E+31      0.99999998E+31      0.99999998E+31      0.99999998E+31      0.99999998E+31
      0.99999998E+31      0.99999998E+31
      0.99999998E+31      0.99999998E+31      0.99999998E+31      0.99999998E+31      0.99999998E+31      0.99999998E+31      0.99999998E+31      0.99999998E+31      0.99999998E+31      0.99999998E+31
      0.99999998E+31      0.99999998E+31      0.99999998E+31      0.99999998E+31      0.99999998E+31      0.99999998E+31      0.99999998E+31      0.99999998E+31      0.99999998E+31      0.99999998E+31
      0.99999998E+31      0.99999998E+31      0.99999998E+31      0.99999998E+31      0.99999998E+31      0.99999998E+31      0.99999998E+31      0.99999998E+31      0.99999998E+31      0.99999998E+31
      0.99999998E+31      0.99999998E+31       1226.8254           1225.9719           1225.5656           1225.2655           1225.0275           1224.8610           1224.8022           1224.8536    
       1225.0188           1225.3535           1225.9006           1226.6831           1227.8350           1229.5520           1232.0204           1235.1112           1237.8540           1240.2214    
       1242.4594           1244.7748           1244.6542           1244.7108           1252.6310           1257.1743           1257.9489           1259.6697           1262.2024           1263.8496    
       1264.9175           1265.6633           1266.0381           1266.0582           1264.5850           1259.6143           1258.1829           1256.8470           1255.5852           1254.3021    
       1252.9213           1251.6365           1250.0901           1248.2192           1245.9700           1243.5070           1241.0988           1239.1127           1239.3029           1242.9747    
       1249.9928           1259.8993           1271.9539           1283.1688           1290.9225           1293.5626           1292.5223           1290.0042          0.99999998E+31      0.99999998E+31
      0.99999998E+31      0.99999998E+31      0.99999998E+31      0.99999998E+31      0.99999998E+31      0.99999998E+31       920.81635           921.19830           922.47174           936.91852    
       1087.8048           1149.0310           1192.4686           1222.0304           1231.0715           1238.1842          0.99999998E+31      0.99999998E+31      0.99999998E+31       1240.4022    
      0.99999998E+31      0.99999998E+31      0.99999998E+31      0.99999998E+31      0.99999998E+31      0.99999998E+31      0.99999998E+31      0.99999998E+31      0.99999998E+31      0.99999998E+31
      0.99999998E+31       1155.0709           1151.4879           1153.0405          0.99999998E+31      0.99999998E+31      0.99999998E+31      0.99999998E+31      0.99999998E+31      0.99999998E+31
       1155.9645           1152.7448           1146.9890           1149.7058           1152.3566           1151.8071           1147.6150           1143.9006           1141.1960           1139.4258    
       1138.5083           1138.5421           1141.2327           1150.0677           1171.7457           1193.7174           1268.7853           1464.8368           1518.5099           1541.8987    
      0.99999998E+31      0.99999998E+31      0.99999998E+31      0.99999998E+31      0.99999998E+31      0.99999998E+31      0.99999998E+31      0.99999998E+31      0.99999998E+31      0.99999998E+31
      0.99999998E+31      0.99999998E+31      0.99999998E+31      0.99999998E+31      0.99999998E+31      0.99999998E+31      0.99999998E+31      0.99999998E+31      0.99999998E+31      0.99999998E+31
      0.99999998E+31      0.99999998E+31      0.99999998E+31      0.99999998E+31      0.99999998E+31      0.99999998E+31      0.99999998E+31      0.99999998E+31      0.99999998E+31      0.99999998E+31
      0.99999998E+31      0.99999998E+31      0.99999998E+31      0.99999998E+31      0.99999998E+31      0.99999998E+31      0.99999998E+31      0.99999998E+31      0.99999998E+31      0.99999998E+31
      0.99999998E+31      0.99999998E+31      0.99999998E+31      0.99999998E+31      0.99999998E+31      0.99999998E+31      0.99999998E+31      0.99999998E+31      0.99999998E+31      0.99999998E+31
      0.99999998E+31      0.99999998E+31      0.99999998E+31      0.99999998E+31      0.99999998E+31      0.99999998E+31      0.99999998E+31      0.99999998E+31      0.99999998E+31      0.99999998E+31
      0.99999998E+31      0.99999998E+31      0.99999998E+31      0.99999998E+31      0.99999998E+31      0.99999998E+31      0.99999998E+31      0.99999998E+31      0.99999998E+31      0.99999998E+31
      0.99999998E+31      0.99999998E+31
      0.99999998E+31      0.99999998E+31      0.99999998E+31      0.99999998E+31      0.99999998E+31      0.99999998E+31      0.99999998E+31      0.99999998E+31      0.99999998E+31      0.99999998E+31
      0.99999998E+31      0.99999998E+31      0.99999998E+31      0.99999998E+31      0.99999998E+31      0.99999998E+31      0.99999998E+31      0.99999998E+31      0.99999998E+31      0.99999998E+31
      0.99999998E+31      0.99999998E+31      0.99999998E+31      0.99999998E+31      0.99999998E+31      0.99999998E+31      0.99999998E+31      0.99999998E+31      0.99999998E+31      0.99999998E+31
      0.99999998E+31      0.99999998E+31      0.99999998E+31       1224.8907           1224.6061           1224.3594           1224.1230           1223.9214           1223.7808           1223.7152    
       1223.7371           1223.8571           1224.1024           1224.5265           1225.2427           1226.4463           1228.6820           1230.6628           1231.6227           1232.7876    
       1234.1282           1236.0116           1238.0659           1241.1677           1247.1338           1247.4611           1250.8944           1253.0979           1256.5227           1258.1376    
       1259.5612           1260.6921           1261.5809           1262.1661           1259.8330           1258.0637           1256.8436           1255.6552           1254.3926           1253.0210    
       1251.5204           1249.8657           1247.9486           1245.6096           1242.6121           1238.8307           1234.1927           1231.3207           1229.8289           1231.4614    
       1235.3082           1241.0868           1247.2618           1252.5188           1254.6083           1251.6948           1242.2894           1232.0914          0.99999998E+31      0.99999998E+31
      0.99999998E+31      0.99999998E+31      0.99999998E+31      0.99999998E+31      0.99999998E+31      0.99999998E+31       920.46399           920.22644           932.22736           992.09070    
       1070.5533           1115.5822           1148.1445           1191.3376           1205.4052           1188.5905          0.99999998E+31      0.99999998E+31      0.99999998E+31       1152.5599    
       1092.8660           1067.3524          0.99999998E+31      0.99999998E+31      0.99999998E+31      0.99999998E+31      0.99999998E+31      0.99999998E+31      0.99999998E+31      0.99999998E+31
      0.99999998E+31       1121.2063           1105.6517           1104.5320           1106.6183          0.99999998E+31      0.99999998E+31      0.99999998E+31      0.99999998E+31      0.99999998E+31
       1151.8518           1148.6752           1145.0824           1149.7240           1150.6185           1148.8483           1144.2527           1140.9979           1138.7517           1137.3381    
       1136.6699           1136.7661           1138.6995           1145.4156           1164.1689           1190.4314           1234.8887           1373.3195           1477.9399           1509.4506    
      0.99999998E+31      0.99999998E+31      0.99999998E+31      0.99999998E+31      0.99999998E+31      0.99999998E+31      0.99999998E+31      0.99999998E+31      0.99999998E+31      0.99999998E+31
      0.99999998E+31      0.99999998E+31      0.99999998E+31      0.99999998E+31      0.99999998E+31      0.99999998E+31      0.99999998E+31      0.99999998E+31      0.99999998E+31      0.99999998E+31
      0.99999998E+31      0.99999998E+31      0.99999998E+31      0.99999998E+31      0.99999998E+31      0.99999998E+31      0.99999998E+31      0.99999998E+31      0.99999998E+31      0.99999998E+31
      0.99999998E+31      0.99999998E+31      0.99999998E+31      0.99999998E+31      0.99999998E+31      0.99999998E+31      0.99999998E+31      0.99999998E+31      0.99999998E+31      0.99999998E+31
      0.99999998E+31      0.99999998E+31      0.99999998E+31      0.99999998E+31      0.99999998E+31      0.99999998E+31      0.99999998E+31      0.99999998E+31      0.99999998E+31      0.99999998E+31
      0.99999998E+31      0.99999998E+31      0.99999998E+31      0.99999998E+31      0.99999998E+31      0.99999998E+31      0.99999998E+31      0.99999998E+31      0.99999998E+31      0.99999998E+31
      0.99999998E+31      0.99999998E+31      0.99999998E+31      0.99999998E+31      0.99999998E+31      0.99999998E+31      0.99999998E+31      0.99999998E+31      0.99999998E+31      0.99999998E+31
      0.99999998E+31      0.99999998E+31
      0.99999998E+31      0.99999998E+31      0.99999998E+31      0.99999998E+31      0.99999998E+31      0.99999998E+31      0.99999998E+31      0.99999998E+31      0.99999998E+31      0.99999998E+31
      0.99999998E+31      0.99999998E+31      0.99999998E+31      0.99999998E+31      0.99999998E+31      0.99999998E+31      0.99999998E+31      0.99999998E+31      0.99999998E+31      0.99999998E+31
      0.99999998E+31      0.99999998E+31      0.99999998E+31      0.99999998E+31      0.99999998E+31      0.99999998E+31      0.99999998E+31      0.99999998E+31      0.99999998E+31      0.99999998E+31
      0.99999998E+31      0.99999998E+31      0.99999998E+31       1223.9080           1223.6901           1223.4642           1223.2054           1222.9473           1222.7163           1222.5328    
       1222.4127           1222.3685           1222.4099           1222.5292           1222.9761           1223.9868           1224.8452           1226.2319           1227.6654           1229.1191    
       1230.6508           1232.4121           1235.0060           1237.9336           1240.9653           1243.1404           1245.4347           1247.0654           1252.3319           1253.9645    
       1255.5048           1256.7678           1257.8341           1258.7745           1257.5323           1256.5443           1255.5886           1254.4668           1253.1973           1251.7515    
       1250.0887           1248.1234           1245.8171           1242.7286           1238.7336           1233.9366           1228.6758           1224.1094           1220.8807           1219.9913    
       1221.0045           1222.4049           1223.5892           1224.0013           1221.5547           1212.5227           1193.3704           1161.2513           1107.2952           1076.5242    
       1049.1235           1020.5152           996.26263           931.53333           923.56104           924.72797           922.59119           924.44385           948.85358           1002.9308    
       1053.7905           1099.3781           1124.2659           1137.1388           1121.0527           1148.3180          0.99999998E+31      0.99999998E+31      0.99999998E+31       1071.3738    
       1057.1575           1041.8251           1035.7854          0.99999998E+31      0.99999998E+31      0.99999998E+31      0.99999998E+31      0.99999998E+31      0.99999998E+31      0.99999998E+31
      0.99999998E+31       1083.6748           1064.1163           1052.4550           1042.9579           1152.5508          0.99999998E+31      0.99999998E+31      0.99999998E+31      0.99999998E+31
      0.99999998E+31      0.99999998E+31       1143.6526           1142.9026           1143.8496           1142.7281           1139.3636           1137.9138           1136.4653           1135.5067    
       1135.0698           1135.1949           1136.3108           1140.8007           1154.0775           1183.0284           1230.5414           1307.3250           1406.0291           1456.7972    
      0.99999998E+31      0.99999998E+31      0.99999998E+31      0.99999998E+31      0.99999998E+31      0.99999998E+31      0.99999998E+31      0.99999998E+31      0.99999998E+31      0.99999998E+31
      0.99999998E+31      0.99999998E+31      0.99999998E+31      0.99999998E+31      0.99999998E+31      0.99999998E+31      0.99999998E+31      0.99999998E+31      0.99999998E+31      0.99999998E+31
      0.99999998E+31      0.99999998E+31      0.99999998E+31      0.99999998E+31      0.99999998E+31      0.99999998E+31      0.99999998E+31      0.99999998E+31      0.99999998E+31      0.99999998E+31
      0.99999998E+31      0.99999998E+31      0.99999998E+31      0.99999998E+31      0.99999998E+31      0.99999998E+31      0.99999998E+31      0.99999998E+31      0.99999998E+31      0.99999998E+31
      0.99999998E+31      0.99999998E+31      0.99999998E+31      0.99999998E+31      0.99999998E+31      0.99999998E+31      0.99999998E+31      0.99999998E+31      0.99999998E+31      0.99999998E+31
      0.99999998E+31      0.99999998E+31      0.99999998E+31      0.99999998E+31      0.99999998E+31      0.99999998E+31      0.99999998E+31      0.99999998E+31      0.99999998E+31      0.99999998E+31
      0.99999998E+31      0.99999998E+31      0.99999998E+31      0.99999998E+31      0.99999998E+31      0.99999998E+31      0.99999998E+31      0.99999998E+31      0.99999998E+31      0.99999998E+31
      0.99999998E+31      0.99999998E+31
      0.99999998E+31      0.99999998E+31      0.99999998E+31      0.99999998E+31      0.99999998E+31      0.99999998E+31      0.99999998E+31      0.99999998E+31      0.99999998E+31      0.99999998E+31
      0.99999998E+31      0.99999998E+31      0.99999998E+31      0.99999998E+31      0.99999998E+31      0.99999998E+31      0.99999998E+31      0.99999998E+31      0.99999998E+31      0.99999998E+31
      0.99999998E+31      0.99999998E+31      0.99999998E+31      0.99999998E+31      0.99999998E+31      0.99999998E+31      0.99999998E+31      0.99999998E+31      0.99999998E+31      0.99999998E+31
      0.99999998E+31      0.99999998E+31      0.99999998E+31       1223.0577           1222.8638           1222.6245           1222.3162           1221.9731           1221.6371           1221.3281    
       1221.0675           1220.8690           1220.7394           1220.6788           1220.6520           1220.9655           1221.8547           1223.1550           1224.5266           1225.9294    
       1227.4088           1229.1003           1231.3229           1234.2235           1236.5095           1239.1490           1241.6573           1243.9058           1246.6337           1250.6793    
       1252.3268           1253.5403           1254.5309           1255.5026           1255.3547           1254.9427           1254.2477           1253.2421           1251.9902           1250.4841    
       1248.6665           1246.4481           1243.6354           1239.7478           1234.8906           1228.9752           1222.4587           1216.2318           1210.4026           1206.5979    
       1204.3230           1201.5337           1198.7179           1194.8649           1189.7115           1177.9525           1156.9365           1126.3424           1090.8630           1061.7700    
       1036.6490           1012.0174           987.19464           933.70532           925.02850           919.70380           915.31830           919.98059           932.59296           1009.4142    
       1042.7941           1077.6503           1088.3785           1087.1284           1067.4808           1049.7759          0.99999998E+31      0.99999998E+31      0.99999998E+31       1022.4847    
       1004.6830           1021.8093           1027.3048          0.99999998E+31      0.99999998E+31      0.99999998E+31      0.99999998E+31      0.99999998E+31      0.99999998E+31      0.99999998E+31
       1006.0363           1027.6665           1033.3418           1024.4875           1022.0536           1018.8078           1031.7257          0.99999998E+31      0.99999998E+31      0.99999998E+31
      0.99999998E+31      0.99999998E+31      0.99999998E+31       1139.0835           1139.4261           1138.6932           1136.9688           1135.5762           1134.4843           1133.7942    
       1133.5409           1133.6697           1134.4119           1136.6921           1144.2393           1164.1129           1209.3824           1280.2113           1328.1530           1360.4891    
      0.99999998E+31      0.99999998E+31      0.99999998E+31      0.99999998E+31      0.99999998E+31      0.99999998E+31      0.99999998E+31      0.99999998E+31      0.99999998E+31      0.99999998E+31
      0.99999998E+31      0.99999998E+31      0.99999998E+31      0.99999998E+31      0.99999998E+31      0.99999998E+31      0.99999998E+31      0.99999998E+31      0.99999998E+31      0.99999998E+31
      0.99999998E+31      0.99999998E+31      0.99999998E+31      0.99999998E+31      0.99999998E+31      0.99999998E+31      0.99999998E+31      0.99999998E+31      0.99999998E+31      0.99999998E+31
      0.99999998E+31      0.99999998E+31      0.99999998E+31      0.99999998E+31      0.99999998E+31      0.99999998E+31      0.99999998E+31      0.99999998E+31      0.99999998E+31      0.99999998E+31
      0.99999998E+31      0.99999998E+31      0.99999998E+31      0.99999998E+31      0.99999998E+31      0.99999998E+31      0.99999998E+31      0.99999998E+31      0.99999998E+31      0.99999998E+31
      0.99999998E+31      0.99999998E+31      0.99999998E+31      0.99999998E+31      0.99999998E+31      0.99999998E+31      0.99999998E+31      0.99999998E+31      0.99999998E+31      0.99999998E+31
      0.99999998E+31      0.99999998E+31      0.99999998E+31      0.99999998E+31      0.99999998E+31      0.99999998E+31      0.99999998E+31      0.99999998E+31      0.99999998E+31      0.99999998E+31
      0.99999998E+31      0.99999998E+31
      0.99999998E+31      0.99999998E+31      0.99999998E+31      0.99999998E+31      0.99999998E+31      0.99999998E+31      0.99999998E+31      0.99999998E+31      0.99999998E+31      0.99999998E+31
      0.99999998E+31      0.99999998E+31      0.99999998E+31      0.99999998E+31      0.99999998E+31      0.99999998E+31      0.99999998E+31      0.99999998E+31      0.99999998E+31      0.99999998E+31
      0.99999998E+31      0.99999998E+31      0.99999998E+31      0.99999998E+31      0.99999998E+31      0.99999998E+31      0.99999998E+31      0.99999998E+31      0.99999998E+31      0.99999998E+31
      0.99999998E+31      0.99999998E+31      0.99999998E+31       1222.3538           1222.1698           1221.8748           1221.4814           1221.0250           1220.5636           1220.1205    
       1219.7172           1219.3740           1219.0980           1218.6156           1218.6479           1218.9753           1219.6404           1220.6296           1221.8074           1223.0452    
       1224.3237           1225.9360           1227.8171           1230.6252           1232.8302           1235.2933           1237.9214           1240.5901           1244.8007           1248.1658    
       1249.9120           1250.9636           1251.8478           1252.5842           1253.2117           1253.3483           1252.8839           1252.0186           1250.7819           1249.2266    
       1247.2833           1244.8689           1241.4052           1236.7462           1230.8605           1223.4777           1214.8623           1205.8519           1197.0162           1189.8966    
       1183.9615           1177.6688           1171.1552           1160.8098           1154.9061           1143.9658           1119.8540           1091.3947           1064.5720           1040.3060    
       1017.9434           997.36798           973.90851           927.89966           910.88690           906.08435           903.95166           909.23712           918.31934           999.12280    
       1042.0818           1052.2102           1036.8076           1027.9167           1016.7430           985.27539           944.09314           935.72168           927.29510           944.60718    
       954.73901           952.77881           1001.8204          0.99999998E+31      0.99999998E+31      0.99999998E+31       935.26794           937.52399           941.78210           949.02570    
       964.02448           977.81720           977.41553           978.71576           1002.0901           1000.2700           1082.3531          0.99999998E+31      0.99999998E+31      0.99999998E+31
      0.99999998E+31      0.99999998E+31       1139.2987           1138.6261           1137.7385           1136.4617           1134.9491           1133.6252           1132.6873           1132.1750    
       1131.9910           1132.1251           1132.7001           1134.1313           1138.2736           1152.9469           1187.1525           1245.2319           1290.1083           1307.4012    
      0.99999998E+31      0.99999998E+31      0.99999998E+31      0.99999998E+31      0.99999998E+31      0.99999998E+31      0.99999998E+31      0.99999998E+31      0.99999998E+31      0.99999998E+31
      0.99999998E+31      0.99999998E+31      0.99999998E+31      0.99999998E+31      0.99999998E+31      0.99999998E+31      0.99999998E+31      0.99999998E+31      0.99999998E+31      0.99999998E+31
      0.99999998E+31      0.99999998E+31      0.99999998E+31      0.99999998E+31      0.99999998E+31      0.99999998E+31      0.99999998E+31      0.99999998E+31      0.99999998E+31      0.99999998E+31
      0.99999998E+31      0.99999998E+31      0.99999998E+31      0.99999998E+31      0.99999998E+31      0.99999998E+31      0.99999998E+31      0.99999998E+31      0.99999998E+31      0.99999998E+31
      0.99999998E+31      0.99999998E+31      0.99999998E+31      0.99999998E+31      0.99999998E+31      0.99999998E+31      0.99999998E+31      0.99999998E+31      0.99999998E+31      0.99999998E+31
      0.99999998E+31      0.99999998E+31      0.99999998E+31      0.99999998E+31      0.99999998E+31      0.99999998E+31      0.99999998E+31      0.99999998E+31      0.99999998E+31      0.99999998E+31
      0.99999998E+31      0.99999998E+31      0.99999998E+31      0.99999998E+31      0.99999998E+31      0.99999998E+31      0.99999998E+31      0.99999998E+31      0.99999998E+31      0.99999998E+31
      0.99999998E+31      0.99999998E+31
      0.99999998E+31      0.99999998E+31      0.99999998E+31      0.99999998E+31      0.99999998E+31      0.99999998E+31      0.99999998E+31      0.99999998E+31      0.99999998E+31      0.99999998E+31
      0.99999998E+31      0.99999998E+31      0.99999998E+31      0.99999998E+31      0.99999998E+31      0.99999998E+31      0.99999998E+31      0.99999998E+31      0.99999998E+31      0.99999998E+31
      0.99999998E+31      0.99999998E+31      0.99999998E+31      0.99999998E+31      0.99999998E+31      0.99999998E+31      0.99999998E+31      0.99999998E+31      0.99999998E+31      0.99999998E+31
      0.99999998E+31      0.99999998E+31      0.99999998E+31       1221.8228           1221.6353           1221.2638           1220.7330           1220.1096           1219.5079           1218.9193    
       1218.3618           1217.8837           1217.4824           1216.9137           1216.9495           1217.1862           1217.6885           1218.4431           1219.3386           1220.3673    
       1221.4700           1222.8358           1224.6024           1226.6172           1228.7302           1231.1965           1233.9745           1237.2009           1243.0779           1245.8656    
       1247.9259           1248.8142           1249.6154           1250.7842           1251.3895           1251.7229           1251.5297           1250.7872           1249.6075           1247.9863    
       1245.9706           1243.0573           1239.1007           1233.7941           1226.5367           1216.8401           1204.5398           1191.2473           1179.2561           1169.2404    
       1159.2485           1150.6605           1141.8710           1131.5298           1120.9580           1103.3246           1079.4082           1056.7025           1037.2532           1018.3039    
       1000.3792           978.11731           944.30927           904.35144           896.85486           893.51056           892.99164           896.15320           908.33282           962.82465    
       1014.2897           1024.4175           1009.0242           964.32068           903.84540           898.10944           880.70221           870.26721           875.49451           888.43353    
       910.13428           919.06018           916.10931          0.99999998E+31      0.99999998E+31      0.99999998E+31       932.84314           931.92236           932.44208           934.40283    
       938.90039           945.26105           950.94122           955.86707           968.87805           989.02295           1028.4404          0.99999998E+31      0.99999998E+31      0.99999998E+31
      0.99999998E+31      0.99999998E+31       1143.6188           1140.2091           1137.9312           1135.5425           1133.4690           1131.9723           1131.1105           1130.6420    
       1130.5035           1130.6572           1131.2012           1132.3545           1134.8467           1143.5398           1169.5624           1207.2563           1252.9783           1283.9883    
      0.99999998E+31      0.99999998E+31      0.99999998E+31      0.99999998E+31      0.99999998E+31      0.99999998E+31      0.99999998E+31      0.99999998E+31      0.99999998E+31      0.99999998E+31
      0.99999998E+31      0.99999998E+31      0.99999998E+31      0.99999998E+31      0.99999998E+31      0.99999998E+31      0.99999998E+31      0.99999998E+31      0.99999998E+31      0.99999998E+31
      0.99999998E+31      0.99999998E+31      0.99999998E+31      0.99999998E+31      0.99999998E+31      0.99999998E+31      0.99999998E+31      0.99999998E+31      0.99999998E+31      0.99999998E+31
      0.99999998E+31      0.99999998E+31      0.99999998E+31      0.99999998E+31      0.99999998E+31      0.99999998E+31      0.99999998E+31      0.99999998E+31      0.99999998E+31      0.99999998E+31
      0.99999998E+31      0.99999998E+31      0.99999998E+31      0.99999998E+31      0.99999998E+31      0.99999998E+31      0.99999998E+31      0.99999998E+31      0.99999998E+31      0.99999998E+31
      0.99999998E+31      0.99999998E+31      0.99999998E+31      0.99999998E+31      0.99999998E+31      0.99999998E+31      0.99999998E+31      0.99999998E+31      0.99999998E+31      0.99999998E+31
      0.99999998E+31      0.99999998E+31      0.99999998E+31      0.99999998E+31      0.99999998E+31      0.99999998E+31      0.99999998E+31      0.99999998E+31      0.99999998E+31      0.99999998E+31
      0.99999998E+31      0.99999998E+31
      0.99999998E+31      0.99999998E+31      0.99999998E+31      0.99999998E+31      0.99999998E+31      0.99999998E+31      0.99999998E+31      0.99999998E+31      0.99999998E+31      0.99999998E+31
      0.99999998E+31      0.99999998E+31      0.99999998E+31      0.99999998E+31      0.99999998E+31      0.99999998E+31      0.99999998E+31      0.99999998E+31      0.99999998E+31      0.99999998E+31
      0.99999998E+31      0.99999998E+31      0.99999998E+31      0.99999998E+31      0.99999998E+31      0.99999998E+31      0.99999998E+31      0.99999998E+31      0.99999998E+31      0.99999998E+31
      0.99999998E+31      0.99999998E+31      0.99999998E+31       1221.4242           1221.1743           1220.7263           1220.0856           1219.2716           1218.4818           1217.7323    
       1216.9879           1216.3876           1215.8766           1215.3293           1215.2854           1215.4271           1215.7954           1216.3722           1217.0868           1217.9034    
       1218.8503           1219.9641           1221.2109           1222.7354           1224.6746           1227.1201           1229.6527           1234.4015           1239.1472           1242.7076    
       1245.5719           1246.6738           1247.5750           1248.7981           1249.6647           1250.2618           1250.3081           1249.7181           1248.5458           1246.8536    
       1244.4102           1241.2511           1236.9559           1230.9697           1222.2944           1209.0214           1191.2113           1173.2990           1157.6237           1143.3273    
       1130.5181           1119.0240           1110.0985           1097.8866           1082.6427           1062.5686           1045.3728           1029.2991           1012.4123           993.02734    
       978.92926           958.71777           913.03644           889.92279           884.84131           885.61267           881.60687           883.42206           891.21436           939.80957    
       976.30695           995.16284           975.61694           921.73615           873.02930           860.33356           847.05597           849.06018           851.81976           854.47186    
       857.15570           888.34753           898.36829          0.99999998E+31      0.99999998E+31      0.99999998E+31       933.03241           930.12311           929.50598           930.22418    
       933.32599           937.78302           941.12695           943.76373           946.34186           971.78198           987.43982          0.99999998E+31      0.99999998E+31      0.99999998E+31
      0.99999998E+31      0.99999998E+31       1149.5073           1143.0482           1139.7388           1135.4386           1132.1499           1130.4376           1129.5447           1129.1566    
       1129.1654           1129.3336           1129.9194           1131.1909           1133.3602           1137.5725           1152.5004           1180.3234           1210.4285           1245.8175    
      0.99999998E+31      0.99999998E+31      0.99999998E+31      0.99999998E+31      0.99999998E+31      0.99999998E+31      0.99999998E+31      0.99999998E+31      0.99999998E+31      0.99999998E+31
      0.99999998E+31      0.99999998E+31      0.99999998E+31      0.99999998E+31      0.99999998E+31      0.99999998E+31      0.99999998E+31      0.99999998E+31      0.99999998E+31      0.99999998E+31
      0.99999998E+31      0.99999998E+31      0.99999998E+31      0.99999998E+31      0.99999998E+31      0.99999998E+31      0.99999998E+31      0.99999998E+31      0.99999998E+31      0.99999998E+31
      0.99999998E+31      0.99999998E+31      0.99999998E+31      0.99999998E+31      0.99999998E+31      0.99999998E+31      0.99999998E+31      0.99999998E+31      0.99999998E+31      0.99999998E+31
      0.99999998E+31      0.99999998E+31      0.99999998E+31      0.99999998E+31      0.99999998E+31      0.99999998E+31      0.99999998E+31      0.99999998E+31      0.99999998E+31      0.99999998E+31
      0.99999998E+31      0.99999998E+31      0.99999998E+31      0.99999998E+31      0.99999998E+31      0.99999998E+31      0.99999998E+31      0.99999998E+31      0.99999998E+31      0.99999998E+31
      0.99999998E+31      0.99999998E+31      0.99999998E+31      0.99999998E+31      0.99999998E+31      0.99999998E+31      0.99999998E+31      0.99999998E+31      0.99999998E+31      0.99999998E+31
      0.99999998E+31      0.99999998E+31
      0.99999998E+31      0.99999998E+31      0.99999998E+31      0.99999998E+31      0.99999998E+31      0.99999998E+31      0.99999998E+31      0.99999998E+31      0.99999998E+31      0.99999998E+31
      0.99999998E+31      0.99999998E+31      0.99999998E+31      0.99999998E+31      0.99999998E+31      0.99999998E+31      0.99999998E+31      0.99999998E+31      0.99999998E+31      0.99999998E+31
      0.99999998E+31      0.99999998E+31      0.99999998E+31      0.99999998E+31      0.99999998E+31      0.99999998E+31      0.99999998E+31      0.99999998E+31      0.99999998E+31      0.99999998E+31
      0.99999998E+31      0.99999998E+31      0.99999998E+31       1221.1694           1220.7612           1220.1802           1219.3641           1218.3419           1217.4753           1216.5892    
       1215.5715           1214.8735           1214.6497           1213.6257           1213.5854           1213.6322           1213.8870           1214.3293           1214.9059           1215.5596    
       1216.3738           1217.2563           1218.0614           1219.1827           1220.7118           1222.8187           1225.1364           1231.0441           1235.5024           1239.0382    
       1242.7207           1244.6772           1245.9275           1246.8270           1248.1316           1248.8409           1249.0558           1248.5532           1247.3667           1245.5365    
       1243.0176           1239.5992           1234.8352           1227.9841           1217.6401           1198.5459           1173.8987           1153.8197           1135.2819           1117.4730    
       1098.5258           1086.6770           1077.2385           1065.2900           1050.5883           1033.9791           1019.3939           1007.3363           987.35175           967.36963    
       958.92041           945.41968           898.85632           878.23022           880.89215           878.38922           872.52460           873.53375           879.45911           911.62891    
       937.31189           967.90283           944.21448           886.13092           856.84448           849.17853           841.19025           844.52594           846.77740           848.04559    
       850.63733           851.61462           874.88245          0.99999998E+31      0.99999998E+31      0.99999998E+31      0.99999998E+31       928.13885           925.99072           926.63190    
       928.68555           931.13629           933.67676           935.55872           936.93463           945.71014           956.65973           980.00012          0.99999998E+31      0.99999998E+31
      0.99999998E+31      0.99999998E+31       1153.2012           1144.8171           1139.3843           1134.4526           1130.3844           1128.5299           1127.8003           1127.7301    
       1128.0653           1128.0587           1128.7159           1130.3423           1133.4355           1138.7172           1138.7385           1153.6254           1178.1039           1204.0127    
      0.99999998E+31      0.99999998E+31      0.99999998E+31      0.99999998E+31      0.99999998E+31      0.99999998E+31      0.99999998E+31      0.99999998E+31      0.99999998E+31      0.99999998E+31
      0.99999998E+31      0.99999998E+31      0.99999998E+31      0.99999998E+31      0.99999998E+31      0.99999998E+31      0.99999998E+31      0.99999998E+31      0.99999998E+31      0.99999998E+31
      0.99999998E+31      0.99999998E+31      0.99999998E+31      0.99999998E+31      0.99999998E+31      0.99999998E+31      0.99999998E+31      0.99999998E+31      0.99999998E+31      0.99999998E+31
      0.99999998E+31      0.99999998E+31      0.99999998E+31      0.99999998E+31      0.99999998E+31      0.99999998E+31      0.99999998E+31      0.99999998E+31      0.99999998E+31      0.99999998E+31
      0.99999998E+31      0.99999998E+31      0.99999998E+31      0.99999998E+31      0.99999998E+31      0.99999998E+31      0.99999998E+31      0.99999998E+31      0.99999998E+31      0.99999998E+31
      0.99999998E+31      0.99999998E+31      0.99999998E+31      0.99999998E+31      0.99999998E+31      0.99999998E+31      0.99999998E+31      0.99999998E+31      0.99999998E+31      0.99999998E+31
      0.99999998E+31      0.99999998E+31      0.99999998E+31      0.99999998E+31      0.99999998E+31      0.99999998E+31      0.99999998E+31      0.99999998E+31      0.99999998E+31      0.99999998E+31
      0.99999998E+31      0.99999998E+31
      0.99999998E+31      0.99999998E+31      0.99999998E+31      0.99999998E+31      0.99999998E+31      0.99999998E+31      0.99999998E+31      0.99999998E+31      0.99999998E+31      0.99999998E+31
      0.99999998E+31      0.99999998E+31      0.99999998E+31      0.99999998E+31      0.99999998E+31      0.99999998E+31      0.99999998E+31      0.99999998E+31      0.99999998E+31      0.99999998E+31
      0.99999998E+31      0.99999998E+31      0.99999998E+31      0.99999998E+31      0.99999998E+31      0.99999998E+31      0.99999998E+31      0.99999998E+31      0.99999998E+31      0.99999998E+31
      0.99999998E+31      0.99999998E+31      0.99999998E+31      0.99999998E+31       1220.3386           1219.5228           1218.4783           1217.2968           1216.1852           1215.1188    
       1214.1846           1213.3651           1212.8856           1211.9816           1211.7762           1211.7551           1211.9009           1212.2433           1212.7281           1213.3003    
       1213.8690           1214.4546           1214.9431           1215.5938           1216.5383           1218.5831           1221.1783           1225.9968           1230.7000           1235.3904    
       1239.6042           1242.7323           1243.9037           1243.5275           1246.8542           1247.8785           1248.2418           1247.7793           1246.5439           1244.6029    
       1241.9301           1238.1770           1232.6857           1224.2904           1211.2203           1189.1174           1162.1124           1137.6150           1114.5117           1094.3484    
       1075.7374           1061.6184           1049.0869           1036.3451           1023.1891           1009.2808           998.41351           986.66522           967.80298           958.73669    
       950.52429           904.21497           945.03748           921.30402           876.98297           873.41687           869.03839           879.58264           872.54291           882.78406    
       904.33917           923.90161           906.86670           855.64410           846.94196           844.30212           840.03168           842.97894           845.18250           847.48694    
       849.13763           851.08533           876.64252           892.75037           921.19995           931.66547          0.99999998E+31      0.99999998E+31       920.33801           921.59344    
       924.03735           926.53687           928.59753           929.99603           930.71381           930.52844           934.76410           951.27301          0.99999998E+31      0.99999998E+31
      0.99999998E+31      0.99999998E+31       1145.6979           1140.6506           1135.1420           1130.6678           1127.7646           1126.3773           1125.9594           1126.2644    
       1126.1929           1126.5205           1127.3988           1129.5637           1134.5587           1146.0566           1139.5272           1142.2604           1147.5449           1168.6183    
      0.99999998E+31      0.99999998E+31      0.99999998E+31      0.99999998E+31      0.99999998E+31      0.99999998E+31      0.99999998E+31      0.99999998E+31      0.99999998E+31      0.99999998E+31
      0.99999998E+31      0.99999998E+31      0.99999998E+31      0.99999998E+31      0.99999998E+31      0.99999998E+31      0.99999998E+31      0.99999998E+31      0.99999998E+31      0.99999998E+31
      0.99999998E+31      0.99999998E+31      0.99999998E+31      0.99999998E+31      0.99999998E+31      0.99999998E+31      0.99999998E+31      0.99999998E+31      0.99999998E+31      0.99999998E+31
      0.99999998E+31      0.99999998E+31      0.99999998E+31      0.99999998E+31      0.99999998E+31      0.99999998E+31      0.99999998E+31      0.99999998E+31      0.99999998E+31      0.99999998E+31
      0.99999998E+31      0.99999998E+31      0.99999998E+31      0.99999998E+31      0.99999998E+31      0.99999998E+31      0.99999998E+31      0.99999998E+31      0.99999998E+31      0.99999998E+31
      0.99999998E+31      0.99999998E+31      0.99999998E+31      0.99999998E+31      0.99999998E+31      0.99999998E+31      0.99999998E+31      0.99999998E+31      0.99999998E+31      0.99999998E+31
      0.99999998E+31      0.99999998E+31      0.99999998E+31      0.99999998E+31      0.99999998E+31      0.99999998E+31      0.99999998E+31      0.99999998E+31      0.99999998E+31      0.99999998E+31
      0.99999998E+31      0.99999998E+31
      0.99999998E+31      0.99999998E+31      0.99999998E+31      0.99999998E+31      0.99999998E+31      0.99999998E+31      0.99999998E+31      0.99999998E+31      0.99999998E+31      0.99999998E+31
      0.99999998E+31      0.99999998E+31      0.99999998E+31      0.99999998E+31      0.99999998E+31      0.99999998E+31      0.99999998E+31      0.99999998E+31      0.99999998E+31      0.99999998E+31
      0.99999998E+31      0.99999998E+31      0.99999998E+31      0.99999998E+31      0.99999998E+31      0.99999998E+31      0.99999998E+31      0.99999998E+31      0.99999998E+31      0.99999998E+31
      0.99999998E+31      0.99999998E+31      0.99999998E+31      0.99999998E+31      0.99999998E+31       1218.8655           1217.5815           1216.2777           1215.0226           1213.8748    
       1212.8606           1211.8953           1211.0424           1210.2665           1209.8784           1209.7258           1209.7506           1209.9784           1210.3560           1210.8016    
       1211.2559           1211.5476           1211.8346           1212.0027           1212.6290           1214.0748           1216.6915           1219.8944           1225.2386           1231.1932    
       1236.5626           1240.9327           1243.2917           1243.9418           1245.4442           1247.1322           1247.8866           1247.3440           1246.0902           1244.1035    
       1241.2065           1236.9490           1230.7639           1221.2104           1206.3740           1183.0768           1154.5168           1124.8960           1095.4680           1071.9937    
       1053.8148           1036.1439           1022.9376           1010.5159           995.73700           985.53748           977.15704           961.15851           952.86572           933.88770    
       923.66791           897.71143           958.02271           951.00537           872.53687           870.81635           863.56360           874.97186           872.77692           873.83093    
       886.71362           888.88562           878.18408           854.91071           845.80121           843.37946           842.16339           843.23865           845.90381           849.36731    
       851.02405           859.17017           869.40814           875.61572           883.28442           893.74164          0.99999998E+31      0.99999998E+31       913.40698           916.50055    
       918.74396           921.63428           924.02240           925.40338           926.17474           926.15271           928.59601           930.65833           955.04181          0.99999998E+31
      0.99999998E+31      0.99999998E+31       1136.5837           1134.1741           1130.9958           1127.4656           1125.2517           1124.3279           1124.0095           1124.0543    
       1124.2407           1124.7543           1125.7344           1128.0295           1132.8368           1139.5493           1142.9065           1145.2600           1148.3478           1148.0049    
      0.99999998E+31      0.99999998E+31      0.99999998E+31      0.99999998E+31      0.99999998E+31      0.99999998E+31      0.99999998E+31      0.99999998E+31      0.99999998E+31      0.99999998E+31
      0.99999998E+31      0.99999998E+31      0.99999998E+31      0.99999998E+31      0.99999998E+31      0.99999998E+31      0.99999998E+31      0.99999998E+31      0.99999998E+31      0.99999998E+31
      0.99999998E+31      0.99999998E+31      0.99999998E+31      0.99999998E+31      0.99999998E+31      0.99999998E+31      0.99999998E+31      0.99999998E+31      0.99999998E+31      0.99999998E+31
      0.99999998E+31      0.99999998E+31      0.99999998E+31      0.99999998E+31      0.99999998E+31      0.99999998E+31      0.99999998E+31      0.99999998E+31      0.99999998E+31      0.99999998E+31
      0.99999998E+31      0.99999998E+31      0.99999998E+31      0.99999998E+31      0.99999998E+31      0.99999998E+31      0.99999998E+31      0.99999998E+31      0.99999998E+31      0.99999998E+31
      0.99999998E+31      0.99999998E+31      0.99999998E+31      0.99999998E+31      0.99999998E+31      0.99999998E+31      0.99999998E+31      0.99999998E+31      0.99999998E+31      0.99999998E+31
      0.99999998E+31      0.99999998E+31      0.99999998E+31      0.99999998E+31      0.99999998E+31      0.99999998E+31      0.99999998E+31      0.99999998E+31      0.99999998E+31      0.99999998E+31
      0.99999998E+31      0.99999998E+31
      0.99999998E+31      0.99999998E+31      0.99999998E+31      0.99999998E+31      0.99999998E+31      0.99999998E+31      0.99999998E+31      0.99999998E+31      0.99999998E+31      0.99999998E+31
      0.99999998E+31      0.99999998E+31      0.99999998E+31      0.99999998E+31      0.99999998E+31      0.99999998E+31      0.99999998E+31      0.99999998E+31      0.99999998E+31      0.99999998E+31
      0.99999998E+31      0.99999998E+31      0.99999998E+31      0.99999998E+31      0.99999998E+31      0.99999998E+31      0.99999998E+31      0.99999998E+31      0.99999998E+31      0.99999998E+31
      0.99999998E+31      0.99999998E+31      0.99999998E+31      0.99999998E+31      0.99999998E+31      0.99999998E+31       1216.8269           1215.3328           1213.9017           1212.6124    
       1211.4702           1210.4447           1210.1040           1208.4146           1207.9545           1207.5833           1207.4611           1207.5049           1207.7410           1208.0724    
       1208.4021           1208.6791           1208.7856           1208.7350           1209.0518           1210.3092           1211.8564           1214.7545           1219.1298           1226.3892    
       1233.5400           1239.8632           1274.0331           1244.6313           1246.1244           1246.6787           1247.1050           1247.1497           1246.2107           1244.4897    
       1241.0055           1236.3293           1229.5229           1219.2301           1203.2809           1178.7964           1149.6708           1116.6309           1077.6824           1049.8479    
       1031.3755           1010.0096           994.71979           980.18109           966.76544           956.01678           946.67609           936.45612           930.08704           913.93506    
       910.30310           854.36395           887.50433           846.42169           847.73389           849.20593           850.20654           853.18243           856.94818           863.76746    
       870.57813           866.26910           863.69897           851.06091           867.56500           865.07587           842.19061           845.43256           846.31305           850.16138    
       851.90576           853.13934           854.84369           864.92993           875.64862           880.30402           884.04498           889.97314           900.39264           909.42755    
       913.83307           917.03528           919.70709           921.60217           922.60974           923.00024           924.47375           925.98029           950.04193           945.39093    
      0.99999998E+31      0.99999998E+31       1128.9390           1127.9246           1126.3656           1124.5211           1122.7570           1122.2303           1122.1104           1122.2009    
       1122.5095           1123.0391           1123.8439           1125.8596           1130.8342           1139.2079           1145.1077           1150.4425           1154.9583           1153.5012    
       1160.7499           1129.7200          0.99999998E+31      0.99999998E+31      0.99999998E+31      0.99999998E+31      0.99999998E+31      0.99999998E+31      0.99999998E+31      0.99999998E+31
      0.99999998E+31      0.99999998E+31      0.99999998E+31      0.99999998E+31      0.99999998E+31      0.99999998E+31      0.99999998E+31      0.99999998E+31      0.99999998E+31      0.99999998E+31
      0.99999998E+31      0.99999998E+31      0.99999998E+31      0.99999998E+31      0.99999998E+31      0.99999998E+31      0.99999998E+31      0.99999998E+31      0.99999998E+31      0.99999998E+31
      0.99999998E+31      0.99999998E+31      0.99999998E+31      0.99999998E+31      0.99999998E+31      0.99999998E+31      0.99999998E+31      0.99999998E+31      0.99999998E+31      0.99999998E+31
      0.99999998E+31      0.99999998E+31      0.99999998E+31      0.99999998E+31      0.99999998E+31      0.99999998E+31      0.99999998E+31      0.99999998E+31      0.99999998E+31      0.99999998E+31
      0.99999998E+31      0.99999998E+31      0.99999998E+31      0.99999998E+31      0.99999998E+31      0.99999998E+31      0.99999998E+31      0.99999998E+31      0.99999998E+31      0.99999998E+31
      0.99999998E+31      0.99999998E+31      0.99999998E+31      0.99999998E+31      0.99999998E+31      0.99999998E+31      0.99999998E+31      0.99999998E+31      0.99999998E+31      0.99999998E+31
      0.99999998E+31      0.99999998E+31
      0.99999998E+31      0.99999998E+31      0.99999998E+31      0.99999998E+31      0.99999998E+31      0.99999998E+31      0.99999998E+31      0.99999998E+31      0.99999998E+31      0.99999998E+31
      0.99999998E+31      0.99999998E+31      0.99999998E+31      0.99999998E+31      0.99999998E+31      0.99999998E+31      0.99999998E+31      0.99999998E+31      0.99999998E+31      0.99999998E+31
      0.99999998E+31      0.99999998E+31      0.99999998E+31      0.99999998E+31      0.99999998E+31      0.99999998E+31      0.99999998E+31      0.99999998E+31      0.99999998E+31      0.99999998E+31
      0.99999998E+31      0.99999998E+31      0.99999998E+31      0.99999998E+31      0.99999998E+31      0.99999998E+31      0.99999998E+31       1214.4791           1212.8187           1211.2888    
       1210.0071           1208.9247           1207.9332           1206.6068           1205.8384           1205.3878           1205.0051           1204.8352           1204.7864           1204.9188    
       1205.1893           1205.3539           1205.2701           1205.6234           1206.1959           1205.4041           1206.5162           1208.3170           1211.1384           1221.4266    
       1230.6096           1281.0739           1322.0671           1368.0409           1409.0376           1418.0481           1417.0519           1365.0995           1339.1450           1321.1864    
       1298.3254           1289.2899           1263.3846           1219.0356           1202.6044           1177.8738           1148.2291           1121.2335           1055.2188           1027.2476    
       1000.7217           982.57324           965.55261           953.16882           940.10913           923.82263           913.00818           907.61224           902.26880           903.38062    
       855.83893           900.71167           834.98834           835.72638           832.85675           840.28326           844.98981           849.11841           853.14337           858.32666    
       863.02844           858.97516           847.57263           839.44714           838.92346           838.03687           836.90479           841.30121           845.39331           848.56830    
       851.40942           852.99615           857.21582           864.47961           870.67969           875.61011           880.64624           886.31445           892.81287           900.35376    
       908.19415           913.37872           916.27936           918.29852           919.61261           920.38214           920.29895           921.18500           935.69415           939.88361    
      0.99999998E+31      0.99999998E+31       1123.2888           1123.1257           1122.5453           1121.3688           1120.1573           1120.1583           1120.1581           1120.4498    
       1120.8610           1121.4646           1122.3416           1123.8387           1127.8206           1134.2223           1142.6072           1153.2810           1163.8142           1164.6737    
       1179.3560           1166.5941          0.99999998E+31      0.99999998E+31      0.99999998E+31      0.99999998E+31      0.99999998E+31      0.99999998E+31      0.99999998E+31      0.99999998E+31
      0.99999998E+31      0.99999998E+31      0.99999998E+31      0.99999998E+31      0.99999998E+31      0.99999998E+31      0.99999998E+31      0.99999998E+31      0.99999998E+31      0.99999998E+31
      0.99999998E+31      0.99999998E+31      0.99999998E+31      0.99999998E+31      0.99999998E+31      0.99999998E+31      0.99999998E+31      0.99999998E+31      0.99999998E+31      0.99999998E+31
      0.99999998E+31      0.99999998E+31      0.99999998E+31      0.99999998E+31      0.99999998E+31      0.99999998E+31      0.99999998E+31      0.99999998E+31      0.99999998E+31      0.99999998E+31
      0.99999998E+31      0.99999998E+31      0.99999998E+31      0.99999998E+31      0.99999998E+31      0.99999998E+31      0.99999998E+31      0.99999998E+31      0.99999998E+31      0.99999998E+31
      0.99999998E+31      0.99999998E+31      0.99999998E+31      0.99999998E+31      0.99999998E+31      0.99999998E+31      0.99999998E+31      0.99999998E+31      0.99999998E+31      0.99999998E+31
      0.99999998E+31      0.99999998E+31      0.99999998E+31      0.99999998E+31      0.99999998E+31      0.99999998E+31      0.99999998E+31      0.99999998E+31      0.99999998E+31      0.99999998E+31
      0.99999998E+31      0.99999998E+31
      0.99999998E+31      0.99999998E+31      0.99999998E+31      0.99999998E+31      0.99999998E+31      0.99999998E+31      0.99999998E+31      0.99999998E+31      0.99999998E+31      0.99999998E+31
      0.99999998E+31      0.99999998E+31      0.99999998E+31      0.99999998E+31      0.99999998E+31      0.99999998E+31      0.99999998E+31      0.99999998E+31      0.99999998E+31      0.99999998E+31
      0.99999998E+31      0.99999998E+31      0.99999998E+31      0.99999998E+31      0.99999998E+31      0.99999998E+31      0.99999998E+31      0.99999998E+31      0.99999998E+31      0.99999998E+31
      0.99999998E+31      0.99999998E+31      0.99999998E+31      0.99999998E+31      0.99999998E+31      0.99999998E+31      0.99999998E+31      0.99999998E+31       1211.9409           1210.0431    
       1208.4744           1207.3411           1206.2468           1204.9688           1203.7308           1203.0626           1202.4247           1201.9329           1201.5342           1201.3746    
       1201.4585           1201.6412           1201.2173           1202.1394           1202.9542           1200.7544           1202.0364           1203.6672           1205.7473           1218.2922    
       1281.0371          0.99999998E+31      0.99999998E+31      0.99999998E+31      0.99999998E+31      0.99999998E+31      0.99999998E+31      0.99999998E+31      0.99999998E+31      0.99999998E+31
      0.99999998E+31      0.99999998E+31      0.99999998E+31      0.99999998E+31      0.99999998E+31      0.99999998E+31      0.99999998E+31      0.99999998E+31       1040.7448           997.39325    
       969.79132           953.24854           939.90369           926.78625           914.21490           896.29602           885.68329           870.30255           853.63794           847.40912    
       847.32440           850.06860           833.66656           832.93903           833.00952           834.48749           838.57324           842.96582           847.16223           851.24603    
       853.86853           851.27478           842.50214           835.24988           836.91345           836.90509           838.34802           841.11200           845.32874           848.94342    
       852.30072           855.34985           859.26953           864.32135           869.24091           873.98602           878.64307           882.60388           887.81848           895.67615    
       902.44128           907.66522           911.74463           914.85846           916.92981           918.35101           919.09332           920.13110           940.58960           950.34003    
      0.99999998E+31       1117.4308           1119.1061           1119.7896           1120.2563           1119.1493           1116.7698           1117.7719           1118.2572           1118.7640    
       1119.3229           1120.0331           1121.0642           1122.5763           1125.2708           1129.5060           1135.5688           1147.4912           1161.1179           1169.0405    
       1190.3138           1191.8622          0.99999998E+31      0.99999998E+31      0.99999998E+31      0.99999998E+31      0.99999998E+31      0.99999998E+31      0.99999998E+31      0.99999998E+31
      0.99999998E+31      0.99999998E+31      0.99999998E+31      0.99999998E+31      0.99999998E+31      0.99999998E+31      0.99999998E+31      0.99999998E+31      0.99999998E+31      0.99999998E+31
      0.99999998E+31      0.99999998E+31      0.99999998E+31      0.99999998E+31      0.99999998E+31      0.99999998E+31      0.99999998E+31      0.99999998E+31      0.99999998E+31      0.99999998E+31
      0.99999998E+31      0.99999998E+31      0.99999998E+31      0.99999998E+31      0.99999998E+31      0.99999998E+31      0.99999998E+31      0.99999998E+31      0.99999998E+31      0.99999998E+31
      0.99999998E+31      0.99999998E+31      0.99999998E+31      0.99999998E+31      0.99999998E+31      0.99999998E+31      0.99999998E+31      0.99999998E+31      0.99999998E+31      0.99999998E+31
      0.99999998E+31      0.99999998E+31      0.99999998E+31      0.99999998E+31      0.99999998E+31      0.99999998E+31      0.99999998E+31      0.99999998E+31      0.99999998E+31      0.99999998E+31
      0.99999998E+31      0.99999998E+31      0.99999998E+31      0.99999998E+31      0.99999998E+31      0.99999998E+31      0.99999998E+31      0.99999998E+31      0.99999998E+31      0.99999998E+31
      0.99999998E+31      0.99999998E+31
      0.99999998E+31      0.99999998E+31      0.99999998E+31      0.99999998E+31      0.99999998E+31      0.99999998E+31      0.99999998E+31      0.99999998E+31      0.99999998E+31      0.99999998E+31
      0.99999998E+31      0.99999998E+31      0.99999998E+31      0.99999998E+31      0.99999998E+31      0.99999998E+31      0.99999998E+31      0.99999998E+31      0.99999998E+31      0.99999998E+31
      0.99999998E+31      0.99999998E+31      0.99999998E+31      0.99999998E+31      0.99999998E+31      0.99999998E+31      0.99999998E+31      0.99999998E+31      0.99999998E+31      0.99999998E+31
      0.99999998E+31      0.99999998E+31      0.99999998E+31      0.99999998E+31      0.99999998E+31      0.99999998E+31      0.99999998E+31      0.99999998E+31      0.99999998E+31       1208.7800    
       1207.1414           1205.8529           1204.6539           1203.2773           1201.8538           1200.6301           1199.7096           1198.8103           1198.0427           1197.4814    
       1197.0610           1195.9692           1195.9250           1198.1921           1196.3710           1196.5106           1197.0563           1198.3639           1199.6294           1240.0651    
      0.99999998E+31      0.99999998E+31      0.99999998E+31      0.99999998E+31      0.99999998E+31      0.99999998E+31      0.99999998E+31      0.99999998E+31      0.99999998E+31      0.99999998E+31
      0.99999998E+31      0.99999998E+31      0.99999998E+31      0.99999998E+31      0.99999998E+31      0.99999998E+31      0.99999998E+31      0.99999998E+31       999.74249           967.13214    
       939.40735           927.78534           916.90405           903.55188           892.22736           880.62738           863.42145           847.59302           829.33026           816.19977    
       821.15619           825.75677           828.68164           829.47815           829.08911           829.58215           833.37158           836.75311           840.29724           843.39191    
       844.48175           842.66254           837.97845           836.63763           836.86749           838.01617           839.92590           842.72498           846.31049           850.04358    
       853.82758           857.20630           860.87286           865.04846           869.10260           872.96954           876.67963           878.70807           883.44171           891.08478    
       897.58746           902.83240           907.60907           911.60669           914.68329           916.86127           917.78857           919.01581           940.45325           955.05908    
      0.99999998E+31       1116.4429           1116.9243           1117.2625           1117.8762           1117.0277           1115.6569           1115.8809           1116.2733           1116.8242    
       1117.5986           1118.6677           1119.9386           1121.2623           1123.0616           1125.8695           1129.1786           1134.3357           1143.4691           1149.3317    
       1165.9575           1157.6014           1118.0500           1115.4800          0.99999998E+31      0.99999998E+31      0.99999998E+31      0.99999998E+31      0.99999998E+31      0.99999998E+31
      0.99999998E+31      0.99999998E+31      0.99999998E+31      0.99999998E+31      0.99999998E+31      0.99999998E+31      0.99999998E+31      0.99999998E+31      0.99999998E+31      0.99999998E+31
      0.99999998E+31      0.99999998E+31      0.99999998E+31      0.99999998E+31      0.99999998E+31      0.99999998E+31      0.99999998E+31      0.99999998E+31      0.99999998E+31      0.99999998E+31
      0.99999998E+31      0.99999998E+31      0.99999998E+31      0.99999998E+31      0.99999998E+31      0.99999998E+31      0.99999998E+31      0.99999998E+31      0.99999998E+31      0.99999998E+31
      0.99999998E+31      0.99999998E+31      0.99999998E+31      0.99999998E+31      0.99999998E+31      0.99999998E+31      0.99999998E+31      0.99999998E+31      0.99999998E+31      0.99999998E+31
      0.99999998E+31      0.99999998E+31      0.99999998E+31      0.99999998E+31      0.99999998E+31      0.99999998E+31      0.99999998E+31      0.99999998E+31      0.99999998E+31      0.99999998E+31
      0.99999998E+31      0.99999998E+31      0.99999998E+31      0.99999998E+31      0.99999998E+31      0.99999998E+31      0.99999998E+31      0.99999998E+31      0.99999998E+31      0.99999998E+31
      0.99999998E+31      0.99999998E+31
      0.99999998E+31      0.99999998E+31      0.99999998E+31      0.99999998E+31      0.99999998E+31      0.99999998E+31      0.99999998E+31      0.99999998E+31      0.99999998E+31      0.99999998E+31
      0.99999998E+31      0.99999998E+31      0.99999998E+31      0.99999998E+31      0.99999998E+31      0.99999998E+31      0.99999998E+31      0.99999998E+31      0.99999998E+31      0.99999998E+31
      0.99999998E+31      0.99999998E+31      0.99999998E+31      0.99999998E+31      0.99999998E+31      0.99999998E+31      0.99999998E+31      0.99999998E+31      0.99999998E+31      0.99999998E+31
      0.99999998E+31      0.99999998E+31      0.99999998E+31      0.99999998E+31      0.99999998E+31      0.99999998E+31      0.99999998E+31      0.99999998E+31      0.99999998E+31      0.99999998E+31
       1206.1271           1204.4977           1203.1439           1201.8324           1199.7148           1198.2719           1196.8793           1195.4790           1194.2549           1193.2400    
       1192.4014           1190.9584           1191.0990           1192.0820           1191.7538           1192.1710           1192.7788           1193.2263           1194.1995          0.99999998E+31
      0.99999998E+31      0.99999998E+31      0.99999998E+31      0.99999998E+31      0.99999998E+31      0.99999998E+31      0.99999998E+31      0.99999998E+31      0.99999998E+31      0.99999998E+31
      0.99999998E+31      0.99999998E+31      0.99999998E+31      0.99999998E+31      0.99999998E+31      0.99999998E+31      0.99999998E+31      0.99999998E+31       1001.2701           944.92999    
       915.68939           905.95288           897.88879           884.97723           874.95026           864.11511           848.62555           831.87115           820.85638           810.69293    
       815.24829           818.15240           821.46356           823.94806           825.16083           827.40887           829.42004           830.11713           833.53149           837.01654    
       838.58228           838.20691           835.85815           835.58533           835.98615           838.44299           840.85834           843.86560           847.50482           851.54962    
       856.17505           859.24841           862.61633           866.13000           869.52985           872.64984           875.32336           876.58624           880.19366           886.85431    
       893.48358           899.09650           904.05255           907.97778           913.47076           916.63495           916.79883           918.17999           940.81714           950.90649    
      0.99999998E+31       1115.3705           1115.2988           1114.9983           1114.7578           1114.2390           1113.8267           1113.9650           1114.3009           1114.8651    
       1115.7273           1117.0219           1118.7417           1119.8805           1120.8324           1123.2316           1125.3395           1127.4471           1130.3082           1136.0665    
       1138.1246           1126.0209           1111.2761           1112.1012          0.99999998E+31      0.99999998E+31      0.99999998E+31      0.99999998E+31      0.99999998E+31      0.99999998E+31
      0.99999998E+31      0.99999998E+31      0.99999998E+31      0.99999998E+31      0.99999998E+31      0.99999998E+31      0.99999998E+31      0.99999998E+31      0.99999998E+31      0.99999998E+31
      0.99999998E+31      0.99999998E+31      0.99999998E+31      0.99999998E+31      0.99999998E+31      0.99999998E+31      0.99999998E+31      0.99999998E+31      0.99999998E+31      0.99999998E+31
      0.99999998E+31      0.99999998E+31      0.99999998E+31      0.99999998E+31      0.99999998E+31      0.99999998E+31      0.99999998E+31      0.99999998E+31      0.99999998E+31      0.99999998E+31
      0.99999998E+31      0.99999998E+31      0.99999998E+31      0.99999998E+31      0.99999998E+31      0.99999998E+31      0.99999998E+31      0.99999998E+31      0.99999998E+31      0.99999998E+31
      0.99999998E+31      0.99999998E+31      0.99999998E+31      0.99999998E+31      0.99999998E+31      0.99999998E+31      0.99999998E+31      0.99999998E+31      0.99999998E+31      0.99999998E+31
      0.99999998E+31      0.99999998E+31      0.99999998E+31      0.99999998E+31      0.99999998E+31      0.99999998E+31      0.99999998E+31      0.99999998E+31      0.99999998E+31      0.99999998E+31
      0.99999998E+31      0.99999998E+31
      0.99999998E+31      0.99999998E+31      0.99999998E+31      0.99999998E+31      0.99999998E+31      0.99999998E+31      0.99999998E+31      0.99999998E+31      0.99999998E+31      0.99999998E+31
      0.99999998E+31      0.99999998E+31      0.99999998E+31      0.99999998E+31      0.99999998E+31      0.99999998E+31      0.99999998E+31      0.99999998E+31      0.99999998E+31      0.99999998E+31
      0.99999998E+31      0.99999998E+31      0.99999998E+31      0.99999998E+31      0.99999998E+31      0.99999998E+31      0.99999998E+31      0.99999998E+31      0.99999998E+31      0.99999998E+31
      0.99999998E+31      0.99999998E+31      0.99999998E+31      0.99999998E+31      0.99999998E+31      0.99999998E+31      0.99999998E+31      0.99999998E+31      0.99999998E+31      0.99999998E+31
      0.99999998E+31       1203.4308           1201.6931           1200.6072           1197.5934           1195.7968           1193.9094           1191.9458           1190.0292           1188.4705    
       1187.1448           1185.8871           1186.8340           1186.8383           1186.8901           1187.1785           1186.5951           1186.5762           1187.2367          0.99999998E+31
      0.99999998E+31      0.99999998E+31      0.99999998E+31      0.99999998E+31      0.99999998E+31      0.99999998E+31      0.99999998E+31      0.99999998E+31      0.99999998E+31      0.99999998E+31
      0.99999998E+31      0.99999998E+31      0.99999998E+31      0.99999998E+31      0.99999998E+31      0.99999998E+31      0.99999998E+31       1066.1802           896.92572           904.87024    
       896.55615           890.40350           883.93225           872.68396           864.18787           855.71594           843.19861           826.06818           816.51245           813.48926    
       812.46143           812.13733           816.61462           820.67194           823.55554           825.67896           827.05884           827.33942           826.27124           831.76440    
       834.21979           835.06006           834.16968           835.17285           836.27539           838.42645           841.34918           844.71710           848.83990           852.86554    
       857.27368           859.93762           863.75909           867.32074           870.48224           872.81683           875.34558           875.37030           876.57495           884.76404    
       891.36871           896.40509           900.97235           905.56842           911.99744           915.42859           915.85956           917.02722          0.99999998E+31      0.99999998E+31
      0.99999998E+31       1114.7140           1114.3239           1113.2666           1112.4161           1111.9921           1111.9589           1112.0616           1112.3074           1112.7972    
       1113.6138           1114.8915           1116.3911           1117.5889           1118.3362           1119.5105           1121.6002           1123.1447           1125.4882           1130.7150    
       1133.5305           1124.6371           1104.2607           1104.7942          0.99999998E+31      0.99999998E+31      0.99999998E+31      0.99999998E+31      0.99999998E+31      0.99999998E+31
      0.99999998E+31      0.99999998E+31      0.99999998E+31      0.99999998E+31      0.99999998E+31      0.99999998E+31      0.99999998E+31      0.99999998E+31      0.99999998E+31      0.99999998E+31
      0.99999998E+31      0.99999998E+31      0.99999998E+31      0.99999998E+31      0.99999998E+31      0.99999998E+31      0.99999998E+31      0.99999998E+31      0.99999998E+31      0.99999998E+31
      0.99999998E+31      0.99999998E+31      0.99999998E+31      0.99999998E+31      0.99999998E+31      0.99999998E+31      0.99999998E+31      0.99999998E+31      0.99999998E+31      0.99999998E+31
      0.99999998E+31      0.99999998E+31      0.99999998E+31      0.99999998E+31      0.99999998E+31      0.99999998E+31      0.99999998E+31      0.99999998E+31      0.99999998E+31      0.99999998E+31
      0.99999998E+31      0.99999998E+31      0.99999998E+31      0.99999998E+31      0.99999998E+31      0.99999998E+31      0.99999998E+31      0.99999998E+31      0.99999998E+31      0.99999998E+31
      0.99999998E+31      0.99999998E+31      0.99999998E+31      0.99999998E+31      0.99999998E+31      0.99999998E+31      0.99999998E+31      0.99999998E+31      0.99999998E+31      0.99999998E+31
      0.99999998E+31      0.99999998E+31
      0.99999998E+31      0.99999998E+31      0.99999998E+31      0.99999998E+31      0.99999998E+31      0.99999998E+31      0.99999998E+31      0.99999998E+31      0.99999998E+31      0.99999998E+31
      0.99999998E+31      0.99999998E+31      0.99999998E+31      0.99999998E+31      0.99999998E+31      0.99999998E+31      0.99999998E+31      0.99999998E+31      0.99999998E+31      0.99999998E+31
      0.99999998E+31      0.99999998E+31      0.99999998E+31      0.99999998E+31      0.99999998E+31      0.99999998E+31      0.99999998E+31      0.99999998E+31      0.99999998E+31      0.99999998E+31
      0.99999998E+31      0.99999998E+31      0.99999998E+31      0.99999998E+31      0.99999998E+31      0.99999998E+31      0.99999998E+31      0.99999998E+31      0.99999998E+31      0.99999998E+31
      0.99999998E+31      0.99999998E+31       1200.3997           1199.0400           1195.7753           1193.1456           1190.8789           1188.3234           1185.7946           1183.4883    
       1181.2001           1180.2437           1181.3231           1181.4119           1181.1965           1181.3965           1181.2136           1181.4221           1183.9589          0.99999998E+31
      0.99999998E+31      0.99999998E+31      0.99999998E+31      0.99999998E+31      0.99999998E+31      0.99999998E+31      0.99999998E+31      0.99999998E+31      0.99999998E+31      0.99999998E+31
      0.99999998E+31      0.99999998E+31      0.99999998E+31      0.99999998E+31      0.99999998E+31      0.99999998E+31      0.99999998E+31       881.84729           882.62872           883.77850    
       881.10266           877.63763           873.16217           863.21594           856.95929           850.99609           840.31238           827.64032           818.92499           813.75970    
       809.68890           802.40442           810.69885           818.53210           822.59497           824.78302           825.94482           826.02228           825.57678           828.97485    
       830.97363           831.95624           832.16040           834.26514           834.85095           837.69409           841.38202           845.63879           849.83771           853.86218    
       857.74921           861.17175           864.42548           868.60516           872.14209           874.77667           877.57458           879.42487           881.73535           886.23523    
       891.46295           895.50055           899.45386           902.17657          0.99999998E+31      0.99999998E+31      0.99999998E+31      0.99999998E+31      0.99999998E+31      0.99999998E+31
      0.99999998E+31      0.99999998E+31      0.99999998E+31       1111.4254           1110.3828           1110.0278           1110.0850           1110.0741           1110.1741           1110.5176    
       1111.1526           1112.0773           1113.2212           1114.0939           1114.9017           1115.9667           1117.2838           1118.2002           1119.1848           1122.0475    
       1122.0377           1117.1814           1099.7722           1099.0704          0.99999998E+31      0.99999998E+31      0.99999998E+31      0.99999998E+31      0.99999998E+31      0.99999998E+31
      0.99999998E+31      0.99999998E+31      0.99999998E+31      0.99999998E+31      0.99999998E+31      0.99999998E+31      0.99999998E+31      0.99999998E+31      0.99999998E+31      0.99999998E+31
      0.99999998E+31      0.99999998E+31      0.99999998E+31      0.99999998E+31      0.99999998E+31      0.99999998E+31      0.99999998E+31      0.99999998E+31      0.99999998E+31      0.99999998E+31
      0.99999998E+31      0.99999998E+31      0.99999998E+31      0.99999998E+31      0.99999998E+31      0.99999998E+31      0.99999998E+31      0.99999998E+31      0.99999998E+31      0.99999998E+31
      0.99999998E+31      0.99999998E+31      0.99999998E+31      0.99999998E+31      0.99999998E+31      0.99999998E+31      0.99999998E+31      0.99999998E+31      0.99999998E+31      0.99999998E+31
      0.99999998E+31      0.99999998E+31      0.99999998E+31      0.99999998E+31      0.99999998E+31      0.99999998E+31      0.99999998E+31      0.99999998E+31      0.99999998E+31      0.99999998E+31
      0.99999998E+31      0.99999998E+31      0.99999998E+31      0.99999998E+31      0.99999998E+31      0.99999998E+31      0.99999998E+31      0.99999998E+31      0.99999998E+31      0.99999998E+31
      0.99999998E+31      0.99999998E+31
      0.99999998E+31      0.99999998E+31      0.99999998E+31      0.99999998E+31      0.99999998E+31      0.99999998E+31      0.99999998E+31      0.99999998E+31      0.99999998E+31      0.99999998E+31
      0.99999998E+31      0.99999998E+31      0.99999998E+31      0.99999998E+31       1000.4265           997.08905           995.51965           994.13892           993.07819           992.27002    
       991.51971           991.10156           990.95789          0.99999998E+31      0.99999998E+31      0.99999998E+31      0.99999998E+31      0.99999998E+31      0.99999998E+31      0.99999998E+31
      0.99999998E+31      0.99999998E+31      0.99999998E+31      0.99999998E+31      0.99999998E+31      0.99999998E+31      0.99999998E+31      0.99999998E+31      0.99999998E+31      0.99999998E+31
      0.99999998E+31      0.99999998E+31      0.99999998E+31       1197.6892           1194.0187           1190.5092           1187.2480           1184.1219           1181.4912           1178.5366    
       1175.5417           1174.3446           1175.0479           1175.2589           1175.2184           1174.9834           1174.6904           1174.5162           1174.5023          0.99999998E+31
      0.99999998E+31      0.99999998E+31      0.99999998E+31      0.99999998E+31      0.99999998E+31      0.99999998E+31      0.99999998E+31      0.99999998E+31      0.99999998E+31      0.99999998E+31
      0.99999998E+31      0.99999998E+31      0.99999998E+31      0.99999998E+31      0.99999998E+31      0.99999998E+31      0.99999998E+31       880.32153           871.22461           871.23175    
       869.19409           867.05719           863.90955           855.73755           850.15839           844.01709           834.51263           819.84857           816.72229           813.41388    
       811.00293           809.59375           813.66742           818.88342           822.43878           824.48676           825.52216           825.41937           823.46686           827.01538    
       828.45935           830.27435           832.30176           833.27881           834.91217           837.01611           841.77692           845.98712           849.93280           853.93213    
       857.85120           861.42010           864.26917           869.57782           873.04132           876.65759           880.07373           882.89423           885.13715           888.37811    
       892.11414           895.33856           899.24933           901.20441          0.99999998E+31      0.99999998E+31      0.99999998E+31      0.99999998E+31      0.99999998E+31      0.99999998E+31
      0.99999998E+31      0.99999998E+31      0.99999998E+31      0.99999998E+31       1108.6444           1108.4386           1108.1925           1107.9441           1107.7234           1108.0350    
       1108.5278           1109.1742           1109.8774           1110.4847           1111.0078           1111.5205           1112.3505           1112.9038           1113.0153           1112.7141    
       1111.2284           1110.0298           1099.2184           1095.3362          0.99999998E+31      0.99999998E+31      0.99999998E+31      0.99999998E+31      0.99999998E+31      0.99999998E+31
      0.99999998E+31      0.99999998E+31      0.99999998E+31      0.99999998E+31      0.99999998E+31      0.99999998E+31      0.99999998E+31      0.99999998E+31      0.99999998E+31      0.99999998E+31
      0.99999998E+31      0.99999998E+31      0.99999998E+31      0.99999998E+31      0.99999998E+31      0.99999998E+31      0.99999998E+31      0.99999998E+31      0.99999998E+31      0.99999998E+31
      0.99999998E+31      0.99999998E+31      0.99999998E+31      0.99999998E+31      0.99999998E+31      0.99999998E+31      0.99999998E+31      0.99999998E+31      0.99999998E+31      0.99999998E+31
      0.99999998E+31      0.99999998E+31      0.99999998E+31      0.99999998E+31      0.99999998E+31      0.99999998E+31      0.99999998E+31      0.99999998E+31      0.99999998E+31      0.99999998E+31
      0.99999998E+31      0.99999998E+31      0.99999998E+31      0.99999998E+31      0.99999998E+31      0.99999998E+31      0.99999998E+31      0.99999998E+31      0.99999998E+31      0.99999998E+31
      0.99999998E+31      0.99999998E+31      0.99999998E+31      0.99999998E+31      0.99999998E+31      0.99999998E+31      0.99999998E+31      0.99999998E+31      0.99999998E+31      0.99999998E+31
      0.99999998E+31      0.99999998E+31
      0.99999998E+31      0.99999998E+31      0.99999998E+31      0.99999998E+31      0.99999998E+31      0.99999998E+31      0.99999998E+31      0.99999998E+31      0.99999998E+31      0.99999998E+31
      0.99999998E+31      0.99999998E+31      0.99999998E+31      0.99999998E+31       996.35535           994.67108           992.89093           992.06885           991.43188           990.84039    
       990.18121           989.41858           988.53198           987.69855           987.24738          0.99999998E+31      0.99999998E+31      0.99999998E+31      0.99999998E+31      0.99999998E+31
      0.99999998E+31      0.99999998E+31      0.99999998E+31      0.99999998E+31      0.99999998E+31      0.99999998E+31      0.99999998E+31      0.99999998E+31      0.99999998E+31      0.99999998E+31
      0.99999998E+31      0.99999998E+31      0.99999998E+31      0.99999998E+31       1192.1705           1187.2157           1182.8759           1179.3630           1176.5565           1173.3046    
       1169.6720           1168.0847           1168.2565           1168.3298           1168.8082           1169.1595           1168.9642           1168.7440           1168.0033          0.99999998E+31
      0.99999998E+31      0.99999998E+31      0.99999998E+31      0.99999998E+31      0.99999998E+31      0.99999998E+31      0.99999998E+31      0.99999998E+31      0.99999998E+31      0.99999998E+31
      0.99999998E+31      0.99999998E+31      0.99999998E+31      0.99999998E+31      0.99999998E+31      0.99999998E+31      0.99999998E+31       875.14368           863.43048           862.22375    
       859.57568           858.10474           855.26715           848.00842           842.13989           833.44055           825.03918           818.18567           814.83539           812.43732    
       811.15234           811.05237           813.37897           818.58801           822.36108           824.63171           825.74408           825.97461           825.72705           825.42041    
       827.63184           828.63245           830.12231           830.07440           833.42664           836.28583           840.76141           845.27722           849.53143           853.61462    
       857.79224           861.70923           865.36926           870.08105           872.88788           878.31940           882.79590           886.48865           888.88721           891.57477    
       894.89734           897.85065           900.56000           901.53809          0.99999998E+31      0.99999998E+31      0.99999998E+31      0.99999998E+31      0.99999998E+31      0.99999998E+31
      0.99999998E+31      0.99999998E+31      0.99999998E+31       1107.2583           1108.1632           1107.7554           1106.5922           1105.6918           1104.2600           1105.3092    
       1105.8370           1106.3530           1106.7711           1107.0636           1107.2108           1107.1476           1107.6444           1107.8383           1107.4724           1106.0983    
       1103.8550           1101.3611           1100.3286           1094.7861          0.99999998E+31      0.99999998E+31      0.99999998E+31      0.99999998E+31      0.99999998E+31      0.99999998E+31
      0.99999998E+31      0.99999998E+31      0.99999998E+31      0.99999998E+31      0.99999998E+31      0.99999998E+31      0.99999998E+31      0.99999998E+31      0.99999998E+31      0.99999998E+31
      0.99999998E+31      0.99999998E+31      0.99999998E+31      0.99999998E+31      0.99999998E+31      0.99999998E+31      0.99999998E+31      0.99999998E+31      0.99999998E+31      0.99999998E+31
      0.99999998E+31      0.99999998E+31      0.99999998E+31      0.99999998E+31      0.99999998E+31      0.99999998E+31      0.99999998E+31      0.99999998E+31      0.99999998E+31      0.99999998E+31
      0.99999998E+31      0.99999998E+31      0.99999998E+31      0.99999998E+31      0.99999998E+31      0.99999998E+31      0.99999998E+31      0.99999998E+31      0.99999998E+31      0.99999998E+31
      0.99999998E+31      0.99999998E+31      0.99999998E+31      0.99999998E+31      0.99999998E+31      0.99999998E+31      0.99999998E+31      0.99999998E+31      0.99999998E+31      0.99999998E+31
      0.99999998E+31      0.99999998E+31      0.99999998E+31      0.99999998E+31      0.99999998E+31      0.99999998E+31      0.99999998E+31      0.99999998E+31      0.99999998E+31      0.99999998E+31
      0.99999998E+31      0.99999998E+31
      0.99999998E+31      0.99999998E+31      0.99999998E+31      0.99999998E+31      0.99999998E+31      0.99999998E+31      0.99999998E+31      0.99999998E+31      0.99999998E+31      0.99999998E+31
      0.99999998E+31      0.99999998E+31      0.99999998E+31      0.99999998E+31       994.03595           992.42480           991.89465           991.41522           990.90088           990.33856    
       989.68402           988.86078           987.88568           986.76538           985.64117           984.87225           980.71442           978.87860           977.62415          0.99999998E+31
      0.99999998E+31      0.99999998E+31      0.99999998E+31      0.99999998E+31      0.99999998E+31      0.99999998E+31      0.99999998E+31      0.99999998E+31      0.99999998E+31      0.99999998E+31
      0.99999998E+31      0.99999998E+31      0.99999998E+31      0.99999998E+31      0.99999998E+31       1183.6245           1177.1577           1173.8147           1171.2638           1168.1624    
       1163.2755           1161.2574           1161.2596           1161.4482           1161.9153           1162.0126           1160.9796           1160.0884           1159.2245          0.99999998E+31
      0.99999998E+31      0.99999998E+31      0.99999998E+31      0.99999998E+31      0.99999998E+31      0.99999998E+31      0.99999998E+31      0.99999998E+31      0.99999998E+31      0.99999998E+31
      0.99999998E+31      0.99999998E+31      0.99999998E+31      0.99999998E+31      0.99999998E+31      0.99999998E+31      0.99999998E+31       928.26965           859.19696           856.42590    
       852.33411           852.10437           847.20374           840.82544           834.02722           820.96655           816.87366           814.18689           811.51337           810.17340    
       809.64679           809.55383           808.13623           817.03564           822.10022           824.93378           826.38232           826.39606           827.25787           827.45227    
       827.36963           825.74786           829.31989           830.66412           833.10840           836.43835           840.49146           844.95105           849.26715           853.53186    
       857.86523           861.89246           865.13562           870.92761           876.01239           879.75201           885.67896           889.51569           892.45209           895.53058    
       898.65070           901.39581           903.25433           903.29492          0.99999998E+31      0.99999998E+31      0.99999998E+31      0.99999998E+31      0.99999998E+31      0.99999998E+31
      0.99999998E+31      0.99999998E+31       1106.9301           1107.1093           1107.5829           1106.8882           1105.4055           1104.2168           1103.0004           1102.8109    
       1102.9614           1103.5720           1103.8466           1103.9280           1103.8910           1103.7684           1103.7078           1103.5929           1103.0769           1101.8461    
       1100.0607           1098.4452           1097.6744           1096.9376          0.99999998E+31      0.99999998E+31      0.99999998E+31      0.99999998E+31      0.99999998E+31      0.99999998E+31
      0.99999998E+31      0.99999998E+31      0.99999998E+31      0.99999998E+31      0.99999998E+31      0.99999998E+31      0.99999998E+31      0.99999998E+31      0.99999998E+31      0.99999998E+31
      0.99999998E+31      0.99999998E+31      0.99999998E+31      0.99999998E+31      0.99999998E+31      0.99999998E+31      0.99999998E+31      0.99999998E+31      0.99999998E+31      0.99999998E+31
      0.99999998E+31      0.99999998E+31      0.99999998E+31      0.99999998E+31      0.99999998E+31      0.99999998E+31      0.99999998E+31      0.99999998E+31      0.99999998E+31      0.99999998E+31
      0.99999998E+31      0.99999998E+31      0.99999998E+31      0.99999998E+31      0.99999998E+31      0.99999998E+31      0.99999998E+31      0.99999998E+31      0.99999998E+31      0.99999998E+31
      0.99999998E+31      0.99999998E+31      0.99999998E+31      0.99999998E+31      0.99999998E+31      0.99999998E+31      0.99999998E+31      0.99999998E+31      0.99999998E+31      0.99999998E+31
      0.99999998E+31      0.99999998E+31      0.99999998E+31      0.99999998E+31      0.99999998E+31      0.99999998E+31      0.99999998E+31      0.99999998E+31      0.99999998E+31      0.99999998E+31
      0.99999998E+31      0.99999998E+31
      0.99999998E+31      0.99999998E+31      0.99999998E+31      0.99999998E+31      0.99999998E+31      0.99999998E+31      0.99999998E+31      0.99999998E+31      0.99999998E+31      0.99999998E+31
      0.99999998E+31      0.99999998E+31      0.99999998E+31      0.99999998E+31       992.04395           991.66699           991.27533           990.88031           990.47144           989.97852    
       989.35492           988.53369           987.43652           986.01617           984.29248           982.11810           979.66003           980.36285           977.95697           975.40100    
       971.36469           969.79285           968.27881           967.32556           966.57098           965.97253           965.54816           965.26276           965.16388          0.99999998E+31
      0.99999998E+31      0.99999998E+31      0.99999998E+31      0.99999998E+31      0.99999998E+31      0.99999998E+31       1167.8369           1166.4749           1164.8317           1163.6837    
       1155.7661           1153.5560           1153.5486           1153.8376           1154.2922           1154.5712           1154.1095           1153.5656           1153.1147          0.99999998E+31
      0.99999998E+31      0.99999998E+31      0.99999998E+31      0.99999998E+31      0.99999998E+31      0.99999998E+31      0.99999998E+31      0.99999998E+31      0.99999998E+31      0.99999998E+31
      0.99999998E+31      0.99999998E+31      0.99999998E+31      0.99999998E+31      0.99999998E+31      0.99999998E+31      0.99999998E+31       904.49976           853.33850           847.20276    
       844.58783           844.73035           838.59894           833.07751           827.19604           819.78589           814.38251           810.10742           807.17975           807.20508    
       807.37042           808.48920           809.05469           816.70197           821.60217           824.05634           826.12671           827.53552           828.83246           829.20386    
       828.93414           828.39404           830.01941           830.65363           833.09949           837.04547           840.67084           845.63654           849.95404           854.06854    
       858.91656           863.77026           868.23773           874.00311           879.49579           883.96454           888.80988           892.48242           895.62451           898.54077    
       901.72241           905.76080           909.14587           910.80798          0.99999998E+31      0.99999998E+31      0.99999998E+31      0.99999998E+31      0.99999998E+31      0.99999998E+31
      0.99999998E+31      0.99999998E+31       1116.4910           1114.1168           1106.8918           1105.8137           1104.3826           1102.8685           1101.2596           1100.2899    
       1099.7748           1101.2516           1101.2773           1101.1284           1100.8967           1100.5596           1100.3971           1100.2393           1099.8796           1099.1028    
       1097.8655           1096.6937           1095.7417           1095.3468           1110.4393           1106.5947           1085.1274           1086.0021           1086.6212           1086.8649    
      0.99999998E+31      0.99999998E+31      0.99999998E+31      0.99999998E+31      0.99999998E+31      0.99999998E+31      0.99999998E+31      0.99999998E+31      0.99999998E+31      0.99999998E+31
      0.99999998E+31      0.99999998E+31      0.99999998E+31      0.99999998E+31      0.99999998E+31      0.99999998E+31      0.99999998E+31      0.99999998E+31      0.99999998E+31      0.99999998E+31
      0.99999998E+31      0.99999998E+31      0.99999998E+31      0.99999998E+31      0.99999998E+31      0.99999998E+31      0.99999998E+31      0.99999998E+31      0.99999998E+31      0.99999998E+31
      0.99999998E+31      0.99999998E+31      0.99999998E+31      0.99999998E+31      0.99999998E+31      0.99999998E+31      0.99999998E+31      0.99999998E+31      0.99999998E+31      0.99999998E+31
      0.99999998E+31      0.99999998E+31      0.99999998E+31      0.99999998E+31      0.99999998E+31      0.99999998E+31      0.99999998E+31      0.99999998E+31      0.99999998E+31      0.99999998E+31
      0.99999998E+31      0.99999998E+31      0.99999998E+31      0.99999998E+31      0.99999998E+31      0.99999998E+31      0.99999998E+31      0.99999998E+31      0.99999998E+31      0.99999998E+31
      0.99999998E+31      0.99999998E+31
      0.99999998E+31      0.99999998E+31      0.99999998E+31      0.99999998E+31      0.99999998E+31      0.99999998E+31      0.99999998E+31      0.99999998E+31      0.99999998E+31      0.99999998E+31
      0.99999998E+31      0.99999998E+31      0.99999998E+31      0.99999998E+31       991.33655           991.12000           990.81934           990.52319           990.18829           989.77911    
       999.65137           1056.4661           1056.9108           1036.9988           1012.2616           985.78192           983.56378           976.73560           974.56183           972.47803    
       970.55762           968.81866           967.44690           966.41174           965.60046           964.96826           964.54877           964.33868           964.30731           964.37695    
      0.99999998E+31      0.99999998E+31      0.99999998E+31      0.99999998E+31      0.99999998E+31      0.99999998E+31       1157.2065           1156.1547           1155.5267          0.99999998E+31
       1144.6603           1144.2954           1145.0841           1145.9685           1146.6840           1146.7427           1147.2220           1146.9160           1146.6128          0.99999998E+31
      0.99999998E+31      0.99999998E+31      0.99999998E+31      0.99999998E+31      0.99999998E+31      0.99999998E+31      0.99999998E+31      0.99999998E+31      0.99999998E+31      0.99999998E+31
      0.99999998E+31      0.99999998E+31      0.99999998E+31      0.99999998E+31      0.99999998E+31      0.99999998E+31      0.99999998E+31      0.99999998E+31       893.22931           839.55420    
       838.08966           838.14008           831.83838           826.40607           821.04279           815.79645           810.55389           805.59186           804.33789           803.84082    
       803.56207           806.96930           810.95239           816.29401           819.79333           818.67438           822.47559           828.24066           830.56976           831.03229    
       830.36096           829.85663           831.40045           832.02124           834.84741           839.57227           843.66071           847.86279           852.02216           856.37195    
       861.69110           866.36279           871.08441           875.60742           881.45044           886.43835           890.67853           894.28223           897.69690           900.67035    
       903.87195           910.91180           917.44263           922.16644          0.99999998E+31      0.99999998E+31      0.99999998E+31      0.99999998E+31      0.99999998E+31      0.99999998E+31
      0.99999998E+31      0.99999998E+31       1116.9865           1115.1110           1106.9790           1105.5447           1104.0817           1101.7439           1099.9019           1097.7656    
       1098.1830           1099.0986           1098.8998           1098.7554           1098.4634           1097.5786           1096.5338           1097.4432           1097.4348           1096.9706    
       1096.2686           1095.5125           1094.6650           1094.1729           1094.0930           1097.8943           1094.2885           1085.0507           1086.0887           1087.1367    
      0.99999998E+31      0.99999998E+31      0.99999998E+31      0.99999998E+31      0.99999998E+31      0.99999998E+31      0.99999998E+31      0.99999998E+31      0.99999998E+31      0.99999998E+31
      0.99999998E+31      0.99999998E+31      0.99999998E+31      0.99999998E+31      0.99999998E+31      0.99999998E+31      0.99999998E+31      0.99999998E+31      0.99999998E+31      0.99999998E+31
      0.99999998E+31      0.99999998E+31      0.99999998E+31      0.99999998E+31      0.99999998E+31      0.99999998E+31      0.99999998E+31      0.99999998E+31      0.99999998E+31      0.99999998E+31
      0.99999998E+31      0.99999998E+31      0.99999998E+31      0.99999998E+31      0.99999998E+31      0.99999998E+31      0.99999998E+31      0.99999998E+31      0.99999998E+31      0.99999998E+31
      0.99999998E+31      0.99999998E+31      0.99999998E+31      0.99999998E+31      0.99999998E+31      0.99999998E+31      0.99999998E+31      0.99999998E+31      0.99999998E+31      0.99999998E+31
      0.99999998E+31      0.99999998E+31      0.99999998E+31      0.99999998E+31      0.99999998E+31      0.99999998E+31      0.99999998E+31      0.99999998E+31      0.99999998E+31      0.99999998E+31
      0.99999998E+31      0.99999998E+31
      0.99999998E+31      0.99999998E+31      0.99999998E+31      0.99999998E+31      0.99999998E+31      0.99999998E+31      0.99999998E+31      0.99999998E+31      0.99999998E+31      0.99999998E+31
      0.99999998E+31      0.99999998E+31      0.99999998E+31      0.99999998E+31       990.82990           990.64673           990.44049           990.21460           989.96948           1039.9968    
       1104.3873           1117.3137           1110.7295           1086.2216           1058.4541           1030.2754           997.45538           984.06445           974.11011           971.61646    
       969.63226           967.89313           966.47180           965.39734           964.60883           964.02448           963.67230           963.52325           963.55988           964.21521    
       964.52350           964.91858          0.99999998E+31      0.99999998E+31      0.99999998E+31      0.99999998E+31       1146.4254           1143.7531           1141.6942          0.99999998E+31
       1134.5343           1135.4513           1136.6342           1137.6830           1138.4987           1139.2198           1139.6379           1139.2426           1138.5419          0.99999998E+31
      0.99999998E+31      0.99999998E+31      0.99999998E+31      0.99999998E+31      0.99999998E+31      0.99999998E+31      0.99999998E+31      0.99999998E+31      0.99999998E+31      0.99999998E+31
      0.99999998E+31      0.99999998E+31      0.99999998E+31      0.99999998E+31      0.99999998E+31      0.99999998E+31      0.99999998E+31      0.99999998E+31       853.76215           833.80225    
       832.90118           832.60535           826.02728           820.31281           816.38751           811.95459           807.73145           804.10779           801.10864           800.08325    
       795.97559           804.08441           810.13226           815.31824           818.29279           816.48694           824.33307           829.38342           832.30298           833.08954    
       833.03198           832.72729           833.77545           834.75366           838.52026           844.32617           847.67609           850.99323           854.45331           858.28516    
       863.20642           868.43054           872.90070           875.29279           881.95746           887.15546           891.46936           895.33160           898.92438           902.71942    
       908.01276           917.93390           928.78644           941.03058           969.19910           991.41852           1005.4766          0.99999998E+31      0.99999998E+31      0.99999998E+31
      0.99999998E+31      0.99999998E+31      0.99999998E+31      0.99999998E+31      0.99999998E+31      0.99999998E+31      0.99999998E+31      0.99999998E+31       1098.1555           1096.8531    
       1096.7531           1096.7920           1096.7701           1096.6960           1096.3640           1095.8806           1095.4595           1095.5577           1095.4808           1095.1775    
       1094.7406           1094.2349           1093.7422           1093.5326           1093.4618           1094.1243           1097.4738           1094.4185           1085.5361           1086.9677    
      0.99999998E+31      0.99999998E+31      0.99999998E+31      0.99999998E+31      0.99999998E+31      0.99999998E+31      0.99999998E+31      0.99999998E+31      0.99999998E+31      0.99999998E+31
      0.99999998E+31      0.99999998E+31      0.99999998E+31      0.99999998E+31      0.99999998E+31      0.99999998E+31      0.99999998E+31      0.99999998E+31      0.99999998E+31      0.99999998E+31
      0.99999998E+31      0.99999998E+31      0.99999998E+31      0.99999998E+31      0.99999998E+31      0.99999998E+31      0.99999998E+31      0.99999998E+31      0.99999998E+31      0.99999998E+31
      0.99999998E+31      0.99999998E+31      0.99999998E+31      0.99999998E+31      0.99999998E+31      0.99999998E+31      0.99999998E+31      0.99999998E+31      0.99999998E+31      0.99999998E+31
      0.99999998E+31      0.99999998E+31      0.99999998E+31      0.99999998E+31      0.99999998E+31      0.99999998E+31      0.99999998E+31      0.99999998E+31      0.99999998E+31      0.99999998E+31
      0.99999998E+31      0.99999998E+31      0.99999998E+31      0.99999998E+31      0.99999998E+31      0.99999998E+31      0.99999998E+31      0.99999998E+31      0.99999998E+31      0.99999998E+31
      0.99999998E+31      0.99999998E+31
      0.99999998E+31      0.99999998E+31      0.99999998E+31      0.99999998E+31      0.99999998E+31      0.99999998E+31      0.99999998E+31      0.99999998E+31      0.99999998E+31      0.99999998E+31
      0.99999998E+31      0.99999998E+31      0.99999998E+31      0.99999998E+31       990.36914           990.23309           990.06714           994.07184           1044.2794           1085.0079    
       1112.2313           1121.4093           1115.5350           1098.0764           1071.5277           1041.8221           1014.5135           999.95544           991.24683           978.63550    
       974.04700           970.47498           967.57660           965.65155           964.21344           963.18939           962.70709           962.58899           962.67694           963.10193    
       964.02466           965.08893           966.05835          0.99999998E+31      0.99999998E+31      0.99999998E+31       1138.4456           1130.9817           1126.3287           1121.1626    
       1124.1621           1127.0436           1128.3145           1129.7722           1130.7811           1131.5641           1132.7118           1132.2656           1130.8921           1128.3506    
      0.99999998E+31      0.99999998E+31      0.99999998E+31      0.99999998E+31      0.99999998E+31      0.99999998E+31      0.99999998E+31      0.99999998E+31      0.99999998E+31      0.99999998E+31
      0.99999998E+31      0.99999998E+31      0.99999998E+31      0.99999998E+31      0.99999998E+31      0.99999998E+31      0.99999998E+31       977.14423           847.29865           829.03204    
       829.20020           828.72052           822.17383           817.64221           813.39185           809.29486           805.43170           801.89911           796.00586           799.02686    
       799.59424           802.46820           808.73932           814.49548           818.35254           820.43353           825.33075           829.29749           833.21979           834.85016    
       835.44269           835.35522           836.64722           838.01031           842.97571           847.74237           850.99591           853.80603           856.44574           858.12213    
       864.75842           869.73248           874.01562           877.91058           882.64264           887.24695           891.61273           895.82666           900.00250           904.31812    
       912.96515           926.84564           939.62793           956.43530           973.43970           996.38489           1013.3489           1023.4585          0.99999998E+31      0.99999998E+31
      0.99999998E+31      0.99999998E+31      0.99999998E+31      0.99999998E+31      0.99999998E+31      0.99999998E+31      0.99999998E+31      0.99999998E+31       1096.4985           1095.4110    
       1095.2705           1094.6233           1094.4153           1094.2515           1093.6974           1093.6033           1093.5541           1093.6324           1093.6147           1093.4482    
       1093.2183           1093.0649           1092.9210           1092.9064           1092.9006           1093.1617           1094.6561           1100.7601           1096.5990           1089.2012    
      0.99999998E+31      0.99999998E+31      0.99999998E+31      0.99999998E+31      0.99999998E+31      0.99999998E+31      0.99999998E+31      0.99999998E+31      0.99999998E+31      0.99999998E+31
      0.99999998E+31      0.99999998E+31      0.99999998E+31      0.99999998E+31      0.99999998E+31      0.99999998E+31      0.99999998E+31      0.99999998E+31      0.99999998E+31      0.99999998E+31
      0.99999998E+31      0.99999998E+31      0.99999998E+31      0.99999998E+31      0.99999998E+31      0.99999998E+31      0.99999998E+31      0.99999998E+31      0.99999998E+31      0.99999998E+31
      0.99999998E+31      0.99999998E+31      0.99999998E+31      0.99999998E+31      0.99999998E+31      0.99999998E+31      0.99999998E+31      0.99999998E+31      0.99999998E+31      0.99999998E+31
      0.99999998E+31      0.99999998E+31      0.99999998E+31      0.99999998E+31      0.99999998E+31      0.99999998E+31      0.99999998E+31      0.99999998E+31      0.99999998E+31      0.99999998E+31
      0.99999998E+31      0.99999998E+31      0.99999998E+31      0.99999998E+31      0.99999998E+31      0.99999998E+31      0.99999998E+31      0.99999998E+31      0.99999998E+31      0.99999998E+31
      0.99999998E+31      0.99999998E+31
      0.99999998E+31      0.99999998E+31      0.99999998E+31      0.99999998E+31      0.99999998E+31      0.99999998E+31      0.99999998E+31      0.99999998E+31      0.99999998E+31      0.99999998E+31
      0.99999998E+31      0.99999998E+31      0.99999998E+31      0.99999998E+31       989.86188           989.80475           993.56445           1031.8751           1057.4249           1086.8976    
       1106.2745           1111.6149           1106.0587           1093.5720           1072.5044           1043.3251           1017.8409           1001.2188           990.63184           982.02631    
       976.72815           971.79285           968.38403           966.13318           964.58795           963.34692           962.80817           962.94659           962.05511           962.53748    
       963.88293           965.34827           966.58459           968.10126           968.86560          0.99999998E+31      0.99999998E+31       1119.0828           1116.2860           1114.3866    
       1115.4841           1117.8798           1119.9092           1121.9781           1124.0597           1125.1396           1126.4479           1127.5242           1126.5388           1125.4136    
      0.99999998E+31      0.99999998E+31      0.99999998E+31      0.99999998E+31      0.99999998E+31      0.99999998E+31      0.99999998E+31      0.99999998E+31      0.99999998E+31      0.99999998E+31
      0.99999998E+31      0.99999998E+31      0.99999998E+31      0.99999998E+31      0.99999998E+31      0.99999998E+31      0.99999998E+31       912.16748           827.29773           826.29797    
       826.37195           825.69073           818.34357           814.93854           811.06769           807.29938           803.55701           801.08899           799.00861           800.12946    
       801.04065           798.66132           809.41656           814.42413           818.14697           820.04688           823.57379           826.37115           833.40076           836.53394    
       837.78735           838.58948           839.59540           840.90088           845.13892           849.47607           853.01404           855.95068           858.65295           862.93842    
       866.53796           870.93854           875.21838           878.95270           882.72272           886.66467           891.25287           896.15302           901.49548           908.56500    
       920.09650           934.87140           949.71692           965.34930           988.29736           1006.6732           1020.9202           1029.4829          0.99999998E+31      0.99999998E+31
      0.99999998E+31      0.99999998E+31      0.99999998E+31      0.99999998E+31      0.99999998E+31      0.99999998E+31      0.99999998E+31      0.99999998E+31      0.99999998E+31       1093.6627    
       1093.4531           1092.1865           1091.5298           1091.0808           1089.3759           1090.2739           1090.5026           1091.2515           1091.5563           1091.6812    
       1091.7970           1091.9227           1092.0369           1092.1666           1092.2002           1092.2140           1092.5262           1093.2467           1095.7697           1097.1597    
      0.99999998E+31      0.99999998E+31      0.99999998E+31      0.99999998E+31      0.99999998E+31      0.99999998E+31      0.99999998E+31      0.99999998E+31      0.99999998E+31      0.99999998E+31
      0.99999998E+31      0.99999998E+31      0.99999998E+31      0.99999998E+31      0.99999998E+31      0.99999998E+31      0.99999998E+31      0.99999998E+31      0.99999998E+31      0.99999998E+31
      0.99999998E+31      0.99999998E+31      0.99999998E+31      0.99999998E+31      0.99999998E+31      0.99999998E+31      0.99999998E+31      0.99999998E+31      0.99999998E+31      0.99999998E+31
      0.99999998E+31      0.99999998E+31      0.99999998E+31      0.99999998E+31      0.99999998E+31      0.99999998E+31      0.99999998E+31      0.99999998E+31      0.99999998E+31      0.99999998E+31
      0.99999998E+31      0.99999998E+31      0.99999998E+31      0.99999998E+31      0.99999998E+31      0.99999998E+31      0.99999998E+31      0.99999998E+31      0.99999998E+31      0.99999998E+31
      0.99999998E+31      0.99999998E+31      0.99999998E+31      0.99999998E+31      0.99999998E+31      0.99999998E+31      0.99999998E+31      0.99999998E+31      0.99999998E+31      0.99999998E+31
      0.99999998E+31      0.99999998E+31
      0.99999998E+31      0.99999998E+31      0.99999998E+31      0.99999998E+31      0.99999998E+31      0.99999998E+31      0.99999998E+31      0.99999998E+31      0.99999998E+31      0.99999998E+31
      0.99999998E+31      0.99999998E+31      0.99999998E+31      0.99999998E+31       991.25140           992.21179           1004.5312           1028.7046           1051.3339           1076.1824    
       1091.4081           1096.4865           1092.9921           1081.5958           1062.5177           1038.2998           1015.1007           999.39038           988.55389           981.03033    
       975.57965           970.92639           966.14282           964.92487           963.47131           962.41510           961.66687           961.41479           961.60876           962.81470    
       963.84192           965.50958           966.98065           968.42694           969.48438          0.99999998E+31      0.99999998E+31       1113.5508           1108.4990           1106.2670    
       1106.9409           1109.2026           1111.6890           1114.2302           1116.5088           1118.8466           1120.5989           1122.0126           1122.7543           1121.6671    
       1120.3623          0.99999998E+31      0.99999998E+31      0.99999998E+31      0.99999998E+31      0.99999998E+31      0.99999998E+31      0.99999998E+31      0.99999998E+31      0.99999998E+31
      0.99999998E+31      0.99999998E+31      0.99999998E+31      0.99999998E+31      0.99999998E+31      0.99999998E+31      0.99999998E+31       844.68860           824.23529           824.10596    
       824.28607           823.91168           817.67767           813.18573           808.73389           805.40778           801.57996           799.09326           798.02570           800.93573    
       802.98120           804.35541           810.07404           814.77985           818.30066           820.54602           821.20044           828.46033           834.34985           837.68311    
       839.81964           841.10706           841.83496           840.55505           846.42944           850.61017           854.06891           857.26324           860.68359           864.66791    
       866.39954           871.42157           876.11041           879.54767           882.26227           885.33008           890.61658           896.71075           903.93536           913.82379    
       927.54095           942.44830           957.37427           972.24139           995.05304           1011.9257           1025.8970           1034.8586          0.99999998E+31      0.99999998E+31
      0.99999998E+31      0.99999998E+31      0.99999998E+31      0.99999998E+31      0.99999998E+31      0.99999998E+31      0.99999998E+31      0.99999998E+31      0.99999998E+31      0.99999998E+31
       1091.6689           1090.6970           1088.4279           1087.5503           1086.0029           1086.1918           1084.8885           1087.9296           1089.1489           1089.8420    
       1090.3827           1090.8278           1091.1625           1091.3174           1091.2825           1091.1277           1090.9221           1090.8180           1090.8788           1092.9022    
      0.99999998E+31      0.99999998E+31      0.99999998E+31      0.99999998E+31      0.99999998E+31      0.99999998E+31      0.99999998E+31      0.99999998E+31      0.99999998E+31      0.99999998E+31
      0.99999998E+31      0.99999998E+31      0.99999998E+31      0.99999998E+31      0.99999998E+31      0.99999998E+31      0.99999998E+31      0.99999998E+31      0.99999998E+31      0.99999998E+31
      0.99999998E+31      0.99999998E+31      0.99999998E+31      0.99999998E+31      0.99999998E+31      0.99999998E+31      0.99999998E+31      0.99999998E+31      0.99999998E+31      0.99999998E+31
      0.99999998E+31      0.99999998E+31      0.99999998E+31      0.99999998E+31      0.99999998E+31      0.99999998E+31      0.99999998E+31      0.99999998E+31      0.99999998E+31      0.99999998E+31
      0.99999998E+31      0.99999998E+31      0.99999998E+31      0.99999998E+31      0.99999998E+31      0.99999998E+31      0.99999998E+31      0.99999998E+31      0.99999998E+31      0.99999998E+31
      0.99999998E+31      0.99999998E+31      0.99999998E+31      0.99999998E+31      0.99999998E+31      0.99999998E+31      0.99999998E+31      0.99999998E+31      0.99999998E+31      0.99999998E+31
      0.99999998E+31      0.99999998E+31
      0.99999998E+31      0.99999998E+31      0.99999998E+31      0.99999998E+31      0.99999998E+31      0.99999998E+31      0.99999998E+31      0.99999998E+31      0.99999998E+31      0.99999998E+31
      0.99999998E+31      0.99999998E+31      0.99999998E+31      0.99999998E+31       988.77930           988.94037           990.28546           1017.8723           1037.6749           1061.2717    
       1074.1602           1080.3129           1076.7971           1065.9283           1049.2571           1028.4430           1009.2961           995.39960           985.74121           978.97845    
       974.06909           970.12750           966.31915           963.74536           961.37952           960.99390           960.74408           960.90173           961.44391           962.39966    
       963.76764           965.64288           967.54517           969.33667           970.46198           971.80823          0.99999998E+31      0.99999998E+31       1098.9045           1097.1489    
       1098.1433           1100.6479           1103.4357           1106.2810           1109.0978           1112.0787           1114.8766           1118.7490           1119.1694           1118.4594    
       1117.2299           1116.3182          0.99999998E+31      0.99999998E+31      0.99999998E+31      0.99999998E+31      0.99999998E+31      0.99999998E+31      0.99999998E+31      0.99999998E+31
      0.99999998E+31      0.99999998E+31      0.99999998E+31      0.99999998E+31      0.99999998E+31      0.99999998E+31      0.99999998E+31       837.34540           822.42639           822.26666    
       822.46021           822.41510           816.55988           811.93927           807.89825           803.65906           796.96014           794.43524           799.05524           802.49683    
       804.91223           806.44342           811.46436           815.54150           818.90790           822.54486           824.63794           830.05042           835.16095           838.97192    
       841.82581           843.61438           845.07355           845.98621           848.78748           851.69574           854.56403           857.58545           861.04578           864.79340    
       868.04614           871.72809           875.59564           878.81873           881.32965           883.05884           889.92755           897.71252           906.90009           918.90417    
       933.72662           948.34204           962.48151           977.76721           996.19952           1013.2735           1029.5106           1041.2554           1053.3965           1058.0043    
      0.99999998E+31      0.99999998E+31      0.99999998E+31      0.99999998E+31      0.99999998E+31      0.99999998E+31      0.99999998E+31      0.99999998E+31      0.99999998E+31      0.99999998E+31
      0.99999998E+31      0.99999998E+31       1083.9519           1083.0070           1079.4049           1081.5361           1081.7869           1084.7809           1086.6108           1087.9584    
       1089.0898           1089.8734           1090.2457           1090.4084           1090.3483           1090.0939           1089.6992           1089.2849           1089.0049           1088.9595    
       1088.2418          0.99999998E+31      0.99999998E+31      0.99999998E+31      0.99999998E+31      0.99999998E+31      0.99999998E+31      0.99999998E+31      0.99999998E+31      0.99999998E+31
      0.99999998E+31      0.99999998E+31      0.99999998E+31      0.99999998E+31      0.99999998E+31      0.99999998E+31      0.99999998E+31      0.99999998E+31      0.99999998E+31      0.99999998E+31
      0.99999998E+31      0.99999998E+31      0.99999998E+31      0.99999998E+31      0.99999998E+31      0.99999998E+31      0.99999998E+31      0.99999998E+31      0.99999998E+31      0.99999998E+31
      0.99999998E+31      0.99999998E+31      0.99999998E+31      0.99999998E+31      0.99999998E+31      0.99999998E+31      0.99999998E+31      0.99999998E+31      0.99999998E+31      0.99999998E+31
      0.99999998E+31      0.99999998E+31      0.99999998E+31      0.99999998E+31      0.99999998E+31      0.99999998E+31      0.99999998E+31      0.99999998E+31      0.99999998E+31      0.99999998E+31
      0.99999998E+31      0.99999998E+31      0.99999998E+31      0.99999998E+31      0.99999998E+31      0.99999998E+31      0.99999998E+31      0.99999998E+31      0.99999998E+31      0.99999998E+31
      0.99999998E+31      0.99999998E+31
      0.99999998E+31      0.99999998E+31      0.99999998E+31      0.99999998E+31      0.99999998E+31      0.99999998E+31      0.99999998E+31      0.99999998E+31      0.99999998E+31      0.99999998E+31
      0.99999998E+31      0.99999998E+31      0.99999998E+31      0.99999998E+31      0.99999998E+31       988.19415           988.05957           996.74561           1019.9017           1040.4823    
       1056.2085           1062.3650           1059.7583           1050.3285           1034.9430           1017.0713           1002.3428           990.98938           982.57812           976.61993    
       972.17230           968.37585           964.47821           960.78168           959.74908           959.62518           959.82813           960.33038           961.11731           962.28180    
       963.89001           965.92749           967.98578           970.32880           971.82776           973.14948          0.99999998E+31      0.99999998E+31       1088.8794           1087.6748    
       1089.0067           1091.8417           1094.7828           1097.7126           1100.8164           1103.9277           1107.2397           1112.1500           1113.9093           1114.0840    
       1113.9469           1113.6375          0.99999998E+31      0.99999998E+31      0.99999998E+31      0.99999998E+31      0.99999998E+31      0.99999998E+31      0.99999998E+31      0.99999998E+31
      0.99999998E+31      0.99999998E+31      0.99999998E+31      0.99999998E+31      0.99999998E+31      0.99999998E+31      0.99999998E+31      0.99999998E+31       821.01910           820.76581    
       820.97858           821.04712           815.45923           810.47223           807.33173           803.74127           799.90515           798.05188           801.51929           804.64935    
       807.33960           809.93927           813.45599           816.71429           819.53107           823.85425           826.79047           831.00275           835.23889           840.08337    
       843.93677           845.71185           846.95544           848.23621           850.12476           852.29974           854.65588           857.14490           860.47882           864.65558    
       867.97943           871.51941           875.02319           878.12292           880.88403           883.96735           890.05518           898.88849           909.57654           922.16418    
       936.53375           950.48480           964.19360           979.66815           996.85620           1014.1931           1030.0643           1042.7955           1053.5509           1058.4030    
      0.99999998E+31      0.99999998E+31      0.99999998E+31      0.99999998E+31      0.99999998E+31      0.99999998E+31      0.99999998E+31      0.99999998E+31      0.99999998E+31      0.99999998E+31
      0.99999998E+31      0.99999998E+31       1078.9211           1078.8156           1077.7766           1076.9858           1075.8942           1081.3267           1084.2947           1086.3276    
       1087.9664           1088.8937           1089.3181           1089.5314           1089.4392           1089.0100           1088.4265           1087.8948           1087.4535           1087.1520    
       1088.6161          0.99999998E+31      0.99999998E+31      0.99999998E+31      0.99999998E+31      0.99999998E+31      0.99999998E+31      0.99999998E+31      0.99999998E+31      0.99999998E+31
      0.99999998E+31      0.99999998E+31      0.99999998E+31      0.99999998E+31      0.99999998E+31      0.99999998E+31      0.99999998E+31      0.99999998E+31      0.99999998E+31      0.99999998E+31
      0.99999998E+31      0.99999998E+31      0.99999998E+31      0.99999998E+31      0.99999998E+31      0.99999998E+31      0.99999998E+31      0.99999998E+31      0.99999998E+31      0.99999998E+31
      0.99999998E+31      0.99999998E+31      0.99999998E+31      0.99999998E+31      0.99999998E+31      0.99999998E+31      0.99999998E+31      0.99999998E+31      0.99999998E+31      0.99999998E+31
      0.99999998E+31      0.99999998E+31      0.99999998E+31      0.99999998E+31      0.99999998E+31      0.99999998E+31      0.99999998E+31      0.99999998E+31      0.99999998E+31      0.99999998E+31
      0.99999998E+31      0.99999998E+31      0.99999998E+31      0.99999998E+31      0.99999998E+31      0.99999998E+31      0.99999998E+31      0.99999998E+31      0.99999998E+31      0.99999998E+31
      0.99999998E+31      0.99999998E+31
      0.99999998E+31      0.99999998E+31      0.99999998E+31      0.99999998E+31      0.99999998E+31      0.99999998E+31      0.99999998E+31      0.99999998E+31      0.99999998E+31      0.99999998E+31
      0.99999998E+31      0.99999998E+31      0.99999998E+31      0.99999998E+31      0.99999998E+31      0.99999998E+31       987.17987           987.45776           1005.1160           1021.4307    
       1033.5682           1041.2084           1040.2881           1032.2480           1019.3973           1006.3467           995.80853           986.86688           979.70093           974.28314    
       969.87946           966.04968           960.94885           952.49280           956.44159           957.92029           958.77551           959.60486           960.59937           961.91949    
       963.76807           966.14423           968.66943           971.60944           973.96466           975.57568          0.99999998E+31      0.99999998E+31       1076.2861           1077.7070    
       1079.8433           1082.7250           1085.5435           1088.3268           1091.0157           1093.2712           1095.2051           1097.8967           1106.9174           1109.3402    
       1110.6838           1111.6427          0.99999998E+31      0.99999998E+31      0.99999998E+31      0.99999998E+31      0.99999998E+31      0.99999998E+31      0.99999998E+31      0.99999998E+31
      0.99999998E+31      0.99999998E+31      0.99999998E+31      0.99999998E+31      0.99999998E+31      0.99999998E+31      0.99999998E+31      0.99999998E+31       819.64117           819.84961    
       819.65576           819.84882           814.74158           810.60889           807.08563           803.93799           800.71973           801.25940           803.94196           806.75378    
       809.53021           812.30530           815.29181           817.65979           818.15155           824.46313           828.07812           831.23376           833.13794           840.99164    
       847.16925           847.35742           847.94141           848.89685           850.47638           852.31921           854.66339           856.57550           858.95612           863.06116    
       867.08575           870.80908           874.22308           877.29639           880.24286           883.79559           889.81470           899.32092           910.90228           922.73187    
       935.58539           949.65509           963.65228           979.93658           997.35852           1013.2636           1029.1306           1042.4778           1051.4064           1056.0079    
      0.99999998E+31      0.99999998E+31      0.99999998E+31      0.99999998E+31      0.99999998E+31      0.99999998E+31      0.99999998E+31      0.99999998E+31      0.99999998E+31      0.99999998E+31
      0.99999998E+31      0.99999998E+31       1071.6488           1072.4785           1072.5033           1069.7928           1072.9531           1078.9860           1082.8069           1085.1372    
       1086.9452           1088.1448           1088.5356           1088.6729           1088.5100           1087.9303           1087.1772           1086.4718           1085.7924           1085.3220    
       1086.0211          0.99999998E+31      0.99999998E+31      0.99999998E+31      0.99999998E+31      0.99999998E+31      0.99999998E+31      0.99999998E+31      0.99999998E+31      0.99999998E+31
      0.99999998E+31      0.99999998E+31      0.99999998E+31      0.99999998E+31      0.99999998E+31      0.99999998E+31      0.99999998E+31      0.99999998E+31      0.99999998E+31      0.99999998E+31
      0.99999998E+31      0.99999998E+31      0.99999998E+31      0.99999998E+31      0.99999998E+31      0.99999998E+31      0.99999998E+31      0.99999998E+31      0.99999998E+31      0.99999998E+31
      0.99999998E+31      0.99999998E+31      0.99999998E+31      0.99999998E+31      0.99999998E+31      0.99999998E+31      0.99999998E+31      0.99999998E+31      0.99999998E+31      0.99999998E+31
      0.99999998E+31      0.99999998E+31      0.99999998E+31      0.99999998E+31      0.99999998E+31      0.99999998E+31      0.99999998E+31      0.99999998E+31      0.99999998E+31      0.99999998E+31
      0.99999998E+31      0.99999998E+31      0.99999998E+31      0.99999998E+31      0.99999998E+31      0.99999998E+31      0.99999998E+31      0.99999998E+31      0.99999998E+31      0.99999998E+31
      0.99999998E+31      0.99999998E+31
      0.99999998E+31      0.99999998E+31      0.99999998E+31      0.99999998E+31      0.99999998E+31      0.99999998E+31      0.99999998E+31      0.99999998E+31      0.99999998E+31      0.99999998E+31
      0.99999998E+31      0.99999998E+31      0.99999998E+31      0.99999998E+31      0.99999998E+31      0.99999998E+31      0.99999998E+31       984.98682           992.11981           1004.6498    
       1012.7834           1018.5933           1018.9564           1013.1019           1005.5087           998.13678           990.81647           984.69977           978.83270           970.71149    
       966.72870           963.76923           959.52740           954.90381           955.79657           956.89215           957.86243           958.84412           959.97620           961.42877    
       963.46466           966.28497           969.32233           972.79596           976.96350           979.84546          0.99999998E+31      0.99999998E+31       1065.6263           1067.0071    
       1070.1205           1072.6169           1075.1263           1077.5690           1079.4474           1081.0355           1082.6193           1086.2910           1099.4614           1104.0264    
       1107.6556           1109.9888          0.99999998E+31      0.99999998E+31      0.99999998E+31      0.99999998E+31      0.99999998E+31      0.99999998E+31      0.99999998E+31      0.99999998E+31
      0.99999998E+31      0.99999998E+31      0.99999998E+31      0.99999998E+31      0.99999998E+31      0.99999998E+31      0.99999998E+31      0.99999998E+31       817.71307           817.58325    
       817.87115           818.29291           813.84674           810.21045           806.62714           803.39868           796.93628           801.84094           805.43298           808.54071    
       811.42480           814.44330           817.40741           820.07251           822.43555           826.11169           829.09106           830.77148           833.52979           841.60016    
       845.77173           847.59564           847.36389           847.92004           850.63922           851.32086           854.31464           855.88422           857.54486           861.57288    
       866.21863           870.13794           873.53656           876.66785           879.86932           883.77460           889.72693           898.69330           909.96832           920.74365    
       932.37604           946.18066           960.92365           977.75757           995.81299           1012.3237           1027.4187           1039.7690           1047.3615           1051.9468    
      0.99999998E+31      0.99999998E+31      0.99999998E+31      0.99999998E+31      0.99999998E+31      0.99999998E+31      0.99999998E+31      0.99999998E+31      0.99999998E+31      0.99999998E+31
      0.99999998E+31      0.99999998E+31       1064.4590           1065.3290           1065.6487           1060.4985           1070.9728           1075.4786           1081.8440           1084.6322    
       1086.2661           1087.4285           1087.9128           1088.0669           1087.6322           1086.8442           1085.9531           1084.9460           1083.8696           1082.8975    
       1082.2938          0.99999998E+31      0.99999998E+31      0.99999998E+31      0.99999998E+31      0.99999998E+31      0.99999998E+31      0.99999998E+31      0.99999998E+31      0.99999998E+31
      0.99999998E+31      0.99999998E+31      0.99999998E+31      0.99999998E+31      0.99999998E+31      0.99999998E+31      0.99999998E+31      0.99999998E+31      0.99999998E+31      0.99999998E+31
      0.99999998E+31      0.99999998E+31      0.99999998E+31      0.99999998E+31      0.99999998E+31      0.99999998E+31      0.99999998E+31      0.99999998E+31      0.99999998E+31      0.99999998E+31
      0.99999998E+31      0.99999998E+31      0.99999998E+31      0.99999998E+31      0.99999998E+31      0.99999998E+31      0.99999998E+31      0.99999998E+31      0.99999998E+31      0.99999998E+31
      0.99999998E+31      0.99999998E+31      0.99999998E+31      0.99999998E+31      0.99999998E+31      0.99999998E+31      0.99999998E+31      0.99999998E+31      0.99999998E+31      0.99999998E+31
      0.99999998E+31      0.99999998E+31      0.99999998E+31      0.99999998E+31      0.99999998E+31      0.99999998E+31      0.99999998E+31      0.99999998E+31      0.99999998E+31      0.99999998E+31
      0.99999998E+31      0.99999998E+31
      0.99999998E+31      0.99999998E+31      0.99999998E+31      0.99999998E+31      0.99999998E+31      0.99999998E+31      0.99999998E+31      0.99999998E+31      0.99999998E+31      0.99999998E+31
      0.99999998E+31      0.99999998E+31      0.99999998E+31      0.99999998E+31      0.99999998E+31      0.99999998E+31      0.99999998E+31      0.99999998E+31       982.31140           991.43506    
       995.97504           1000.0221           1001.4766           999.09998           995.25372           991.38910           985.49384           977.75507           970.61279           965.39606    
       964.25507           961.87012           957.70349           952.00684           954.57202           955.92725           956.97131           958.04156           959.23560           960.78271    
       963.07098           966.18665           969.61725           973.46802           980.42535           986.57043           995.22095          0.99999998E+31       1052.2277           1053.8243    
       1057.0615           1060.5326           1063.1654           1065.3550           1067.1625           1068.7245           1070.9281           1074.7610           1088.9945           1096.2083    
       1102.3475           1108.0619          0.99999998E+31      0.99999998E+31      0.99999998E+31      0.99999998E+31      0.99999998E+31      0.99999998E+31      0.99999998E+31      0.99999998E+31
      0.99999998E+31      0.99999998E+31      0.99999998E+31      0.99999998E+31      0.99999998E+31      0.99999998E+31      0.99999998E+31      0.99999998E+31       815.58429           815.51318    
       815.82245           816.14917           812.52039           809.98279           807.54755           805.23157           802.86963           803.61078           806.68475           810.03967    
       813.28638           816.31982           819.43903           822.44202           825.19592           828.02576           829.97717           830.22601           836.77808           842.05383    
       846.22412           848.80212           848.37830           850.07550           852.06000           853.46753           854.94128           854.86438           854.43115           861.25629    
       866.17572           870.02954           873.26306           876.48761           879.77637           883.67078           889.42499           896.77881           906.77167           917.05829    
       927.63702           940.66821           955.34045           972.55902           991.70935           1008.9716           1023.0129           1033.0227           1041.0461           1047.7089    
       1054.8367           1063.9119           1073.6841           1083.2216           1091.0819           1095.3466           1100.3962           1102.3029          0.99999998E+31      0.99999998E+31
      0.99999998E+31      0.99999998E+31       1061.0532           1060.4207           1062.2476           1060.7950           1071.9275           1078.8748           1082.9137           1084.9210    
       1085.9943           1086.8585           1087.2452           1087.2396           1086.6989           1085.7645           1084.7039           1083.3269           1081.7485           1080.0269    
       1078.9080           1078.6276           1080.5007           1082.8573           1084.5565           1085.9791           1087.8776           1087.5138          0.99999998E+31      0.99999998E+31
      0.99999998E+31      0.99999998E+31      0.99999998E+31      0.99999998E+31      0.99999998E+31      0.99999998E+31      0.99999998E+31      0.99999998E+31      0.99999998E+31      0.99999998E+31
      0.99999998E+31      0.99999998E+31      0.99999998E+31      0.99999998E+31      0.99999998E+31      0.99999998E+31      0.99999998E+31      0.99999998E+31      0.99999998E+31      0.99999998E+31
      0.99999998E+31      0.99999998E+31      0.99999998E+31      0.99999998E+31      0.99999998E+31      0.99999998E+31      0.99999998E+31      0.99999998E+31      0.99999998E+31      0.99999998E+31
      0.99999998E+31      0.99999998E+31      0.99999998E+31      0.99999998E+31      0.99999998E+31      0.99999998E+31      0.99999998E+31      0.99999998E+31      0.99999998E+31      0.99999998E+31
      0.99999998E+31      0.99999998E+31      0.99999998E+31      0.99999998E+31      0.99999998E+31      0.99999998E+31      0.99999998E+31      0.99999998E+31      0.99999998E+31      0.99999998E+31
      0.99999998E+31      0.99999998E+31
      0.99999998E+31      0.99999998E+31      0.99999998E+31      0.99999998E+31      0.99999998E+31      0.99999998E+31      0.99999998E+31      0.99999998E+31      0.99999998E+31      0.99999998E+31
      0.99999998E+31      0.99999998E+31      0.99999998E+31      0.99999998E+31      0.99999998E+31      0.99999998E+31      0.99999998E+31      0.99999998E+31      0.99999998E+31       983.32043    
       984.92255           987.52875           989.35455           988.17957           985.97064           983.15430           977.11725           970.10352           965.45123           963.74756    
       962.80707           960.68768           957.51184           954.15887           954.72815           955.42133           956.26892           957.18225           958.36438           960.04944    
       962.50830           965.77393           969.52704           973.83649           981.16083           988.91058           999.55731           1014.9017           1032.8727           1037.9869    
       1042.8597           1046.7368           1049.6630           1051.9531           1053.8993           1056.2743           1059.2678           1063.8350           1073.8390           1086.3455    
       1089.8330           1113.3079          0.99999998E+31      0.99999998E+31      0.99999998E+31      0.99999998E+31      0.99999998E+31      0.99999998E+31      0.99999998E+31      0.99999998E+31
      0.99999998E+31      0.99999998E+31      0.99999998E+31      0.99999998E+31      0.99999998E+31      0.99999998E+31      0.99999998E+31       822.40729           813.55286           813.80872    
       813.27606           812.39771           810.89935           809.40759           807.95569           806.46436           804.87030           802.45630           806.38123           811.24597    
       814.75897           817.89990           821.09125           824.33575           827.30573           829.83746           831.66223           832.94330           839.87836           843.48773    
       846.46637           848.43115           849.41693           851.33148           853.29633           854.97943           856.67542           857.85669           859.56219           863.27142    
       866.89813           870.19507           873.32251           876.54156           879.87445           883.78546           888.87000           895.17523           903.91211           913.05481    
       922.29474           933.06079           946.30115           962.88708           984.88544           1002.4590           1014.0453           1024.0437           1032.2860           1038.8027    
       1048.4816           1058.2324           1067.5226           1077.6204           1086.5386           1093.3268           1102.7705           1104.2755          0.99999998E+31      0.99999998E+31
      0.99999998E+31      0.99999998E+31       1060.3154           1059.7678           1062.4261           1064.8405           1073.1758           1080.8783           1084.0844           1085.3431    
       1085.7880           1086.0874           1086.2664           1086.0160           1085.5778           1084.6760           1083.5424           1081.8925           1079.5201           1076.6329    
       1075.1815           1075.7999           1076.5355           1080.1825           1083.0304           1084.9702           1086.6951           1087.9066          0.99999998E+31      0.99999998E+31
      0.99999998E+31      0.99999998E+31      0.99999998E+31      0.99999998E+31      0.99999998E+31      0.99999998E+31      0.99999998E+31      0.99999998E+31      0.99999998E+31      0.99999998E+31
      0.99999998E+31      0.99999998E+31      0.99999998E+31      0.99999998E+31      0.99999998E+31      0.99999998E+31      0.99999998E+31      0.99999998E+31      0.99999998E+31      0.99999998E+31
      0.99999998E+31      0.99999998E+31      0.99999998E+31      0.99999998E+31      0.99999998E+31      0.99999998E+31      0.99999998E+31      0.99999998E+31      0.99999998E+31      0.99999998E+31
      0.99999998E+31      0.99999998E+31      0.99999998E+31      0.99999998E+31      0.99999998E+31      0.99999998E+31      0.99999998E+31      0.99999998E+31      0.99999998E+31      0.99999998E+31
      0.99999998E+31      0.99999998E+31      0.99999998E+31      0.99999998E+31      0.99999998E+31      0.99999998E+31      0.99999998E+31      0.99999998E+31      0.99999998E+31      0.99999998E+31
      0.99999998E+31      0.99999998E+31
      0.99999998E+31      0.99999998E+31      0.99999998E+31      0.99999998E+31      0.99999998E+31      0.99999998E+31      0.99999998E+31      0.99999998E+31      0.99999998E+31      0.99999998E+31
      0.99999998E+31      0.99999998E+31      0.99999998E+31      0.99999998E+31      0.99999998E+31      0.99999998E+31      0.99999998E+31      0.99999998E+31      0.99999998E+31       978.98474    
       978.84998           979.54681           980.65851           979.76379           979.42145           981.85767           981.71198           970.47363           966.52722           965.06805    
       963.70117           961.36829           958.24854           951.81860           954.70203           954.72662           955.60748           956.30133           957.38568           959.07312    
       961.56049           964.85461           968.74805           973.23230           980.05176           987.50830           996.41583           1006.4256           1016.0140           1022.2842    
       1027.7280           1031.9028           1034.8793           1037.0243           1038.8774           1041.7195           1045.8217           1051.8651           1059.3969           1074.7111    
       1078.8574           1078.8357          0.99999998E+31      0.99999998E+31      0.99999998E+31      0.99999998E+31      0.99999998E+31      0.99999998E+31      0.99999998E+31      0.99999998E+31
      0.99999998E+31      0.99999998E+31      0.99999998E+31      0.99999998E+31      0.99999998E+31      0.99999998E+31       825.92322           814.78058           812.86230           811.64746    
       811.47229           811.66211           809.30933           808.26880           807.73425           807.27344           806.86908           806.65112           808.29150           812.11346    
       813.97760           818.71338           822.06024           825.61322           828.59808           830.87946           833.20270           835.99512           840.44873           843.89362    
       846.45007           848.12909           849.31580           851.87006           854.04803           855.94739           858.12170           859.99786           862.12225           864.80402    
       867.66040           870.54614           873.63147           876.67712           879.85687           883.62372           888.28992           893.67377           902.05225           909.19653    
       916.74310           925.27667           935.53326           948.52136           970.29828           990.56982           1000.7037           1010.3384           1020.7229           1029.4014    
       1038.7831           1049.4302           1060.5221           1070.8986           1080.5575           1088.5817           1103.5356           1109.7173           1109.7894          0.99999998E+31
      0.99999998E+31       1062.6333           1060.7704           1060.1989           1064.2683           1068.9410           1076.2701           1082.9465           1084.9225           1085.5002    
       1085.4956           1085.4092           1085.2419           1084.9828           1084.4191           1083.6301           1082.6616           1080.9264           1077.8862           1071.5946    
       1069.4052           1074.9368           1073.2476           1078.7202           1081.6334           1083.9551           1085.6475           1087.1465          0.99999998E+31      0.99999998E+31
      0.99999998E+31      0.99999998E+31      0.99999998E+31      0.99999998E+31      0.99999998E+31      0.99999998E+31      0.99999998E+31      0.99999998E+31      0.99999998E+31      0.99999998E+31
      0.99999998E+31      0.99999998E+31      0.99999998E+31      0.99999998E+31      0.99999998E+31      0.99999998E+31      0.99999998E+31      0.99999998E+31      0.99999998E+31      0.99999998E+31
      0.99999998E+31      0.99999998E+31      0.99999998E+31      0.99999998E+31      0.99999998E+31      0.99999998E+31      0.99999998E+31      0.99999998E+31      0.99999998E+31      0.99999998E+31
      0.99999998E+31      0.99999998E+31      0.99999998E+31      0.99999998E+31      0.99999998E+31      0.99999998E+31      0.99999998E+31      0.99999998E+31      0.99999998E+31      0.99999998E+31
      0.99999998E+31      0.99999998E+31      0.99999998E+31      0.99999998E+31      0.99999998E+31      0.99999998E+31      0.99999998E+31      0.99999998E+31      0.99999998E+31      0.99999998E+31
      0.99999998E+31      0.99999998E+31
      0.99999998E+31      0.99999998E+31      0.99999998E+31      0.99999998E+31      0.99999998E+31      0.99999998E+31      0.99999998E+31      0.99999998E+31      0.99999998E+31      0.99999998E+31
      0.99999998E+31      0.99999998E+31      0.99999998E+31      0.99999998E+31      0.99999998E+31      0.99999998E+31      0.99999998E+31      0.99999998E+31      0.99999998E+31      0.99999998E+31
       975.28503           974.86328           975.01794           974.48785           979.93280           998.50348           998.16260           978.39832           975.11365           972.14526    
       968.97223           965.22260           962.27417           958.54639           958.24524           956.33179           955.32294           955.29419           956.01715           957.51904    
       959.90344           963.21484           967.19586           971.90210           977.74011           984.14783           990.87274           997.38196           1003.4225           1008.1669    
       1012.9011           1016.6732           1019.1374           1020.7001           1022.1305           1023.6286           1026.9437           1035.9025           1041.5420           1047.2627    
       1054.4812           1049.9070          0.99999998E+31      0.99999998E+31      0.99999998E+31      0.99999998E+31      0.99999998E+31      0.99999998E+31      0.99999998E+31      0.99999998E+31
      0.99999998E+31      0.99999998E+31      0.99999998E+31      0.99999998E+31      0.99999998E+31      0.99999998E+31       817.41315           811.27277           811.90820           809.03986    
       809.18829           809.20569           805.96405           805.90533           806.86945           807.54419           808.11200           808.58820           808.56268           813.27454    
       816.56531           820.06946           822.34406           826.39368           828.77625           830.15649           833.77496           836.58844           841.13129           844.13074    
       846.20605           847.71320           849.26599           852.30200           854.69299           857.08990           859.38257           861.52899           863.78040           866.13928    
       868.52960           870.77643           874.27081           876.78827           879.54553           883.24402           887.72577           892.41150           900.33105           906.40125    
       912.31073           919.13715           927.30261           938.81018           953.82605           971.82806           985.56757           997.34399           1009.1529           1018.2106    
       1029.1754           1040.3126           1052.2211           1063.3931           1073.6516           1082.7787           1096.9658           1105.2253           1109.4537           1111.6333    
      0.99999998E+31       1063.0200           1061.3748           1057.4346           1064.5918           1071.1842           1077.8992           1083.1495           1084.9215           1085.2831    
       1085.1604           1084.7958           1084.5200           1084.2303           1083.5841           1082.9514           1082.1060           1081.0310           1079.5137           1077.6520    
       1077.5576           1079.2443           1079.2648           1080.0610           1081.4260           1082.8730           1084.5126           1085.9785           1087.3492          0.99999998E+31
      0.99999998E+31      0.99999998E+31      0.99999998E+31      0.99999998E+31      0.99999998E+31      0.99999998E+31      0.99999998E+31      0.99999998E+31      0.99999998E+31      0.99999998E+31
      0.99999998E+31      0.99999998E+31      0.99999998E+31      0.99999998E+31      0.99999998E+31      0.99999998E+31      0.99999998E+31      0.99999998E+31      0.99999998E+31      0.99999998E+31
      0.99999998E+31      0.99999998E+31      0.99999998E+31      0.99999998E+31      0.99999998E+31      0.99999998E+31      0.99999998E+31      0.99999998E+31      0.99999998E+31      0.99999998E+31
      0.99999998E+31      0.99999998E+31      0.99999998E+31      0.99999998E+31      0.99999998E+31      0.99999998E+31      0.99999998E+31      0.99999998E+31      0.99999998E+31      0.99999998E+31
      0.99999998E+31      0.99999998E+31      0.99999998E+31      0.99999998E+31      0.99999998E+31      0.99999998E+31      0.99999998E+31      0.99999998E+31      0.99999998E+31      0.99999998E+31
      0.99999998E+31      0.99999998E+31
      0.99999998E+31      0.99999998E+31      0.99999998E+31      0.99999998E+31      0.99999998E+31      0.99999998E+31      0.99999998E+31      0.99999998E+31      0.99999998E+31      0.99999998E+31
      0.99999998E+31      0.99999998E+31      0.99999998E+31      0.99999998E+31      0.99999998E+31      0.99999998E+31      0.99999998E+31      0.99999998E+31      0.99999998E+31      0.99999998E+31
      0.99999998E+31       971.88733           971.37488           969.84253           973.53931           993.10492           1013.0827           994.70624           995.90607           1002.1577    
       996.32477           983.09052           973.66699           964.32843           960.78003           957.23773           954.77087           953.79852           953.98511           955.11279    
       957.21570           960.40771           964.58020           969.49274           974.63318           979.66949           984.25403           988.18518           992.00909           995.92969    
       998.38623           1001.1547           1002.7497           1003.3421           1003.7916           1003.6364           1004.9057           1013.9446           1020.5388           1023.3175    
       1024.9734           1023.3951          0.99999998E+31      0.99999998E+31      0.99999998E+31      0.99999998E+31      0.99999998E+31      0.99999998E+31      0.99999998E+31      0.99999998E+31
      0.99999998E+31      0.99999998E+31      0.99999998E+31      0.99999998E+31      0.99999998E+31      0.99999998E+31       814.09412           809.04022           809.28003           807.82764    
       806.74792           804.78931           797.90662           801.65387           805.46747           807.42651           808.91266           810.31232           811.98944           815.25549    
       818.14703           821.98645           824.92188           827.41785           828.41357           824.90814           834.28271           838.54266           841.88391           844.32990    
       845.91632           846.77917           850.02423           852.96954           854.87927           857.91827           860.35333           862.69360           865.00525           867.30371    
       869.56677           871.89813           874.49469           876.80695           878.64819           882.67902           887.26050           891.72046           897.95288           903.11249    
       908.60614           914.38733           920.52521           931.38733           943.63171           957.93158           971.98785           986.61298           998.36798           1009.7053    
       1021.0213           1032.0004           1043.7465           1054.9718           1065.4468           1075.0952           1091.0613           1098.7797           1106.9501           1112.0299    
      0.99999998E+31       1065.4868           1064.9083           1064.2085           1068.3362           1073.3403           1078.3860           1082.8639           1084.4280           1084.7512    
       1084.5769           1084.1598           1083.8656           1083.4736           1082.8685           1082.3127           1081.7004           1081.0599           1080.4128           1080.0293    
       1080.5615           1081.4332           1081.3816           1080.4152           1081.2415           1082.1897           1083.5569           1085.1451           1086.5415           1087.9994    
      0.99999998E+31      0.99999998E+31      0.99999998E+31      0.99999998E+31      0.99999998E+31      0.99999998E+31      0.99999998E+31      0.99999998E+31      0.99999998E+31      0.99999998E+31
      0.99999998E+31      0.99999998E+31      0.99999998E+31      0.99999998E+31      0.99999998E+31      0.99999998E+31      0.99999998E+31      0.99999998E+31      0.99999998E+31      0.99999998E+31
      0.99999998E+31      0.99999998E+31      0.99999998E+31      0.99999998E+31      0.99999998E+31      0.99999998E+31      0.99999998E+31      0.99999998E+31      0.99999998E+31      0.99999998E+31
      0.99999998E+31      0.99999998E+31      0.99999998E+31      0.99999998E+31      0.99999998E+31      0.99999998E+31      0.99999998E+31      0.99999998E+31      0.99999998E+31      0.99999998E+31
      0.99999998E+31      0.99999998E+31      0.99999998E+31      0.99999998E+31      0.99999998E+31      0.99999998E+31      0.99999998E+31      0.99999998E+31      0.99999998E+31      0.99999998E+31
      0.99999998E+31      0.99999998E+31
      0.99999998E+31      0.99999998E+31      0.99999998E+31      0.99999998E+31      0.99999998E+31      0.99999998E+31      0.99999998E+31      0.99999998E+31      0.99999998E+31      0.99999998E+31
      0.99999998E+31      0.99999998E+31      0.99999998E+31      0.99999998E+31      0.99999998E+31      0.99999998E+31      0.99999998E+31      0.99999998E+31      0.99999998E+31      0.99999998E+31
      0.99999998E+31      0.99999998E+31       969.11157           967.52325           967.73340           976.93958           998.06171           1028.9622           1036.5709           1022.7026    
       1008.1708           983.30890           980.30127           971.93787           963.79590           957.97449           953.71869           951.58649           951.01819           951.56500    
       953.13635           955.88605           960.01324           965.40222           969.67609           973.24561           976.06244           978.21350           980.23425           982.79071    
       983.97589           984.47125           985.16510           984.32086           983.35602           981.95520           983.06274           987.67596           996.30328           999.95074    
       1000.4668           1000.6340          0.99999998E+31      0.99999998E+31      0.99999998E+31      0.99999998E+31      0.99999998E+31      0.99999998E+31      0.99999998E+31      0.99999998E+31
      0.99999998E+31      0.99999998E+31      0.99999998E+31      0.99999998E+31      0.99999998E+31      0.99999998E+31       807.51007           806.19043           805.46265           805.54425    
       804.82355           803.84576           801.08392           802.16431           805.18225           807.26300           809.39471           811.83441           814.42145           817.50269    
       820.82526           824.01337           826.86475           829.33966           831.34003           833.02277           837.59943           841.01068           843.71490           845.74170    
       845.92078           842.82501           850.30737           854.24707           856.59058           858.76947           861.04700           863.65259           866.11047           868.41888    
       870.53491           872.70306           875.05188           877.37061           879.59161           882.06702           886.49414           891.00488           895.59064           899.19745    
       905.38824           911.25122           917.88635           926.54437           936.81189           948.69244           961.94495           976.36127           989.13947           1000.6329    
       1012.5422           1024.2078           1035.2900           1045.9003           1056.3737           1066.0028           1080.0458           1091.3640           1103.5970           1110.6847    
      0.99999998E+31       1068.1985           1069.7106           1070.0535           1072.2352           1075.1069           1077.6218           1082.3292           1083.7732           1084.0104    
       1083.7917           1083.4712           1083.0627           1082.5258           1082.0406           1081.5908           1081.1604           1080.7400           1080.3817           1080.1919    
       1080.2227           1079.6265           1078.2117           1076.3823           1080.2360           1081.3314           1082.7853           1084.2711           1085.7784           1087.2863    
       1089.5090           1089.5522          0.99999998E+31      0.99999998E+31      0.99999998E+31      0.99999998E+31      0.99999998E+31      0.99999998E+31      0.99999998E+31      0.99999998E+31
      0.99999998E+31      0.99999998E+31      0.99999998E+31      0.99999998E+31      0.99999998E+31      0.99999998E+31      0.99999998E+31      0.99999998E+31      0.99999998E+31      0.99999998E+31
      0.99999998E+31      0.99999998E+31      0.99999998E+31      0.99999998E+31      0.99999998E+31      0.99999998E+31      0.99999998E+31      0.99999998E+31      0.99999998E+31      0.99999998E+31
      0.99999998E+31      0.99999998E+31      0.99999998E+31      0.99999998E+31      0.99999998E+31      0.99999998E+31      0.99999998E+31      0.99999998E+31      0.99999998E+31      0.99999998E+31
      0.99999998E+31      0.99999998E+31      0.99999998E+31      0.99999998E+31      0.99999998E+31      0.99999998E+31      0.99999998E+31      0.99999998E+31      0.99999998E+31      0.99999998E+31
      0.99999998E+31      0.99999998E+31
      0.99999998E+31      0.99999998E+31      0.99999998E+31      0.99999998E+31      0.99999998E+31      0.99999998E+31      0.99999998E+31      0.99999998E+31      0.99999998E+31      0.99999998E+31
      0.99999998E+31      0.99999998E+31      0.99999998E+31      0.99999998E+31      0.99999998E+31      0.99999998E+31      0.99999998E+31      0.99999998E+31      0.99999998E+31      0.99999998E+31
      0.99999998E+31      0.99999998E+31      0.99999998E+31       965.90790           965.67480           971.46710           991.57599           1019.8530           1048.6426           1039.8236    
       1019.4908           995.77747           985.16833           974.45056           965.05524           957.81976           951.66840           948.35858           946.89630           946.62079    
       947.32904           948.98706           951.70044           956.59631           960.87372           963.60443           965.74139           966.92981           967.77570           968.86523    
       969.33740           968.47894           967.07477           965.00891           963.10376           962.07452           963.68127           967.22675           973.87921           978.07593    
       980.29419           981.52222          0.99999998E+31      0.99999998E+31      0.99999998E+31      0.99999998E+31      0.99999998E+31      0.99999998E+31      0.99999998E+31      0.99999998E+31
      0.99999998E+31      0.99999998E+31      0.99999998E+31      0.99999998E+31       811.44336           805.54022           804.04089           803.76324           803.09918           802.61646    
       801.22125           802.63989           802.94318           803.88806           805.28912           806.95746           809.42780           812.73071           815.86945           819.13995    
       822.65387           825.67151           828.48895           831.28369           833.99799           836.80695           840.22754           843.23083           845.88037           847.91937    
       849.16107           850.05707           853.47430           856.62885           858.03387           859.21265           861.08270           864.63861           867.31653           869.58533    
       871.44659           873.31732           875.60461           877.95007           880.27716           882.92157           886.47034           890.48773           894.61761           898.76849    
       903.64203           908.98706           915.25348           922.93951           931.98724           941.83582           953.84601           967.23663           980.93964           992.72467    
       1004.3954           1016.2603           1026.4001           1035.7823           1048.1014           1057.8035           1067.2283           1078.7534          0.99999998E+31      0.99999998E+31
      0.99999998E+31      0.99999998E+31       1074.9683           1076.6522           1077.0784           1074.6927           1077.8263           1081.6434           1082.9238           1083.0585    
       1082.8531           1082.5170           1082.0730           1081.5115           1081.0892           1080.7310           1080.3840           1080.0229           1079.6173           1079.0442    
       1077.9182           1075.2374           1071.0221           1069.5955           1075.6782           1079.3536           1081.8766           1083.6150           1085.4362           1087.1757    
       1088.5850           1089.8654          0.99999998E+31      0.99999998E+31      0.99999998E+31      0.99999998E+31      0.99999998E+31      0.99999998E+31      0.99999998E+31      0.99999998E+31
      0.99999998E+31      0.99999998E+31      0.99999998E+31      0.99999998E+31      0.99999998E+31      0.99999998E+31      0.99999998E+31      0.99999998E+31      0.99999998E+31      0.99999998E+31
      0.99999998E+31      0.99999998E+31      0.99999998E+31      0.99999998E+31      0.99999998E+31      0.99999998E+31      0.99999998E+31      0.99999998E+31      0.99999998E+31      0.99999998E+31
      0.99999998E+31      0.99999998E+31      0.99999998E+31      0.99999998E+31      0.99999998E+31      0.99999998E+31      0.99999998E+31      0.99999998E+31      0.99999998E+31      0.99999998E+31
      0.99999998E+31      0.99999998E+31      0.99999998E+31      0.99999998E+31      0.99999998E+31      0.99999998E+31      0.99999998E+31      0.99999998E+31      0.99999998E+31      0.99999998E+31
      0.99999998E+31      0.99999998E+31
      0.99999998E+31      0.99999998E+31      0.99999998E+31      0.99999998E+31      0.99999998E+31      0.99999998E+31      0.99999998E+31      0.99999998E+31      0.99999998E+31      0.99999998E+31
      0.99999998E+31      0.99999998E+31      0.99999998E+31      0.99999998E+31      0.99999998E+31      0.99999998E+31      0.99999998E+31      0.99999998E+31      0.99999998E+31      0.99999998E+31
      0.99999998E+31      0.99999998E+31      0.99999998E+31      0.99999998E+31      0.99999998E+31      0.99999998E+31      0.99999998E+31       1023.0403           1047.1401           1045.5459    
       1023.7562           1001.3984           986.83295           974.35815           963.69604           955.19135           947.89886           943.82495           941.60162           940.43512    
       939.80212           939.81726           940.09125           941.55511           946.96747           950.43079           952.66956           954.07257           954.62463           954.82135    
       954.37335           951.97052           948.81750           946.61182           943.39514           941.91827           943.22949           946.07953           953.25964           959.35596    
       961.98016           962.26575          0.99999998E+31      0.99999998E+31      0.99999998E+31      0.99999998E+31      0.99999998E+31      0.99999998E+31      0.99999998E+31      0.99999998E+31
      0.99999998E+31      0.99999998E+31      0.99999998E+31       820.53448           807.96844           802.52954           801.71735           800.97882           800.96136           800.84271    
       800.94849           802.06042           803.12762           804.12201           805.08783           806.63190           809.15570           812.76648           816.54224           820.12335    
       823.85883           826.89172           829.94171           833.04639           835.99506           838.28247           841.97186           845.24390           848.20160           850.54187    
       852.48297           854.30945           856.47754           857.82587           859.32153           860.75110           863.67383           866.67065           868.85919           870.81323    
       872.29584           873.47980           876.03192           878.41437           880.77631           883.21301           886.31879           889.91876           893.76019           897.92358    
       902.32367           907.18414           913.02850           920.17395           928.23895           936.90979           947.64465           960.19757           972.55511           984.62836    
       996.92560           1008.6765           1018.7286           1026.9718           1037.3995           1047.0314           1057.1573           1064.5382          0.99999998E+31      0.99999998E+31
      0.99999998E+31      0.99999998E+31       1079.9967           1081.7448           1081.8812           1078.6030           1078.1935           1080.0504           1081.4728           1081.9746    
       1081.7947           1081.3923           1080.9268           1080.3596           1079.9532           1079.6163           1079.3527           1079.0701           1078.6022           1077.6494    
       1075.8817           1070.3239           1070.1677           1073.4680           1076.7229           1079.4491           1081.5935           1083.2518           1085.2349           1087.2100    
       1088.8441           1090.3562           1092.1562           1093.2959           1093.8107           1094.6404          0.99999998E+31      0.99999998E+31      0.99999998E+31      0.99999998E+31
      0.99999998E+31      0.99999998E+31      0.99999998E+31      0.99999998E+31      0.99999998E+31      0.99999998E+31      0.99999998E+31      0.99999998E+31      0.99999998E+31      0.99999998E+31
      0.99999998E+31      0.99999998E+31      0.99999998E+31      0.99999998E+31      0.99999998E+31      0.99999998E+31      0.99999998E+31      0.99999998E+31      0.99999998E+31      0.99999998E+31
      0.99999998E+31      0.99999998E+31      0.99999998E+31      0.99999998E+31      0.99999998E+31      0.99999998E+31      0.99999998E+31      0.99999998E+31      0.99999998E+31      0.99999998E+31
      0.99999998E+31      0.99999998E+31      0.99999998E+31      0.99999998E+31      0.99999998E+31      0.99999998E+31      0.99999998E+31      0.99999998E+31      0.99999998E+31      0.99999998E+31
      0.99999998E+31      0.99999998E+31
      0.99999998E+31      0.99999998E+31      0.99999998E+31      0.99999998E+31      0.99999998E+31      0.99999998E+31      0.99999998E+31      0.99999998E+31      0.99999998E+31      0.99999998E+31
      0.99999998E+31      0.99999998E+31      0.99999998E+31      0.99999998E+31      0.99999998E+31      0.99999998E+31      0.99999998E+31      0.99999998E+31      0.99999998E+31      0.99999998E+31
      0.99999998E+31      0.99999998E+31      0.99999998E+31      0.99999998E+31      0.99999998E+31      0.99999998E+31      0.99999998E+31      0.99999998E+31      0.99999998E+31       1035.5476    
       1021.4516           1000.7169           984.79993           970.97455           958.95471           949.42029           942.29901           938.13666           935.48517           933.28894    
       931.08972           929.04041           927.62994           927.96301           931.83813           935.70581           938.39563           940.28461           941.07227           940.68951    
       938.94952           935.68933           931.90918           928.25513           924.47052           922.33618           921.62183           922.97510           931.16064           939.15094    
       942.89392           944.86682          0.99999998E+31      0.99999998E+31      0.99999998E+31      0.99999998E+31      0.99999998E+31      0.99999998E+31      0.99999998E+31      0.99999998E+31
      0.99999998E+31      0.99999998E+31       820.81836           807.14795           802.82623           800.81915           798.62598           797.49451           797.95789           798.81995    
       799.68909           800.95160           802.52631           803.63293           804.37891           806.29944           809.05029           812.79266           816.74915           820.53662    
       824.54108           827.85913           831.28516           834.64630           837.83258           840.67566           843.42438           847.05115           850.32324           853.10461    
       855.58142           857.80890           859.89771           861.59918           863.08893           864.71503           866.71594           869.17627           870.81110           872.14545    
       873.41309           874.71240           876.53906           878.73712           881.01367           883.27594           885.96405           889.31323           892.94830           896.87860    
       901.03107           905.61493           911.13391           917.89423           925.50446           933.62744           943.11121           954.86798           966.47559           978.67065    
       990.90643           1002.0309           1011.4537           1018.9549           1028.2623           1037.2369           1046.9652           1050.0392          0.99999998E+31      0.99999998E+31
      0.99999998E+31      0.99999998E+31       1082.4773           1083.5294           1083.2775           1079.3147           1075.4021           1077.4857           1079.9985           1080.7418    
       1080.5947           1080.1063           1079.5764           1079.0084           1078.5485           1077.9506           1078.0153           1078.0931           1077.6880           1076.3087    
       1076.2413           1075.4941           1075.2075           1076.4685           1078.1765           1080.0144           1081.7356           1083.3235           1084.8291           1087.4727    
       1089.2052           1090.8020           1092.2120           1093.0840           1093.8839           1094.9401           1095.7449          0.99999998E+31      0.99999998E+31      0.99999998E+31
      0.99999998E+31      0.99999998E+31      0.99999998E+31      0.99999998E+31      0.99999998E+31      0.99999998E+31      0.99999998E+31      0.99999998E+31      0.99999998E+31      0.99999998E+31
      0.99999998E+31      0.99999998E+31      0.99999998E+31      0.99999998E+31      0.99999998E+31      0.99999998E+31      0.99999998E+31      0.99999998E+31      0.99999998E+31      0.99999998E+31
      0.99999998E+31      0.99999998E+31      0.99999998E+31      0.99999998E+31      0.99999998E+31      0.99999998E+31      0.99999998E+31      0.99999998E+31      0.99999998E+31      0.99999998E+31
      0.99999998E+31      0.99999998E+31      0.99999998E+31      0.99999998E+31      0.99999998E+31      0.99999998E+31      0.99999998E+31      0.99999998E+31      0.99999998E+31      0.99999998E+31
      0.99999998E+31      0.99999998E+31
      0.99999998E+31      0.99999998E+31      0.99999998E+31      0.99999998E+31      0.99999998E+31      0.99999998E+31      0.99999998E+31      0.99999998E+31      0.99999998E+31      0.99999998E+31
      0.99999998E+31      0.99999998E+31      0.99999998E+31      0.99999998E+31      0.99999998E+31      0.99999998E+31      0.99999998E+31      0.99999998E+31      0.99999998E+31      0.99999998E+31
      0.99999998E+31      0.99999998E+31      0.99999998E+31      0.99999998E+31      0.99999998E+31      0.99999998E+31      0.99999998E+31      0.99999998E+31      0.99999998E+31      0.99999998E+31
       999.21497           989.22577           978.38159           965.95483           952.95294           943.34790           936.61523           932.27460           928.47449           924.27344    
       920.37604           917.07849           914.51324           914.96387           917.46576           921.13068           924.12170           926.22009           927.23474           926.63763    
       924.16711           920.47632           915.74152           910.42029           906.19550           903.07196           901.13214           899.64496           902.06311           914.97571    
       922.49963           925.94147          0.99999998E+31      0.99999998E+31      0.99999998E+31      0.99999998E+31      0.99999998E+31      0.99999998E+31      0.99999998E+31      0.99999998E+31
       863.59393           821.26917           811.45227           803.98822           801.66089           797.38574           795.15924           791.25336           794.63544           796.47339    
       797.73486           798.87634           801.22076           802.44226           801.87897           806.14764           808.95404           812.72540           816.67316           820.55261    
       824.85443           828.54413           832.25665           835.83221           839.20697           842.43848           845.58221           848.60394           852.17291           855.48767    
       858.43268           860.99933           863.24799           865.05219           866.39166           868.01678           869.43054           871.20056           872.22931           873.36200    
       874.42322           875.35522           876.61694           878.89935           881.11218           883.07825           885.17780           888.47717           892.14117           895.85107    
       899.71991           904.16492           909.34454           915.91559           923.34875           931.31458           940.23322           950.68811           962.18506           974.45264    
       986.23566           996.83777           1005.8707           1013.1823           1022.0674           1030.1366           1038.9778           1043.3406          0.99999998E+31      0.99999998E+31
      0.99999998E+31      0.99999998E+31       1083.2892           1084.0104           1082.8071           1080.2620           1079.1631           1079.2504           1079.7108           1079.6689    
       1079.1716           1078.5000           1077.8871           1077.3436           1076.9081           1076.2642           1076.3876           1077.2664           1077.6426           1077.4860    
       1077.2931           1077.5006           1077.7606           1078.3688           1079.3939           1080.5704           1081.9081           1083.4929           1084.9119           1087.3647    
       1089.2131           1090.8260           1092.1620           1092.8051           1093.9020           1094.9949           1096.1388           1097.0336          0.99999998E+31      0.99999998E+31
      0.99999998E+31      0.99999998E+31      0.99999998E+31      0.99999998E+31      0.99999998E+31      0.99999998E+31      0.99999998E+31      0.99999998E+31      0.99999998E+31      0.99999998E+31
      0.99999998E+31      0.99999998E+31      0.99999998E+31      0.99999998E+31      0.99999998E+31      0.99999998E+31      0.99999998E+31      0.99999998E+31      0.99999998E+31      0.99999998E+31
      0.99999998E+31      0.99999998E+31      0.99999998E+31      0.99999998E+31      0.99999998E+31      0.99999998E+31      0.99999998E+31      0.99999998E+31      0.99999998E+31      0.99999998E+31
      0.99999998E+31      0.99999998E+31      0.99999998E+31      0.99999998E+31      0.99999998E+31      0.99999998E+31      0.99999998E+31      0.99999998E+31      0.99999998E+31      0.99999998E+31
      0.99999998E+31      0.99999998E+31
      0.99999998E+31      0.99999998E+31      0.99999998E+31      0.99999998E+31      0.99999998E+31      0.99999998E+31      0.99999998E+31      0.99999998E+31      0.99999998E+31      0.99999998E+31
      0.99999998E+31      0.99999998E+31      0.99999998E+31      0.99999998E+31      0.99999998E+31      0.99999998E+31      0.99999998E+31      0.99999998E+31      0.99999998E+31      0.99999998E+31
      0.99999998E+31      0.99999998E+31      0.99999998E+31      0.99999998E+31      0.99999998E+31      0.99999998E+31      0.99999998E+31      0.99999998E+31      0.99999998E+31      0.99999998E+31
       985.84833           978.68060           969.29437           958.97705           946.85144           937.31592           930.67871           925.55170           920.28455           914.05780    
       908.54883           904.72589           902.31586           902.27118           903.83173           906.80688           909.74084           911.58978           912.55243           912.12946    
       909.23999           905.51984           900.11200           894.22009           889.13916           885.22168           881.61780           877.04565           872.74933           882.99744    
       898.43774           906.62128          0.99999998E+31      0.99999998E+31      0.99999998E+31      0.99999998E+31      0.99999998E+31      0.99999998E+31      0.99999998E+31       845.98993    
       833.92834           818.23273           809.63324           803.45111           797.74548           795.14044           793.04987           792.81366           793.73425           794.93475    
       796.14636           796.84412           799.56067           800.84729           801.15961           804.83545           808.19885           812.00720           816.29419           820.39209    
       824.81989           828.77454           832.82587           836.63715           840.21661           843.60150           846.60498           848.55115           853.91223           857.91003    
       861.26996           864.14337           866.59332           868.52679           869.98962           871.17847           871.36877           873.42847           874.13757           875.03516    
       875.48218           875.63776           877.27155           879.43835           881.33008           882.74048           883.59192           887.07098           891.12421           895.33270    
       898.56464           902.82855           907.90314           914.13416           921.51813           929.79010           938.61682           948.72675           959.49884           971.43127    
       982.43335           992.67761           1001.5773           1008.6520           1017.8011           1028.1372           1034.0261           1039.8328          0.99999998E+31      0.99999998E+31
      0.99999998E+31      0.99999998E+31      0.99999998E+31      0.99999998E+31       1081.9943           1079.9449           1080.0619           1079.8291           1079.4894           1078.7921    
       1077.7273           1076.6772           1075.9437           1075.1202           1075.1594           1074.7288           1074.1744           1076.3071           1077.4791           1077.7955    
       1077.6406           1078.1350           1078.9806           1079.6251           1080.4617           1081.2679           1081.3253           1083.6499           1085.6146           1087.5793    
       1088.8669           1090.2007           1091.3522           1093.6414           1093.8544           1094.9956           1096.3250           1097.6948          0.99999998E+31      0.99999998E+31
      0.99999998E+31      0.99999998E+31       1361.2207           1406.4513           1463.7465           1514.9242           1644.0527           1703.5541           1747.8528           1781.9600    
       1809.7777           1833.5504          0.99999998E+31      0.99999998E+31      0.99999998E+31      0.99999998E+31      0.99999998E+31      0.99999998E+31      0.99999998E+31      0.99999998E+31
      0.99999998E+31      0.99999998E+31      0.99999998E+31      0.99999998E+31      0.99999998E+31      0.99999998E+31      0.99999998E+31      0.99999998E+31      0.99999998E+31      0.99999998E+31
      0.99999998E+31      0.99999998E+31      0.99999998E+31      0.99999998E+31      0.99999998E+31      0.99999998E+31      0.99999998E+31      0.99999998E+31      0.99999998E+31      0.99999998E+31
      0.99999998E+31      0.99999998E+31
      0.99999998E+31      0.99999998E+31      0.99999998E+31      0.99999998E+31      0.99999998E+31      0.99999998E+31      0.99999998E+31      0.99999998E+31      0.99999998E+31      0.99999998E+31
      0.99999998E+31      0.99999998E+31      0.99999998E+31      0.99999998E+31      0.99999998E+31      0.99999998E+31      0.99999998E+31      0.99999998E+31      0.99999998E+31      0.99999998E+31
      0.99999998E+31      0.99999998E+31      0.99999998E+31      0.99999998E+31      0.99999998E+31      0.99999998E+31      0.99999998E+31      0.99999998E+31      0.99999998E+31      0.99999998E+31
       965.55927          0.99999998E+31       962.26776           954.70380           939.18854           931.11194           923.92407           917.85461           911.55194           905.07965    
       895.51294           892.28693           889.99438           889.30518           890.00903           892.17511           894.54376           896.31140           897.02222           896.10022    
       891.90430           890.38263           885.02136           879.26898           873.74341           870.68622           866.84161           859.25647           841.69897           859.46875    
       873.31580           884.14783          0.99999998E+31      0.99999998E+31      0.99999998E+31      0.99999998E+31       867.58582           864.43939           857.51416           845.50214    
       832.63953           821.88245           808.02344           800.56213           796.11487           793.16309           791.40411           791.43317           792.42657           794.02563    
       795.25854           796.29688           798.11371           799.69574           801.22113           803.77618           806.87158           810.58020           814.84308           819.47076    
       824.12109           828.41357           832.91644           837.09326           841.04895           844.90082           848.59064           852.13318           856.53473           860.62091    
       864.25958           867.41260           870.05652           872.10767           873.65875           874.83582           875.62012           876.60620           877.10956           877.27991    
       876.71399           874.43475           877.30829           880.04083           881.86462           882.72784           882.45782           886.09436           889.90723           894.46167    
       897.39148           901.25140           906.35773           912.09399           919.87067           928.79279           937.98450           948.06879           958.86292           969.76001    
       980.28345           989.74756           998.45599           1004.9812           1014.5120           1023.2358           1030.4110           1035.1410          0.99999998E+31      0.99999998E+31
      0.99999998E+31      0.99999998E+31      0.99999998E+31      0.99999998E+31       1081.4303           1080.7368           1080.5129           1079.9822           1079.1887           1077.9088    
       1076.1323           1074.2115           1073.8777           1071.6146           1073.2546           1073.1200           1074.7227           1076.5712           1077.5901           1078.2297    
       1078.5599           1079.1594           1079.9840           1080.6650           1081.4972           1082.4789           1083.3845           1084.8042           1086.3896           1087.8396    
       1088.9561           1090.0350           1091.1885           1092.7041           1094.9786           1095.2692           1097.1941           1099.1381          0.99999998E+31      0.99999998E+31
      0.99999998E+31      0.99999998E+31       1318.1519           1351.8470           1406.2675           1465.4363           1510.5948           1627.0642           1672.5143           1710.5587    
       1745.3800           1778.7841          0.99999998E+31      0.99999998E+31      0.99999998E+31      0.99999998E+31      0.99999998E+31      0.99999998E+31      0.99999998E+31      0.99999998E+31
      0.99999998E+31      0.99999998E+31      0.99999998E+31      0.99999998E+31      0.99999998E+31      0.99999998E+31      0.99999998E+31      0.99999998E+31      0.99999998E+31      0.99999998E+31
      0.99999998E+31      0.99999998E+31      0.99999998E+31      0.99999998E+31      0.99999998E+31      0.99999998E+31      0.99999998E+31      0.99999998E+31      0.99999998E+31      0.99999998E+31
      0.99999998E+31      0.99999998E+31
      0.99999998E+31      0.99999998E+31      0.99999998E+31      0.99999998E+31      0.99999998E+31      0.99999998E+31      0.99999998E+31      0.99999998E+31      0.99999998E+31      0.99999998E+31
      0.99999998E+31      0.99999998E+31      0.99999998E+31      0.99999998E+31      0.99999998E+31      0.99999998E+31      0.99999998E+31      0.99999998E+31      0.99999998E+31      0.99999998E+31
      0.99999998E+31      0.99999998E+31      0.99999998E+31      0.99999998E+31      0.99999998E+31      0.99999998E+31      0.99999998E+31      0.99999998E+31      0.99999998E+31      0.99999998E+31
      0.99999998E+31       765.37146          0.99999998E+31      0.99999998E+31       931.97461           925.58002           916.94757           909.79547           902.34326           893.93970    
       885.57208           880.26996           877.08032           875.29218           876.12634           877.35010           879.62555           881.53931           882.37543           881.57794    
       879.18396           875.94226           870.69568           866.42230           862.47717           859.80719           857.70709           854.19000           847.47638           853.38055    
       857.10541           866.72406           865.30829           865.98242           866.91620           867.86530           867.46173           863.27838           855.63312           846.75507    
       835.41827           820.59406           808.47931           800.55170           794.88342           791.58752           790.30664           790.14221           790.87915           792.80579    
       793.58331           793.66644           796.02502           798.04242           799.89691           802.22516           805.07703           808.53387           812.90326           817.69946    
       822.53009           827.54974           832.63110           837.37280           841.84167           846.22302           850.45972           854.64166           859.02777           863.41595    
       867.41986           870.79144           873.51788           875.64105           877.26947           878.46143           879.26636           879.88318           880.15973           880.10968    
       879.57654           878.40924           877.24554           881.25635           883.11133           883.41449           885.05640           885.65393           888.30078           892.69684    
       894.42487           899.16223           904.89441           908.75671           917.85187           928.33124           938.06470           948.10315           958.63184           969.49487    
       979.66058           988.11444           996.03265           1003.4153           1011.1834           1019.0391           1026.5002           1032.8932           1046.3230           1054.8604    
       1062.8257           1068.5946           1074.3488           1078.9188           1080.3344           1080.4595           1080.4250           1079.8938           1078.8275           1076.9796    
       1074.4331           1069.2593           1073.0199           1073.5645           1074.0951           1074.3038           1075.0784           1076.8427           1077.5651           1078.5908    
       1079.3151           1080.0636           1080.7999           1081.6455           1082.5154           1083.6448           1084.6940           1085.8643           1087.0920           1088.1287    
       1089.1206           1090.1145           1091.2184           1092.8458           1094.1396           1096.7550           1099.2240           1101.8260           1105.3917           1112.9996    
       1133.8527           1161.0941           1234.8453           1271.6088           1307.8934           1366.9749           1422.4683           1443.6508           1575.4932           1626.8625    
       1662.8496           1692.8414           1697.6853          0.99999998E+31      0.99999998E+31      0.99999998E+31      0.99999998E+31      0.99999998E+31      0.99999998E+31      0.99999998E+31
      0.99999998E+31      0.99999998E+31      0.99999998E+31      0.99999998E+31      0.99999998E+31      0.99999998E+31      0.99999998E+31      0.99999998E+31      0.99999998E+31      0.99999998E+31
      0.99999998E+31      0.99999998E+31      0.99999998E+31      0.99999998E+31      0.99999998E+31      0.99999998E+31      0.99999998E+31      0.99999998E+31      0.99999998E+31      0.99999998E+31
      0.99999998E+31      0.99999998E+31
      0.99999998E+31      0.99999998E+31      0.99999998E+31      0.99999998E+31      0.99999998E+31      0.99999998E+31      0.99999998E+31      0.99999998E+31      0.99999998E+31      0.99999998E+31
      0.99999998E+31      0.99999998E+31      0.99999998E+31      0.99999998E+31      0.99999998E+31      0.99999998E+31      0.99999998E+31      0.99999998E+31      0.99999998E+31      0.99999998E+31
      0.99999998E+31      0.99999998E+31      0.99999998E+31      0.99999998E+31      0.99999998E+31      0.99999998E+31      0.99999998E+31      0.99999998E+31      0.99999998E+31      0.99999998E+31
      0.99999998E+31       765.09973           764.61420          0.99999998E+31      0.99999998E+31       918.90405           910.24835           902.13342           892.93207           882.90283    
       874.79535           867.89795           864.95703           863.54462           863.15814           864.36401           866.34528           868.35864           869.07404           868.37695    
       866.47418           862.50018           855.23572           856.19928           853.83020           852.82233           851.49988           849.48309           846.02686           849.07892    
       850.77167           853.38531           858.22607           862.15332           865.18555           866.24695           865.46722           860.92041           854.72412           846.87653    
       836.85187           822.18341           810.86346           802.03613           796.44092           793.34290           790.01917           789.54504           791.15631           792.31000    
       792.04248           788.63971           793.78992           796.21625           798.02148           800.25427           802.91309           805.85162           810.76276           815.84131    
       821.16315           826.63190           832.20380           837.47437           842.50470           847.39374           852.11743           856.69873           861.42798           866.33392    
       870.68182           874.22687           876.97455           879.07007           880.72119           881.92114           882.67804           883.12860           883.27765           883.21063    
       882.93921           882.54901           882.74066           884.47290           886.04010           887.02435           888.38708           889.41571           891.76935           894.25732    
       894.75952           900.90955           906.02551           911.43945           919.96228           928.96075           938.30176           947.88300           958.30975           969.20837    
       979.14551           987.28363           994.81091           1002.3450           1009.9778           1017.9254           1025.4871           1032.2449           1044.6537           1054.3787    
       1062.4879           1068.4703           1074.2408           1077.9110           1079.4430           1079.5267           1080.0079           1079.6680           1078.6562           1076.7430    
       1075.0083           1073.9077           1074.4590           1074.8589           1074.7241           1073.8458           1076.2205           1077.5621           1078.4482           1079.3337    
       1080.1648           1081.1125           1081.7511           1082.5524           1083.4784           1084.6978           1085.8074           1086.8184           1087.6504           1088.4675    
       1089.3413           1090.2748           1091.3129           1092.6877           1093.5531           1096.5957           1099.4360           1102.8596           1104.2657           1109.5378    
       1117.4952           1132.6306           1158.8616           1179.5355           1200.6112           1229.3582           1280.2012           1330.9401           1373.0306           1481.1128    
       1542.1969           1584.2257           1586.3312           1556.9080          0.99999998E+31      0.99999998E+31      0.99999998E+31      0.99999998E+31      0.99999998E+31      0.99999998E+31
      0.99999998E+31      0.99999998E+31      0.99999998E+31      0.99999998E+31      0.99999998E+31      0.99999998E+31      0.99999998E+31      0.99999998E+31      0.99999998E+31      0.99999998E+31
      0.99999998E+31      0.99999998E+31      0.99999998E+31      0.99999998E+31      0.99999998E+31      0.99999998E+31      0.99999998E+31      0.99999998E+31      0.99999998E+31      0.99999998E+31
      0.99999998E+31      0.99999998E+31
      0.99999998E+31      0.99999998E+31      0.99999998E+31      0.99999998E+31      0.99999998E+31      0.99999998E+31      0.99999998E+31      0.99999998E+31      0.99999998E+31      0.99999998E+31
      0.99999998E+31      0.99999998E+31      0.99999998E+31      0.99999998E+31      0.99999998E+31      0.99999998E+31      0.99999998E+31      0.99999998E+31      0.99999998E+31      0.99999998E+31
      0.99999998E+31      0.99999998E+31      0.99999998E+31      0.99999998E+31      0.99999998E+31      0.99999998E+31      0.99999998E+31      0.99999998E+31      0.99999998E+31       766.38300    
       765.92151           765.01447           763.51929           760.66437           757.82153          0.99999998E+31       903.74036           896.02148           883.83514           871.40222    
       860.77258           854.45074           851.73389           851.04266           852.09515           853.37836           855.01331           857.45544           857.46606           856.96649    
       855.57581           853.22217           850.60608           849.83997           849.19952           847.14685           847.15839           846.59082           846.09003           847.36395    
       849.31183           851.91498           853.45209           858.64917           862.50543           863.49500           861.83978           857.50873           851.02008           842.68475    
       832.03094           820.96320           811.36896           802.33911           794.97113           794.49774           793.11469           792.51764           792.63348           792.96124    
       792.95923           792.54962           793.74316           794.86353           796.04358           798.13660           800.83160           804.20123           808.76172           813.89587    
       819.57452           825.52777           831.55261           837.36346           842.93726           848.56940           853.73004           858.78833           863.91937           869.32623    
       874.11176           877.70880           880.34668           882.36237           884.01111           885.25110           885.94360           886.36664           886.43799           886.39001    
       886.27863           886.04730           886.79065           888.01233           889.32489           890.49127           891.83801           893.26221           895.25684           897.56720    
       899.96881           903.86871           907.74377           914.26373           921.87738           930.10480           938.87238           948.18439           958.16144           968.75848    
       978.50995           986.54004           994.04846           1001.6511           1009.4047           1017.3318           1025.0728           1032.1505           1044.0170           1054.3171    
       1063.0568           1068.0527           1072.9407           1076.8296           1078.6388           1079.6145           1079.7141           1079.3811           1078.6715           1077.8416    
       1077.0481           1076.4084           1076.3176           1076.2997           1076.0327           1075.4890           1077.2413           1078.5945           1079.5345           1080.2268    
       1081.0770           1081.9098           1082.6237           1083.4818           1084.4176           1085.4597           1086.3405           1087.3273           1088.0566           1088.7806    
       1089.5692           1090.4072           1091.4371           1092.4908           1093.2866           1094.8040           1097.3494           1099.6815           1104.0408           1107.0568    
       1111.4672           1120.7883           1128.2107           1131.5739           1142.7003           1159.5762           1193.1990           1227.0784           1290.7590           1327.5902    
       1431.2882           1475.3422           1494.9033           1476.8455           1456.4601           1429.1211          0.99999998E+31      0.99999998E+31      0.99999998E+31      0.99999998E+31
      0.99999998E+31      0.99999998E+31      0.99999998E+31      0.99999998E+31      0.99999998E+31      0.99999998E+31      0.99999998E+31      0.99999998E+31      0.99999998E+31      0.99999998E+31
      0.99999998E+31      0.99999998E+31      0.99999998E+31      0.99999998E+31      0.99999998E+31      0.99999998E+31      0.99999998E+31      0.99999998E+31      0.99999998E+31      0.99999998E+31
      0.99999998E+31      0.99999998E+31
      0.99999998E+31      0.99999998E+31      0.99999998E+31      0.99999998E+31      0.99999998E+31      0.99999998E+31      0.99999998E+31      0.99999998E+31      0.99999998E+31      0.99999998E+31
      0.99999998E+31      0.99999998E+31      0.99999998E+31      0.99999998E+31      0.99999998E+31      0.99999998E+31      0.99999998E+31      0.99999998E+31      0.99999998E+31      0.99999998E+31
      0.99999998E+31      0.99999998E+31       749.63556           749.72339          0.99999998E+31      0.99999998E+31      0.99999998E+31      0.99999998E+31      0.99999998E+31       766.50159    
       766.05371           764.92419           762.71332           761.22858           757.43945          0.99999998E+31      0.99999998E+31      0.99999998E+31       872.10669           862.41113    
       847.18201           841.84766           839.76703           839.78894           840.94708           842.64270           844.84015           846.95959           847.54962           847.24341    
       846.55261           845.51849           844.24683           843.79529           844.01477           844.14557           843.63629           843.48694           843.76215           844.96161    
       846.57166           848.87964           850.59363           854.51221           858.94647           858.32697           855.09637           850.07562           842.94348           833.55371    
       824.35840           816.88861           809.33087           801.27441           797.10687           795.49133           794.39545           793.66901           793.39520           793.52942    
       793.58838           793.47290           793.47760           793.53296           793.69562           795.69098           798.56696           802.31610           806.75568           811.78833    
       817.77490           824.17963           830.76337           837.20526           842.62354           849.74133           855.65118           861.23083           866.65668           872.41547    
       877.66229           881.09967           883.47809           885.44043           887.12311           888.59369           889.22430           889.82971           889.63251           889.65430    
       889.82336           889.81775           890.35864           891.35828           892.47998           893.72156           895.07001           896.61218           898.46478           900.78485    
       903.53326           907.04449           911.29449           916.70190           923.90234           931.43610           939.97736           949.01514           958.66199           968.29095    
       977.48456           985.73199           993.47284           1001.2119           1009.1332           1017.1284           1025.1959           1032.6733           1045.6204           1054.9814    
       1062.1099           1067.0436           1071.5510           1075.7031           1077.6763           1078.9331           1079.2179           1078.8636           1078.3254           1078.1627    
       1077.9756           1077.8745           1077.8542           1077.8573           1077.8940           1078.0878           1078.9199           1079.7803           1080.5602           1081.2544    
       1081.9104           1082.7020           1083.4662           1084.3221           1085.2535           1086.3123           1087.1061           1087.8329           1088.3973           1088.9690    
       1089.7982           1090.4738           1091.6656           1092.7388           1093.6069           1094.5377           1096.2809           1098.2661           1100.0950           1102.9987    
       1104.8964           1107.0548           1112.3054           1116.8882           1122.6053           1130.8666           1148.1012           1170.0542           1193.5005           1244.5007    
       1257.0750           1357.9220           1402.8650           1416.3623           1401.2030           1335.0487           1281.1228          0.99999998E+31      0.99999998E+31      0.99999998E+31
      0.99999998E+31      0.99999998E+31      0.99999998E+31      0.99999998E+31      0.99999998E+31      0.99999998E+31      0.99999998E+31      0.99999998E+31      0.99999998E+31      0.99999998E+31
      0.99999998E+31      0.99999998E+31      0.99999998E+31      0.99999998E+31      0.99999998E+31      0.99999998E+31      0.99999998E+31      0.99999998E+31      0.99999998E+31      0.99999998E+31
      0.99999998E+31      0.99999998E+31
      0.99999998E+31      0.99999998E+31      0.99999998E+31      0.99999998E+31      0.99999998E+31      0.99999998E+31      0.99999998E+31      0.99999998E+31      0.99999998E+31      0.99999998E+31
      0.99999998E+31      0.99999998E+31      0.99999998E+31      0.99999998E+31      0.99999998E+31      0.99999998E+31      0.99999998E+31      0.99999998E+31      0.99999998E+31      0.99999998E+31
      0.99999998E+31      0.99999998E+31       724.21277           724.05493           723.58521           723.54956           723.54968          0.99999998E+31      0.99999998E+31      0.99999998E+31
       767.37683           765.70197           763.41290           758.03674           746.99677           738.22644           726.96643           741.04083          0.99999998E+31      0.99999998E+31
       829.44104           829.20654           828.83990           829.37433           831.81549           834.15546           836.26953           838.26776           839.03900           838.12921    
       839.15900           838.88452           838.23425           837.75793           839.14557           841.23871           840.17987           840.61530           840.85449           841.31665    
       842.50586           844.67950           846.43518           849.32654           851.61646           849.59119           844.42926           838.45349           830.64484           820.77783    
       811.05762           805.04138           804.73987           799.35736           796.90161           795.45905           794.62128           793.97864           793.83392           793.94348    
       793.94159           793.68762           793.01862           792.03479           789.43500           792.18707           795.55255           800.27490           804.64148           809.01691    
       815.83643           822.62158           829.77832           837.84711           845.34534           852.43286           858.14160           864.15918           869.85175           874.96539    
       880.52545           883.99402           886.42804           888.32953           889.87872           891.19427           892.70068           892.57245           892.62909           892.91663    
       893.87384           893.18066           893.44812           894.45624           895.58466           896.82111           898.08820           899.64923           901.51483           903.78491    
       906.49561           909.86298           914.08160           919.45398           926.20367           933.59155           941.61230           950.20215           959.11865           967.83630    
       976.84576           985.06232           993.31860           1001.4221           1009.4264           1016.7505           1025.8953           1036.7286           1046.7958           1055.1343    
       1061.4515           1066.7283           1071.4996           1075.2496           1076.9265           1078.0835           1078.3921           1077.9243           1076.5753           1077.7794    
       1078.4215           1078.7670           1079.0045           1079.0967           1079.2225           1079.4390           1079.8344           1080.5154           1081.2076           1081.9525    
       1082.5078           1083.3859           1084.1959           1085.1376           1086.0994           1087.0970           1088.0100           1088.4559           1088.9353           1088.5416    
       1089.9200           1089.9459           1092.1129           1093.3298           1093.9872           1094.5509           1095.3777           1096.5483           1097.7228           1098.3438    
       1099.7783           1099.6964           1104.9907           1109.9154           1114.7596           1120.0216           1126.4089           1138.1019           1154.6096           1175.2095    
       1189.5160           1199.7990           1312.7096           1337.6251           1321.5503           1232.9531           1232.1843           1274.7339          0.99999998E+31      0.99999998E+31
      0.99999998E+31      0.99999998E+31      0.99999998E+31      0.99999998E+31      0.99999998E+31      0.99999998E+31      0.99999998E+31      0.99999998E+31      0.99999998E+31      0.99999998E+31
      0.99999998E+31      0.99999998E+31      0.99999998E+31      0.99999998E+31      0.99999998E+31      0.99999998E+31      0.99999998E+31      0.99999998E+31      0.99999998E+31      0.99999998E+31
      0.99999998E+31      0.99999998E+31
      0.99999998E+31      0.99999998E+31      0.99999998E+31      0.99999998E+31      0.99999998E+31      0.99999998E+31      0.99999998E+31      0.99999998E+31      0.99999998E+31      0.99999998E+31
      0.99999998E+31      0.99999998E+31      0.99999998E+31      0.99999998E+31      0.99999998E+31      0.99999998E+31      0.99999998E+31      0.99999998E+31      0.99999998E+31      0.99999998E+31
      0.99999998E+31      0.99999998E+31       723.01715           722.86066           722.56311           722.49756           722.51801          0.99999998E+31      0.99999998E+31      0.99999998E+31
       767.87939           765.92200           761.56281           753.84210           746.98163           745.58832           745.91876           753.18799           761.44476          0.99999998E+31
       814.34229           816.36981           818.62219           819.71051           821.46368           824.71472           827.51605           829.93353           831.89807           833.07306    
       833.90009           834.02820           833.49365           831.52136           833.67523           834.11713           835.69922           838.38281           837.72601           836.66205    
       838.59833           839.76672           840.59058           843.05817           843.08081           836.24493           830.22205           825.07385           818.18768           810.76111    
       804.75012           800.66876           798.61890           797.08850           796.39209           795.63776           795.09137           794.69202           793.87006           794.19122    
       794.19092           794.01660           793.07520           791.11908           786.66833           789.37811           794.86774           798.02417           802.27319           807.73260    
       814.58459           822.91852           829.25195           839.99158           847.61871           854.26642           861.10089           867.32672           873.19360           878.89062    
       883.75421           887.19995           889.75714           891.42584           892.75519           893.84705           894.87549           895.33325           895.62579           895.87549    
       896.14471           895.97430           896.00684           897.57855           898.84534           900.02069           901.21515           902.64227           904.38025           906.48401    
       909.04266           912.26086           916.32758           921.50330           927.96735           935.11444           943.05176           951.37500           960.07660           968.18951    
       976.68445           984.94141           993.44403           1002.1586           1010.2244           1017.3373           1026.6066           1037.1453           1048.6704           1055.0936    
       1061.4166           1067.3053           1071.6635           1075.0577           1076.5364           1077.5037           1077.8209           1077.6276           1077.6060           1077.4973    
       1078.8126           1079.4268           1079.7990           1080.0157           1080.1696           1080.2965           1080.2361           1081.0919           1081.7103           1082.2467    
       1082.7344           1083.3893           1084.2267           1085.4194           1086.5637           1087.6449           1088.6096           1089.3782           1089.8605           1090.1415    
       1090.8951           1091.5118           1092.6647           1093.5059           1093.8610           1093.5800           1094.8719           1095.9962           1096.6390           1096.2581    
       1094.8131           1091.1927           1101.4169           1105.2111           1110.4159           1115.6566           1120.8245           1125.0785           1133.8916           1152.2682    
       1165.8221           1176.9608           1190.7369           1202.1437           1208.6876           1216.5448           1223.0518           1267.7870          0.99999998E+31      0.99999998E+31
      0.99999998E+31      0.99999998E+31      0.99999998E+31      0.99999998E+31      0.99999998E+31      0.99999998E+31      0.99999998E+31      0.99999998E+31      0.99999998E+31      0.99999998E+31
      0.99999998E+31      0.99999998E+31      0.99999998E+31      0.99999998E+31      0.99999998E+31      0.99999998E+31      0.99999998E+31      0.99999998E+31      0.99999998E+31      0.99999998E+31
      0.99999998E+31      0.99999998E+31
      0.99999998E+31      0.99999998E+31      0.99999998E+31      0.99999998E+31      0.99999998E+31      0.99999998E+31      0.99999998E+31      0.99999998E+31      0.99999998E+31      0.99999998E+31
      0.99999998E+31      0.99999998E+31      0.99999998E+31      0.99999998E+31      0.99999998E+31      0.99999998E+31      0.99999998E+31      0.99999998E+31      0.99999998E+31      0.99999998E+31
      0.99999998E+31      0.99999998E+31       722.03485           721.79639           721.34680           721.04559           720.39301           719.21198           718.54901          0.99999998E+31
      0.99999998E+31       764.50940           761.11011           753.40826           750.90472           752.12811           754.11206           759.94263           769.36847           782.76971    
       797.41095           803.71838           807.69617           810.47748           812.35016           814.60144           818.92969           823.09271           826.03613           828.16547    
       829.49615           830.10425           830.15735           829.32410           829.94238           830.20160           832.13153           833.98553           834.25580           833.95813    
       834.29517           834.35773           834.01898           832.91626           827.34918           816.89294           815.70258           813.56403           810.29138           806.22076    
       801.99847           796.93427           796.00677           796.11761           796.24054           795.92200           795.92120           795.80658           795.34918           795.39465    
       795.21490           794.73969           793.56329           792.29083           790.77472           791.12292           794.39581           797.97406           801.68524           803.07703    
       815.49011           824.22974           832.98749           843.67017           850.44873           856.73480           863.59119           869.79840           876.22070           882.36206    
       888.20416           892.56421           894.81219           895.85345           896.66583           897.25244           898.16833           898.78650           899.23004           899.51202    
       899.61017           899.55450           899.59662           901.34930           902.55365           903.41479           904.52753           905.69000           907.11908           908.98944    
       911.32288           914.36816           918.22235           923.07703           928.99579           935.29407           943.36011           951.89673           961.12299           968.17688    
       977.03333           985.45300           994.39294           1003.1467           1011.3127           1018.5867           1027.1038           1038.3473           1049.1522           1056.6644    
       1062.9203           1067.6481           1071.6896           1074.7948           1076.2262           1077.0868           1077.3129           1076.7322           1078.1111           1078.8925    
       1079.5181           1080.0590           1080.4386           1080.6910           1080.8938           1081.0736           1081.2524           1081.6942           1082.1400           1082.5172    
       1082.7927           1082.9553           1083.2712           1085.0386           1086.7017           1087.9504           1088.9622           1089.8901           1090.4938           1090.9128    
       1091.4684           1092.0992           1092.7299           1093.1880           1093.6943           1094.2451           1095.1846           1096.0704           1096.7369           1096.7993    
       1096.0558           1095.0526           1098.3407           1100.3163           1107.6616           1113.6074           1118.9670           1121.5258           1125.2397           1135.4797    
       1153.5525           1165.0367           1172.1013           1182.0200           1193.9393           1206.7614           1216.7517           1261.8802          0.99999998E+31      0.99999998E+31
      0.99999998E+31      0.99999998E+31      0.99999998E+31      0.99999998E+31      0.99999998E+31      0.99999998E+31      0.99999998E+31      0.99999998E+31      0.99999998E+31      0.99999998E+31
      0.99999998E+31      0.99999998E+31      0.99999998E+31      0.99999998E+31      0.99999998E+31      0.99999998E+31      0.99999998E+31      0.99999998E+31      0.99999998E+31      0.99999998E+31
      0.99999998E+31      0.99999998E+31
      0.99999998E+31      0.99999998E+31      0.99999998E+31      0.99999998E+31      0.99999998E+31      0.99999998E+31      0.99999998E+31      0.99999998E+31      0.99999998E+31      0.99999998E+31
      0.99999998E+31      0.99999998E+31      0.99999998E+31      0.99999998E+31      0.99999998E+31      0.99999998E+31      0.99999998E+31      0.99999998E+31      0.99999998E+31      0.99999998E+31
      0.99999998E+31      0.99999998E+31       721.13086           720.70801           720.06732           719.43109           718.54401           717.62042           719.25354          0.99999998E+31
      0.99999998E+31      0.99999998E+31      0.99999998E+31      0.99999998E+31       753.89081           754.94849           757.73413           761.83191           768.38989           777.14941    
       786.33374           792.98279           797.70056           801.25800           803.85626           806.06793           808.76550           816.08917           820.86145           823.84650    
       825.77795           826.56177           826.65753           826.19739           826.01727           825.43439           827.56378           829.11456           829.41205           829.05493    
       828.33392           827.46997           825.32452           821.50665           813.19110           800.04529           808.92670           809.54468           807.82751           805.18756    
       800.91809           791.52087           795.82404           796.20215           796.55780           796.56421           796.60461           796.75037           796.46570           796.14093    
       795.89227           795.25616           794.29907           793.20251           791.69000           790.46619          0.99999998E+31      0.99999998E+31      0.99999998E+31      0.99999998E+31
      0.99999998E+31      0.99999998E+31      0.99999998E+31       848.99365           852.74622           858.47522           864.84900           871.37012           877.93591           884.70746    
       892.85291           897.42780           900.02765           901.17871           901.57239           901.99805           902.50116           903.11017           903.72601           904.33911    
       904.74170           904.94928           905.26654           906.41815           907.06183           907.56891           908.13275           908.84924           909.88098           911.53888    
       913.60107           916.50208           920.12988           924.41852           929.42767           933.81238           944.04102           953.67786           962.50500           970.29932    
       977.91797           985.87659           995.14569           1003.9423           1012.2864           1020.1621           1028.6886           1039.2638           1050.0330           1058.8616    
       1064.7294           1068.5831           1071.6761           1074.4083           1076.0623           1076.8970           1077.1918           1077.5469           1078.4410           1079.3806    
       1079.9143           1080.5637           1080.9915           1081.2871           1081.5309           1081.7294           1081.9303           1082.2006           1082.4856           1082.7117    
       1082.7052           1082.2164           1080.8169           1084.2819           1086.6063           1088.1104           1089.1637           1090.0773           1090.7563           1091.2299    
       1091.5851           1092.2070           1092.6388           1092.9163           1093.5193           1094.5919           1095.5593           1096.4324           1097.1405           1097.6307    
       1097.8275           1097.9836           1099.6605           1101.7523           1106.6747           1112.8525           1118.1066           1120.7014           1123.2325           1128.7961    
       1141.3756           1149.8866           1158.7582           1169.5919           1202.4485           1229.1263           1248.2455           1287.0914          0.99999998E+31      0.99999998E+31
      0.99999998E+31      0.99999998E+31      0.99999998E+31      0.99999998E+31      0.99999998E+31      0.99999998E+31      0.99999998E+31      0.99999998E+31      0.99999998E+31      0.99999998E+31
      0.99999998E+31      0.99999998E+31      0.99999998E+31      0.99999998E+31      0.99999998E+31      0.99999998E+31      0.99999998E+31      0.99999998E+31      0.99999998E+31      0.99999998E+31
      0.99999998E+31      0.99999998E+31
      0.99999998E+31      0.99999998E+31      0.99999998E+31      0.99999998E+31      0.99999998E+31      0.99999998E+31      0.99999998E+31      0.99999998E+31      0.99999998E+31      0.99999998E+31
      0.99999998E+31      0.99999998E+31      0.99999998E+31      0.99999998E+31      0.99999998E+31      0.99999998E+31      0.99999998E+31      0.99999998E+31      0.99999998E+31      0.99999998E+31
      0.99999998E+31      0.99999998E+31       720.37964           719.78265           718.76642           718.90906           718.25037           720.22925           724.70349           725.08844    
       721.07373           715.45337           715.66840           715.88727          0.99999998E+31      0.99999998E+31       759.65143           761.43793           764.40009           769.89294    
       776.65259           782.76288           788.12427           792.09186           794.71533           795.88074           793.51965           807.17920           816.19641           820.56232    
       822.45160           822.85907           822.86371           822.61633           822.54120           822.24365           823.81769           824.16382           823.74738           822.76428    
       820.62433           819.08978           816.54242           815.56299           812.50299           808.98907           809.40057           808.96057           807.70898           805.93750    
       803.33868           799.97443           798.71863           796.63995           797.20557           796.85022           796.20447           797.31335           797.04498           796.39050    
       796.49237           795.89746           794.97852           794.46704          0.99999998E+31      0.99999998E+31      0.99999998E+31      0.99999998E+31      0.99999998E+31      0.99999998E+31
      0.99999998E+31      0.99999998E+31      0.99999998E+31      0.99999998E+31      0.99999998E+31      0.99999998E+31      0.99999998E+31      0.99999998E+31      0.99999998E+31      0.99999998E+31
       900.04327           902.93658           905.07983           906.28845           906.81445           907.17157           907.65814           908.28888           909.24316           910.31573    
       911.62024           913.20972           914.49310           913.02808           912.68896           912.43756           912.26294           912.32825           912.85010           914.18683    
       916.14764           918.71741           921.72162           925.65149           931.16217           936.24371           945.82153           954.97498           963.44470           971.09619    
       978.27271           984.77350           995.22211           1004.4346           1013.2372           1022.2937           1029.7632           1040.0935           1051.3885           1062.8064    
       1066.6780           1069.4542           1070.6322           1073.6888           1076.0551           1076.7668           1076.7821           1077.3491           1078.4568           1079.5625    
       1080.3652           1081.0182           1081.4933           1081.8219           1082.0736           1082.2426           1082.3776           1082.5027           1082.6322           1082.8182    
       1082.7034           1082.0973           1080.5607           1084.1700           1086.7670           1088.1428           1089.1246           1090.0731           1090.7791           1091.1276    
       1090.7921           1092.0383           1092.5747           1092.5664           1092.9194           1095.1166           1096.0414           1096.9432           1097.7782           1098.5751    
       1099.3322           1100.1310           1101.5565           1103.5159           1107.3385           1110.8914           1119.8676           1121.0033           1122.9026           1126.2412    
       1134.3524           1141.0079           1148.7316           1157.4420           1186.0125          0.99999998E+31      0.99999998E+31      0.99999998E+31      0.99999998E+31      0.99999998E+31
      0.99999998E+31      0.99999998E+31      0.99999998E+31      0.99999998E+31      0.99999998E+31      0.99999998E+31      0.99999998E+31      0.99999998E+31      0.99999998E+31      0.99999998E+31
      0.99999998E+31      0.99999998E+31      0.99999998E+31      0.99999998E+31      0.99999998E+31      0.99999998E+31      0.99999998E+31      0.99999998E+31      0.99999998E+31      0.99999998E+31
      0.99999998E+31      0.99999998E+31
      0.99999998E+31      0.99999998E+31      0.99999998E+31      0.99999998E+31      0.99999998E+31      0.99999998E+31      0.99999998E+31      0.99999998E+31      0.99999998E+31      0.99999998E+31
      0.99999998E+31      0.99999998E+31      0.99999998E+31      0.99999998E+31      0.99999998E+31      0.99999998E+31      0.99999998E+31      0.99999998E+31      0.99999998E+31      0.99999998E+31
      0.99999998E+31      0.99999998E+31       719.74860           718.70807           718.46143           724.65784           725.19025           724.67963           725.01221           724.56866    
       723.47266           723.27301           721.84991           723.16223           724.00342          0.99999998E+31      0.99999998E+31       760.07263           759.03156           762.16779    
       767.41718           773.09979           778.41016           782.40930           785.16992           787.52374           791.15198           802.14148           814.39417           818.68054    
       820.26788           819.20764           818.89410           818.84772           819.23901           819.16589           819.95312           819.68091           818.53217           817.38855    
       815.76654           814.19873           813.30890           813.14331           812.24780           810.91821           809.81024           808.99756           808.01880           806.81012    
       805.10480           803.29852           801.34729           799.89081           799.31586           798.64441           798.16516           798.24658           798.01831           797.88623    
       797.47815           796.82544          0.99999998E+31      0.99999998E+31      0.99999998E+31      0.99999998E+31      0.99999998E+31      0.99999998E+31      0.99999998E+31      0.99999998E+31
      0.99999998E+31      0.99999998E+31      0.99999998E+31      0.99999998E+31      0.99999998E+31      0.99999998E+31      0.99999998E+31      0.99999998E+31      0.99999998E+31      0.99999998E+31
       904.18262           908.10272           910.11926           911.30182           911.94238           912.55603           913.29370           914.21014           915.39154           916.97644    
       918.97650           921.03259           921.89758           920.86084           919.67889           918.53296           917.29968           916.44647           915.92004           916.78851    
       918.14117           920.15906           922.93195           926.48022           932.81702           938.93652           947.21106           955.85236           964.04486           971.35608    
       977.70746           982.41949          0.99999998E+31      0.99999998E+31      0.99999998E+31      0.99999998E+31      0.99999998E+31      0.99999998E+31      0.99999998E+31       1068.6835    
       1070.1641           1071.1512           1070.0530           1072.4174           1072.6920           1074.0703           1075.3063           1076.1198           1077.9799           1079.2750    
       1080.4277           1081.3384           1081.9379           1082.2920           1082.5291           1082.6031           1082.5770           1082.4856           1082.7228           1082.8052    
       1082.6818           1082.3816           1082.8899           1084.7572           1086.5934           1087.9780           1088.7078           1089.9524           1090.7938           1091.3440    
       1091.6921           1092.4037           1093.0215           1093.6011           1094.5679           1095.8402           1096.5948           1097.5126           1098.4789           1099.4684    
       1100.5228           1101.6716           1102.9091           1104.8450           1110.1678           1118.5900           1119.5707           1122.9487           1123.4513           1125.2069    
       1131.0442           1135.9484           1142.1388           1149.4695           1176.4301          0.99999998E+31      0.99999998E+31      0.99999998E+31      0.99999998E+31      0.99999998E+31
      0.99999998E+31      0.99999998E+31      0.99999998E+31      0.99999998E+31      0.99999998E+31      0.99999998E+31      0.99999998E+31      0.99999998E+31      0.99999998E+31      0.99999998E+31
      0.99999998E+31      0.99999998E+31      0.99999998E+31      0.99999998E+31      0.99999998E+31      0.99999998E+31      0.99999998E+31      0.99999998E+31      0.99999998E+31      0.99999998E+31
      0.99999998E+31      0.99999998E+31
      0.99999998E+31      0.99999998E+31      0.99999998E+31      0.99999998E+31      0.99999998E+31      0.99999998E+31      0.99999998E+31      0.99999998E+31      0.99999998E+31      0.99999998E+31
      0.99999998E+31      0.99999998E+31      0.99999998E+31      0.99999998E+31      0.99999998E+31      0.99999998E+31      0.99999998E+31      0.99999998E+31      0.99999998E+31      0.99999998E+31
      0.99999998E+31      0.99999998E+31       718.43414           717.69470           718.03497           723.82446           724.52356           724.17310           723.72632           723.13049    
       722.83850           722.20239           722.18829           723.82709           724.85608           726.21747           727.69379          0.99999998E+31       751.08112           754.25073    
       758.84430           764.34882           769.88635           773.76147           775.58795           777.28186           778.86627          0.99999998E+31      0.99999998E+31      0.99999998E+31
      0.99999998E+31       814.33179           814.56982           814.99677           815.69104           816.23590           816.46796           816.07990           814.84882           813.11926    
       812.18402           810.77893           810.90601           811.77142           811.88318           811.37384           810.41370           809.34546           808.34564           807.37115    
       806.11969           804.79797           803.15436           801.75348           800.71722           799.84100           799.32233           799.15753           799.03516           798.80231    
       798.58344          0.99999998E+31      0.99999998E+31      0.99999998E+31      0.99999998E+31      0.99999998E+31      0.99999998E+31      0.99999998E+31      0.99999998E+31      0.99999998E+31
      0.99999998E+31      0.99999998E+31      0.99999998E+31      0.99999998E+31      0.99999998E+31      0.99999998E+31      0.99999998E+31      0.99999998E+31      0.99999998E+31      0.99999998E+31
      0.99999998E+31       914.60413           915.47150           916.44122           917.24438           918.10004           919.14874           920.48303           922.12195           924.11731    
       926.49207           928.67078           929.79297           929.48199           928.26776           926.21942           923.43005           921.50580           920.40027           919.23157    
       919.51672           920.20471          0.99999998E+31      0.99999998E+31      0.99999998E+31      0.99999998E+31      0.99999998E+31      0.99999998E+31      0.99999998E+31      0.99999998E+31
      0.99999998E+31      0.99999998E+31      0.99999998E+31      0.99999998E+31      0.99999998E+31      0.99999998E+31      0.99999998E+31      0.99999998E+31       1076.1121           1073.8380    
       1074.1310           1074.4034           1073.7777           1071.9847           1064.9791           1069.9738           1073.7803           1072.7554           1076.9906           1078.1873    
       1080.1270           1081.5508           1082.3608           1082.7662           1082.9075           1082.8081           1082.4899           1081.6735           1082.5109           1082.4739    
       1082.2422           1081.1443           1083.1570           1084.6899           1086.3013           1087.7290           1088.7716           1089.8770           1090.7903           1091.5099    
       1092.1149           1092.8090           1093.5028           1094.2449           1095.1387           1096.1373           1097.0375           1098.0188           1099.0925           1100.2166    
       1101.4395           1102.7693           1103.9618           1106.8488           1111.9623           1120.1674           1139.4908           1124.0835           1123.9281           1124.9065    
       1128.9854           1132.7570           1137.7726           1144.5156           1154.6053           1227.4136           1346.7500           1249.8873           1190.3932          0.99999998E+31
      0.99999998E+31      0.99999998E+31      0.99999998E+31      0.99999998E+31      0.99999998E+31      0.99999998E+31      0.99999998E+31      0.99999998E+31      0.99999998E+31      0.99999998E+31
      0.99999998E+31      0.99999998E+31      0.99999998E+31      0.99999998E+31      0.99999998E+31      0.99999998E+31      0.99999998E+31      0.99999998E+31      0.99999998E+31      0.99999998E+31
      0.99999998E+31      0.99999998E+31
      0.99999998E+31      0.99999998E+31      0.99999998E+31      0.99999998E+31      0.99999998E+31      0.99999998E+31      0.99999998E+31      0.99999998E+31      0.99999998E+31      0.99999998E+31
      0.99999998E+31      0.99999998E+31      0.99999998E+31      0.99999998E+31      0.99999998E+31      0.99999998E+31      0.99999998E+31      0.99999998E+31      0.99999998E+31      0.99999998E+31
      0.99999998E+31      0.99999998E+31       717.67822           716.87994           717.39062           722.13446           722.85229           722.61627           722.11151           721.57147    
       720.87250           720.52411           720.60742           722.65479           724.40454           726.37775           729.24579           734.19489           741.61658           746.21924    
       750.55969           755.67419           764.34619           768.03461           766.60059           767.26544           768.16736          0.99999998E+31      0.99999998E+31      0.99999998E+31
      0.99999998E+31       809.06897           809.61127           810.47650           811.79327           812.89240           813.18781           812.94788           811.52051           807.77936    
       809.81476           810.03235           810.45288           811.08051           811.44128           811.34277           810.62769           809.30304           808.30823           807.36426    
       806.31042           805.14221           803.82941           802.65497           801.67975           800.83813           800.25366           799.89563           799.70868           799.63770    
       799.69598          0.99999998E+31      0.99999998E+31      0.99999998E+31      0.99999998E+31      0.99999998E+31      0.99999998E+31      0.99999998E+31      0.99999998E+31      0.99999998E+31
      0.99999998E+31      0.99999998E+31      0.99999998E+31      0.99999998E+31      0.99999998E+31      0.99999998E+31      0.99999998E+31      0.99999998E+31      0.99999998E+31      0.99999998E+31
      0.99999998E+31       920.10864           920.72290           921.65753           922.60919           923.72809           925.09424           926.82086           928.85504           931.22595    
       933.84869           936.28290           937.89563           938.39954           937.80804           935.42914           929.29224           926.44092          0.99999998E+31      0.99999998E+31
      0.99999998E+31      0.99999998E+31      0.99999998E+31      0.99999998E+31      0.99999998E+31      0.99999998E+31      0.99999998E+31      0.99999998E+31      0.99999998E+31      0.99999998E+31
      0.99999998E+31      0.99999998E+31      0.99999998E+31      0.99999998E+31      0.99999998E+31      0.99999998E+31      0.99999998E+31      0.99999998E+31       1078.1550           1077.7345    
       1077.2371           1076.8289           1075.8784           1074.0417           1071.3049           1073.7987           1075.6886           1076.4235           1078.3282           1079.3551    
       1079.7089           1081.8445           1082.8314           1083.2443           1083.2006           1082.8606           1082.3916           1082.4626           1082.5813           1081.6361    
       1082.0145           1081.4025           1082.9330           1083.7743           1085.5413           1086.9921           1087.9172           1089.4275           1090.6261           1091.5643    
       1092.3501           1093.1392           1093.9102           1094.7152           1095.6166           1096.5907           1097.5006           1098.5002           1099.6080           1100.8070    
       1102.1912           1103.7024           1105.0624           1108.7430           1111.8949           1119.7271           1135.7368           1124.0236           1124.1469           1124.5308    
       1127.5359           1130.6016           1134.5854           1139.9756           1148.2876           1163.1862           1204.5624           1184.1509           1185.9236           1190.2943    
       1194.8541           1198.4806          0.99999998E+31      0.99999998E+31      0.99999998E+31      0.99999998E+31      0.99999998E+31      0.99999998E+31      0.99999998E+31      0.99999998E+31
      0.99999998E+31      0.99999998E+31      0.99999998E+31      0.99999998E+31      0.99999998E+31      0.99999998E+31      0.99999998E+31      0.99999998E+31      0.99999998E+31      0.99999998E+31
      0.99999998E+31      0.99999998E+31
      0.99999998E+31      0.99999998E+31      0.99999998E+31      0.99999998E+31      0.99999998E+31      0.99999998E+31      0.99999998E+31      0.99999998E+31      0.99999998E+31      0.99999998E+31
      0.99999998E+31      0.99999998E+31      0.99999998E+31      0.99999998E+31      0.99999998E+31      0.99999998E+31      0.99999998E+31      0.99999998E+31      0.99999998E+31      0.99999998E+31
      0.99999998E+31      0.99999998E+31       717.23682           716.19586           716.51917           720.55890           721.19171           721.13599           720.94080           720.07489    
       719.70227           719.56195           718.95679           721.68378           723.21497           725.10083           728.04089           731.53656           735.83014           739.37048    
       742.39520           744.61237          0.99999998E+31      0.99999998E+31       755.80872           756.98401           758.14331          0.99999998E+31      0.99999998E+31      0.99999998E+31
      0.99999998E+31       802.63635           803.97559           805.62396           807.87378           809.80457           810.10974           810.41632           809.93304           808.94629    
       809.24731           809.33508           809.57391           809.76312           809.92017           809.91687           809.59833           808.97400           808.15735           807.28796    
       806.36688           805.33063           804.15747           803.16425           802.39355           801.67834           801.12244           800.64398           800.29999           800.45227    
       800.71826          0.99999998E+31      0.99999998E+31      0.99999998E+31      0.99999998E+31      0.99999998E+31      0.99999998E+31      0.99999998E+31      0.99999998E+31      0.99999998E+31
      0.99999998E+31      0.99999998E+31      0.99999998E+31      0.99999998E+31      0.99999998E+31      0.99999998E+31      0.99999998E+31      0.99999998E+31      0.99999998E+31      0.99999998E+31
      0.99999998E+31       924.55078           925.35583           926.53998           927.91656           929.31689           931.05652           933.11292           935.47089           938.09473    
       940.87134           943.44568           945.51520           946.90924           947.50293           947.63629          0.99999998E+31      0.99999998E+31      0.99999998E+31      0.99999998E+31
      0.99999998E+31      0.99999998E+31      0.99999998E+31      0.99999998E+31      0.99999998E+31      0.99999998E+31      0.99999998E+31      0.99999998E+31      0.99999998E+31      0.99999998E+31
      0.99999998E+31      0.99999998E+31      0.99999998E+31      0.99999998E+31      0.99999998E+31       1088.1382           1088.6477           1086.7957           1082.7135           1080.4902    
       1079.5173           1078.9098           1078.1261           1077.0684           1076.2914           1076.9923           1077.9994           1078.8407           1079.9095           1080.7938    
       1081.4688           1082.6813           1083.4110           1083.6334           1083.4017           1082.9254           1082.3396           1082.4438           1082.6279           1082.1597    
       1081.9777           1082.4655           1082.5497           1080.8981           1084.0530           1085.7052           1085.4387           1088.6818           1090.3817           1091.5256    
       1092.4082           1093.3700           1094.2128           1095.0184           1095.9991           1096.9701           1097.9539           1098.9562           1100.0046           1100.6819    
       1102.8134           1104.5613           1106.4510           1108.8080           1110.6539           1116.2151           1119.4004           1122.0284           1122.7277           1123.5652    
       1126.5199           1129.2633           1132.5614           1136.7064           1142.5114           1153.2654           1168.2050           1175.1771           1180.9751           1187.2078    
       1193.9108           1201.5590           1213.4146           1223.6735           1257.5425           1266.0256          0.99999998E+31      0.99999998E+31      0.99999998E+31      0.99999998E+31
      0.99999998E+31      0.99999998E+31      0.99999998E+31      0.99999998E+31      0.99999998E+31      0.99999998E+31      0.99999998E+31      0.99999998E+31      0.99999998E+31      0.99999998E+31
      0.99999998E+31      0.99999998E+31
      0.99999998E+31      0.99999998E+31      0.99999998E+31      0.99999998E+31      0.99999998E+31      0.99999998E+31      0.99999998E+31      0.99999998E+31      0.99999998E+31      0.99999998E+31
      0.99999998E+31      0.99999998E+31      0.99999998E+31      0.99999998E+31      0.99999998E+31      0.99999998E+31      0.99999998E+31      0.99999998E+31      0.99999998E+31      0.99999998E+31
      0.99999998E+31      0.99999998E+31       717.61688           718.47491           718.78430           719.51361           719.75598           719.60138           719.34064           719.24609    
       719.17767           719.34821           719.60602           720.88080           721.68634           723.34210           725.97150           728.39478           731.37073           733.98932    
       736.06512           737.20984           736.18707           738.01685           743.88885           746.16132           748.72791          0.99999998E+31      0.99999998E+31      0.99999998E+31
      0.99999998E+31       793.77478           797.35358           800.56689           803.46246           806.36084           807.65277           808.39349           808.34442           808.01056    
       807.95007           807.81775           808.03882           808.32251           808.63147           808.90790           809.08649           809.03619          0.99999998E+31      0.99999998E+31
      0.99999998E+31      0.99999998E+31      0.99999998E+31      0.99999998E+31       802.47955           802.36566           801.91693           801.32880           800.31201           801.23297    
       801.60059          0.99999998E+31      0.99999998E+31      0.99999998E+31      0.99999998E+31      0.99999998E+31      0.99999998E+31      0.99999998E+31      0.99999998E+31      0.99999998E+31
      0.99999998E+31      0.99999998E+31      0.99999998E+31      0.99999998E+31      0.99999998E+31      0.99999998E+31      0.99999998E+31      0.99999998E+31      0.99999998E+31      0.99999998E+31
      0.99999998E+31       928.19519           929.44525           931.08374           932.93573           934.76025           936.88293           939.20563           941.75537           944.49103    
       947.37018           950.05951           952.36823           954.02289           955.02869           955.33301          0.99999998E+31      0.99999998E+31      0.99999998E+31      0.99999998E+31
      0.99999998E+31      0.99999998E+31      0.99999998E+31      0.99999998E+31      0.99999998E+31      0.99999998E+31      0.99999998E+31      0.99999998E+31      0.99999998E+31      0.99999998E+31
      0.99999998E+31      0.99999998E+31      0.99999998E+31      0.99999998E+31      0.99999998E+31       1087.7192           1087.9894           1085.7241           1084.0175           1082.3802    
       1081.4730           1080.9569           1080.3458           1079.6797           1079.2504           1079.2391           1079.8439           1080.2247           1081.1837           1081.7592    
       1081.7921           1083.1908           1083.9557           1084.0850           1083.4421           1082.5844           1080.8573           1081.5170           1082.5002           1081.3035    
       1077.6318           1083.0906           1083.1339           1082.1830           1083.0731           1085.4902           1087.0209           1088.9568           1090.4110           1091.5083    
       1092.5441           1093.5431           1094.3892           1095.0376           1096.2383           1097.3086           1098.3420           1099.4120           1100.6241           1101.9011    
       1103.6206           1105.4081           1107.2227           1109.3369           1111.4495           1114.0142           1116.6307           1119.4056           1122.2948           1123.3304    
       1126.1858           1128.6938           1131.8148           1135.5063           1140.4611           1148.0702           1158.7919           1168.3002           1176.1952           1184.2733    
       1192.9844           1202.2889           1212.5377           1222.8313           1231.6375           1262.1417          0.99999998E+31      0.99999998E+31      0.99999998E+31      0.99999998E+31
      0.99999998E+31      0.99999998E+31      0.99999998E+31      0.99999998E+31      0.99999998E+31      0.99999998E+31      0.99999998E+31      0.99999998E+31      0.99999998E+31      0.99999998E+31
      0.99999998E+31      0.99999998E+31
      0.99999998E+31      0.99999998E+31      0.99999998E+31      0.99999998E+31      0.99999998E+31      0.99999998E+31      0.99999998E+31      0.99999998E+31      0.99999998E+31      0.99999998E+31
      0.99999998E+31      0.99999998E+31      0.99999998E+31      0.99999998E+31      0.99999998E+31      0.99999998E+31      0.99999998E+31      0.99999998E+31      0.99999998E+31      0.99999998E+31
      0.99999998E+31      0.99999998E+31      0.99999998E+31       717.45984           717.62854           718.35089           718.52832           718.41907           718.24274           718.60059    
       718.96027           719.28748           719.64294           719.65833           719.48157           720.96832           723.75269           726.00122           728.11957           729.91608    
       731.50476           732.59656           733.11768           734.38623           736.14014           734.45184           741.21051           742.76044          0.99999998E+31       767.60754    
       773.53284           784.16821           790.04095           794.90863           799.14172           802.56152           804.06702           805.07391           805.42902           805.59808    
       805.88354           806.22681           806.85260           807.51849           808.02051           808.43933          0.99999998E+31      0.99999998E+31      0.99999998E+31      0.99999998E+31
      0.99999998E+31      0.99999998E+31      0.99999998E+31      0.99999998E+31      0.99999998E+31       802.93347           802.58527           802.24622           801.75616           802.14874    
       802.43671          0.99999998E+31      0.99999998E+31      0.99999998E+31      0.99999998E+31      0.99999998E+31      0.99999998E+31      0.99999998E+31      0.99999998E+31      0.99999998E+31
      0.99999998E+31      0.99999998E+31      0.99999998E+31      0.99999998E+31      0.99999998E+31      0.99999998E+31      0.99999998E+31      0.99999998E+31      0.99999998E+31      0.99999998E+31
      0.99999998E+31       930.79028           933.25128           935.20837           937.35883           939.88422           942.27161           944.88507           947.58813           950.42786    
       953.28094           956.12305           958.45148           960.39056           961.75549           962.50140          0.99999998E+31      0.99999998E+31      0.99999998E+31      0.99999998E+31
      0.99999998E+31      0.99999998E+31      0.99999998E+31      0.99999998E+31      0.99999998E+31      0.99999998E+31      0.99999998E+31      0.99999998E+31      0.99999998E+31      0.99999998E+31
      0.99999998E+31      0.99999998E+31      0.99999998E+31      0.99999998E+31      0.99999998E+31       1087.1296           1086.7463           1085.5471           1084.6378           1083.7701    
       1083.2177           1082.8082           1082.2950           1081.7258           1081.3547           1080.8645           1081.2651           1079.8915           1081.9076           1081.7954    
       1080.6028           1083.1538           1084.5292           1084.8459           1083.9707           1082.3983           1076.2389           1079.6183           1083.4180           1084.7538    
       1085.0330           1084.8191           1083.8483           1080.9199           1079.7740           1085.2795           1087.5984           1089.3159           1090.5825           1091.3489    
       1092.4613           1093.6409           1094.6364           1095.3905           1096.5651           1097.6290           1098.6837           1099.7766           1101.1150           1102.5802    
       1104.2637           1106.1591           1107.8627           1109.8152           1111.9229           1114.1819           1116.5762           1119.0106           1121.4589           1124.1763    
       1125.9575           1128.1992           1131.1765           1135.7128           1140.4238           1146.8197           1154.9868           1163.7675           1172.4352           1181.3424    
       1191.0138           1201.4639           1212.5795           1223.5626           1233.6719           1242.2566           1275.2362           1283.1370          0.99999998E+31      0.99999998E+31
      0.99999998E+31      0.99999998E+31      0.99999998E+31      0.99999998E+31      0.99999998E+31      0.99999998E+31      0.99999998E+31      0.99999998E+31      0.99999998E+31      0.99999998E+31
      0.99999998E+31      0.99999998E+31
      0.99999998E+31      0.99999998E+31      0.99999998E+31      0.99999998E+31      0.99999998E+31      0.99999998E+31      0.99999998E+31      0.99999998E+31      0.99999998E+31      0.99999998E+31
      0.99999998E+31      0.99999998E+31      0.99999998E+31      0.99999998E+31      0.99999998E+31      0.99999998E+31      0.99999998E+31      0.99999998E+31      0.99999998E+31      0.99999998E+31
      0.99999998E+31      0.99999998E+31      0.99999998E+31       715.31036           714.05573           717.45129           717.34711           717.31085           717.18951           717.31256    
       718.16589           718.58002           718.96906           718.77911           715.92493           717.69684           721.66467           724.06244           725.49408           726.66620    
       727.78113           728.73334           729.38519           730.44550           732.22815           734.02679           737.43506           743.97552           752.98846           762.25098    
       769.82391           778.92413           785.37756           790.57214           794.98932           798.53375           801.49585           803.23694           803.91052           804.20923    
       804.76166           805.31879           806.04224           807.02679           807.56281          0.99999998E+31      0.99999998E+31      0.99999998E+31      0.99999998E+31      0.99999998E+31
      0.99999998E+31      0.99999998E+31      0.99999998E+31      0.99999998E+31      0.99999998E+31       803.40894           803.06433           802.63068           802.62396           802.85730    
       803.04932          0.99999998E+31      0.99999998E+31      0.99999998E+31      0.99999998E+31      0.99999998E+31      0.99999998E+31      0.99999998E+31      0.99999998E+31      0.99999998E+31
      0.99999998E+31      0.99999998E+31      0.99999998E+31      0.99999998E+31      0.99999998E+31      0.99999998E+31      0.99999998E+31      0.99999998E+31      0.99999998E+31      0.99999998E+31
      0.99999998E+31      0.99999998E+31       937.70941           939.09857           941.32965           944.26593           947.24042           950.05334           952.99329           955.85559    
       958.77368           961.44537           963.84259           965.98462           967.82666           969.78656          0.99999998E+31      0.99999998E+31      0.99999998E+31      0.99999998E+31
      0.99999998E+31      0.99999998E+31      0.99999998E+31      0.99999998E+31      0.99999998E+31      0.99999998E+31      0.99999998E+31      0.99999998E+31      0.99999998E+31      0.99999998E+31
      0.99999998E+31      0.99999998E+31      0.99999998E+31      0.99999998E+31      0.99999998E+31       1086.9335           1086.6479           1086.1267           1085.5084           1085.0067    
       1084.7554           1084.3566           1083.9237           1083.5979           1083.4509           1083.5239           1083.7917           1083.6685           1083.6780           1081.4381    
       1073.4966           1082.7090           1085.4409           1086.3091           1086.3258           1085.1996           1083.5542           1084.4746           1086.1339           1087.0466    
       1087.0973           1086.5090           1085.7281           1084.5687           1084.7830           1086.7764           1088.3612           1089.7581           1090.9039           1091.6937    
       1092.0557           1093.7712           1094.9518           1095.8790           1096.9148           1097.9303           1098.9725           1100.0089           1101.4670           1103.0126    
       1104.7671           1106.9207           1108.3530           1110.1715           1112.2657           1114.4773           1116.7762           1119.1769           1121.7035           1124.5577    
       1126.6897           1129.1573           1132.0588           1135.4326           1139.5378           1145.9860           1153.9192           1161.6887           1170.0485           1179.1134    
       1189.0619           1200.0988           1211.9961           1223.8729           1234.9082           1244.6261           1252.4117           1284.8021          0.99999998E+31      0.99999998E+31
      0.99999998E+31      0.99999998E+31      0.99999998E+31      0.99999998E+31      0.99999998E+31      0.99999998E+31      0.99999998E+31      0.99999998E+31      0.99999998E+31      0.99999998E+31
      0.99999998E+31      0.99999998E+31
      0.99999998E+31      0.99999998E+31      0.99999998E+31      0.99999998E+31      0.99999998E+31      0.99999998E+31      0.99999998E+31      0.99999998E+31      0.99999998E+31      0.99999998E+31
      0.99999998E+31      0.99999998E+31      0.99999998E+31      0.99999998E+31      0.99999998E+31      0.99999998E+31      0.99999998E+31      0.99999998E+31      0.99999998E+31      0.99999998E+31
      0.99999998E+31      0.99999998E+31      0.99999998E+31      0.99999998E+31       713.79419           713.63751           715.91656           716.11255           716.02118           716.06995    
       716.42035           717.44556           718.39130           719.20093           719.37939           720.32025           721.49310           722.52991           723.27631           723.80438    
       724.33264           724.67346           725.00616           725.66589           728.21771           731.80908           736.21741           742.34302           750.99530           759.20093    
       766.99658           775.25793           781.73260           788.06787           792.13977           796.15411          0.99999998E+31       803.33447           803.68329           804.00024    
       804.43158           804.76953          0.99999998E+31      0.99999998E+31      0.99999998E+31      0.99999998E+31      0.99999998E+31      0.99999998E+31      0.99999998E+31      0.99999998E+31
      0.99999998E+31      0.99999998E+31      0.99999998E+31      0.99999998E+31      0.99999998E+31      0.99999998E+31      0.99999998E+31      0.99999998E+31      0.99999998E+31      0.99999998E+31
      0.99999998E+31      0.99999998E+31      0.99999998E+31      0.99999998E+31      0.99999998E+31      0.99999998E+31      0.99999998E+31      0.99999998E+31      0.99999998E+31      0.99999998E+31
      0.99999998E+31      0.99999998E+31      0.99999998E+31      0.99999998E+31      0.99999998E+31      0.99999998E+31      0.99999998E+31      0.99999998E+31      0.99999998E+31      0.99999998E+31
      0.99999998E+31      0.99999998E+31       940.81018           942.07056           944.44824           947.86084           951.98694           955.04425           957.95068           960.74512    
       964.02014           966.55554           969.07379           971.54388           975.02924           978.84613           985.99188           989.32251          0.99999998E+31      0.99999998E+31
      0.99999998E+31      0.99999998E+31      0.99999998E+31      0.99999998E+31      0.99999998E+31      0.99999998E+31      0.99999998E+31      0.99999998E+31      0.99999998E+31      0.99999998E+31
      0.99999998E+31      0.99999998E+31      0.99999998E+31      0.99999998E+31      0.99999998E+31       1086.9474           1086.8719           1086.5900           1086.2976           1086.1154    
       1085.9991           1085.7545           1085.5525           1085.4021           1085.4062           1085.8901           1086.3826           1086.5851           1086.4248           1085.3331    
       1083.5925           1085.9989           1087.5300           1088.1255           1088.1362           1087.6652           1086.8624           1087.4355           1088.3346           1088.7863    
       1088.4961           1087.6042           1087.2445           1086.1254           1087.1964           1088.3285           1089.3834           1090.4462           1091.4698           1092.3577    
       1093.1309           1094.2330           1095.2543           1096.1890           1097.1754           1098.1863           1099.2545           1100.4167           1101.7615           1103.2699    
       1104.9233           1106.7446           1108.4893           1110.3976           1112.5240           1114.7991           1117.1453           1119.5979           1122.1938           1125.0824    
       1127.7048           1130.3375           1133.2222           1136.5939           1140.8430           1146.0858           1152.2570           1159.6613           1169.0452           1177.7880    
       1187.5743           1198.3816           1210.9303           1223.5824           1235.5737           1246.4484           1255.3075           1262.5837           1297.6584           1302.1533    
      0.99999998E+31      0.99999998E+31      0.99999998E+31      0.99999998E+31      0.99999998E+31      0.99999998E+31      0.99999998E+31      0.99999998E+31      0.99999998E+31      0.99999998E+31
      0.99999998E+31      0.99999998E+31
      0.99999998E+31      0.99999998E+31      0.99999998E+31      0.99999998E+31      0.99999998E+31      0.99999998E+31      0.99999998E+31      0.99999998E+31      0.99999998E+31      0.99999998E+31
      0.99999998E+31      0.99999998E+31      0.99999998E+31      0.99999998E+31      0.99999998E+31      0.99999998E+31      0.99999998E+31      0.99999998E+31      0.99999998E+31      0.99999998E+31
      0.99999998E+31      0.99999998E+31      0.99999998E+31      0.99999998E+31      0.99999998E+31       713.20905           713.47961           715.11310           715.00946           714.96039    
       715.34210           715.80518           717.29742           718.54980           719.41071           720.22998           720.79883           721.10437           721.20410           721.05829    
       720.76996           720.43286           719.34003           718.07172           722.86090           728.07483           733.51886           739.66040           745.17841           755.20190    
       763.65503           771.85327           777.00592          0.99999998E+31      0.99999998E+31      0.99999998E+31      0.99999998E+31      0.99999998E+31       803.81140           804.04218    
       804.36206           804.61023          0.99999998E+31      0.99999998E+31      0.99999998E+31      0.99999998E+31      0.99999998E+31      0.99999998E+31      0.99999998E+31      0.99999998E+31
      0.99999998E+31      0.99999998E+31      0.99999998E+31      0.99999998E+31      0.99999998E+31      0.99999998E+31      0.99999998E+31      0.99999998E+31      0.99999998E+31      0.99999998E+31
      0.99999998E+31      0.99999998E+31      0.99999998E+31      0.99999998E+31      0.99999998E+31      0.99999998E+31      0.99999998E+31      0.99999998E+31      0.99999998E+31      0.99999998E+31
      0.99999998E+31      0.99999998E+31      0.99999998E+31      0.99999998E+31      0.99999998E+31      0.99999998E+31      0.99999998E+31      0.99999998E+31      0.99999998E+31      0.99999998E+31
      0.99999998E+31      0.99999998E+31       942.33057           943.65814           946.28235           950.27466           956.54565           960.14099           962.78906           965.90076    
       968.70135           970.97711           973.84113           976.96820           981.16211           985.15845           989.43982           992.03235          0.99999998E+31      0.99999998E+31
      0.99999998E+31      0.99999998E+31      0.99999998E+31      0.99999998E+31      0.99999998E+31      0.99999998E+31      0.99999998E+31      0.99999998E+31      0.99999998E+31      0.99999998E+31
      0.99999998E+31      0.99999998E+31      0.99999998E+31      0.99999998E+31      0.99999998E+31      0.99999998E+31       1087.3406           1087.1179           1087.0040           1086.9896    
       1087.0298           1087.0562           1087.0574           1087.1948           1087.8451           1087.9913           1088.6425           1089.1237           1089.1979           1088.6847    
       1088.0850           1088.9768           1089.8035           1090.1516           1090.1934           1089.9926           1089.5143           1089.2461           1090.0619           1090.3245    
       1089.6433           1087.5405           1088.7448           1088.8937           1089.2151           1089.7494           1090.3058           1091.2362           1092.1530           1092.9722    
       1093.7567           1094.6389           1095.5128           1096.3896           1097.3467           1098.3610           1099.4469           1100.6565           1101.9536           1103.3928    
       1104.9794           1106.7240           1108.5581           1110.5422           1112.7395           1115.1249           1117.5725           1120.1378           1122.8536           1125.7944    
       1128.9050           1131.7201           1134.8267           1138.2825           1142.3467           1147.5105           1153.3049           1159.6903           1166.8409           1177.2908    
       1186.7589           1197.5135           1209.6211           1222.6605           1235.5969           1247.5911           1257.9166           1266.4381           1273.5690           1302.8821    
      0.99999998E+31      0.99999998E+31      0.99999998E+31      0.99999998E+31      0.99999998E+31      0.99999998E+31      0.99999998E+31      0.99999998E+31      0.99999998E+31      0.99999998E+31
      0.99999998E+31      0.99999998E+31
      0.99999998E+31      0.99999998E+31      0.99999998E+31      0.99999998E+31      0.99999998E+31      0.99999998E+31      0.99999998E+31      0.99999998E+31      0.99999998E+31      0.99999998E+31
      0.99999998E+31      0.99999998E+31      0.99999998E+31      0.99999998E+31      0.99999998E+31      0.99999998E+31      0.99999998E+31      0.99999998E+31      0.99999998E+31      0.99999998E+31
      0.99999998E+31      0.99999998E+31      0.99999998E+31      0.99999998E+31      0.99999998E+31       713.32721           713.20856           713.15588           714.71075           714.50879    
       714.58539           714.99969           715.88037           716.98053           718.29449           719.12091           719.58191           719.70630           719.35236           718.55969    
       717.53540           715.89606           712.40289           702.14148           715.79620           723.54443           729.93451           735.52539           741.08319           749.61542    
       758.64423          0.99999998E+31      0.99999998E+31      0.99999998E+31      0.99999998E+31      0.99999998E+31      0.99999998E+31      0.99999998E+31      0.99999998E+31      0.99999998E+31
      0.99999998E+31      0.99999998E+31      0.99999998E+31      0.99999998E+31      0.99999998E+31      0.99999998E+31      0.99999998E+31      0.99999998E+31      0.99999998E+31      0.99999998E+31
      0.99999998E+31      0.99999998E+31      0.99999998E+31      0.99999998E+31      0.99999998E+31      0.99999998E+31      0.99999998E+31      0.99999998E+31      0.99999998E+31      0.99999998E+31
      0.99999998E+31      0.99999998E+31      0.99999998E+31      0.99999998E+31      0.99999998E+31      0.99999998E+31      0.99999998E+31      0.99999998E+31      0.99999998E+31      0.99999998E+31
      0.99999998E+31      0.99999998E+31      0.99999998E+31      0.99999998E+31      0.99999998E+31      0.99999998E+31      0.99999998E+31      0.99999998E+31      0.99999998E+31      0.99999998E+31
      0.99999998E+31      0.99999998E+31      0.99999998E+31      0.99999998E+31      0.99999998E+31      0.99999998E+31       962.81152           964.86841           967.49005           970.27435    
       972.87628           975.58307           978.53821           981.98895           986.28925           990.05005           994.07550           996.89496          0.99999998E+31      0.99999998E+31
      0.99999998E+31      0.99999998E+31      0.99999998E+31       1046.8579           1048.0409           1048.9075          0.99999998E+31      0.99999998E+31      0.99999998E+31      0.99999998E+31
      0.99999998E+31      0.99999998E+31      0.99999998E+31      0.99999998E+31      0.99999998E+31       1089.8401           1087.9612           1087.5399           1087.5865           1087.7684    
       1087.9690           1088.2970           1088.5992           1088.9222           1089.5087           1090.0900           1090.8821           1091.5542           1091.8320           1091.3339    
       1090.4724           1091.3475           1092.0173           1092.1698           1092.3098           1092.1689           1091.3490           1089.3737           1091.6411           1092.1721    
       1091.8252           1090.9956           1091.0125           1090.9181           1090.8867           1091.0111           1090.7902           1091.9601           1092.7733           1093.4081    
       1094.0966           1094.8335           1095.6331           1096.4863           1097.4202           1098.4279           1099.5214           1100.7336           1102.0428           1103.4293    
       1104.9666           1106.6791           1108.5894           1110.6654           1112.9102           1115.4272           1118.0165           1120.7152           1123.6578           1126.8107    
       1130.2467           1133.3558           1136.7136           1140.3816           1144.4497           1149.1034           1154.5634           1160.6022           1167.2041           1175.2290    
       1186.3497           1196.7094           1208.4169           1221.2880           1234.9474           1248.2533           1260.4642           1270.6432           1278.3878           1306.8856    
      0.99999998E+31      0.99999998E+31      0.99999998E+31      0.99999998E+31      0.99999998E+31      0.99999998E+31      0.99999998E+31      0.99999998E+31      0.99999998E+31      0.99999998E+31
      0.99999998E+31      0.99999998E+31
      0.99999998E+31      0.99999998E+31      0.99999998E+31      0.99999998E+31      0.99999998E+31      0.99999998E+31      0.99999998E+31      0.99999998E+31      0.99999998E+31      0.99999998E+31
      0.99999998E+31      0.99999998E+31      0.99999998E+31      0.99999998E+31      0.99999998E+31      0.99999998E+31      0.99999998E+31      0.99999998E+31      0.99999998E+31      0.99999998E+31
      0.99999998E+31      0.99999998E+31      0.99999998E+31      0.99999998E+31      0.99999998E+31      0.99999998E+31       713.43018           713.28284           713.13562           713.02130    
       714.46539           714.53632           714.85791           715.60876           716.35028           717.32379           717.58691           717.77301           717.39075           715.95929    
       714.54535           712.69885           710.26556           707.63593           712.56042           719.27991           725.31812           730.40930           735.89014           743.22675    
      0.99999998E+31      0.99999998E+31      0.99999998E+31      0.99999998E+31      0.99999998E+31      0.99999998E+31      0.99999998E+31      0.99999998E+31      0.99999998E+31      0.99999998E+31
      0.99999998E+31      0.99999998E+31      0.99999998E+31      0.99999998E+31      0.99999998E+31      0.99999998E+31      0.99999998E+31      0.99999998E+31      0.99999998E+31      0.99999998E+31
      0.99999998E+31      0.99999998E+31      0.99999998E+31      0.99999998E+31      0.99999998E+31      0.99999998E+31      0.99999998E+31      0.99999998E+31      0.99999998E+31      0.99999998E+31
      0.99999998E+31      0.99999998E+31      0.99999998E+31      0.99999998E+31      0.99999998E+31      0.99999998E+31      0.99999998E+31      0.99999998E+31      0.99999998E+31      0.99999998E+31
      0.99999998E+31      0.99999998E+31      0.99999998E+31      0.99999998E+31      0.99999998E+31      0.99999998E+31      0.99999998E+31      0.99999998E+31      0.99999998E+31      0.99999998E+31
      0.99999998E+31      0.99999998E+31      0.99999998E+31      0.99999998E+31      0.99999998E+31      0.99999998E+31       966.70337           968.44910           971.14307           974.07190    
       976.77979           979.77454           983.34937           986.90399           990.64374           995.22998           999.65881           1004.7405           1013.9749           1022.2120    
       1029.8547           1035.8975           1041.0206           1045.6641           1048.3469           1050.0817          0.99999998E+31      0.99999998E+31      0.99999998E+31      0.99999998E+31
      0.99999998E+31      0.99999998E+31      0.99999998E+31      0.99999998E+31      0.99999998E+31       1086.9204           1087.1222           1087.5491           1088.0500           1088.4802    
       1088.9025           1089.5836           1090.2767           1091.0427           1091.7144           1092.3989           1093.2354           1094.1207           1094.7148           1094.1802    
       1090.1288           1093.2186           1094.1552           1093.8788           1094.6875           1094.6459           1094.0342           1093.6924           1094.2773           1094.4579    
       1094.1451           1093.6010           1093.1954           1092.7275           1092.2474           1092.4727           1092.6378           1093.0385           1093.3021           1093.4705    
       1094.1505           1094.8463           1095.5973           1096.4537           1097.3856           1098.3796           1099.4788           1100.6591           1102.0353           1103.3794    
       1104.8794           1106.5803           1108.5356           1110.7471           1113.0985           1115.6664           1118.4181           1121.3167           1124.4280           1127.8706    
       1131.7137           1135.2277           1138.8838           1142.7522           1146.8762           1151.3256           1156.2526           1161.8213           1168.0479           1175.0370    
       1185.1621           1196.0670           1207.2900           1219.8934           1233.8229           1248.2620           1262.4673           1275.6478           1285.5608           1314.6577    
      0.99999998E+31      0.99999998E+31      0.99999998E+31      0.99999998E+31      0.99999998E+31      0.99999998E+31      0.99999998E+31      0.99999998E+31      0.99999998E+31      0.99999998E+31
      0.99999998E+31      0.99999998E+31
      0.99999998E+31      0.99999998E+31      0.99999998E+31      0.99999998E+31      0.99999998E+31      0.99999998E+31      0.99999998E+31      0.99999998E+31      0.99999998E+31      0.99999998E+31
      0.99999998E+31      0.99999998E+31      0.99999998E+31      0.99999998E+31      0.99999998E+31      0.99999998E+31      0.99999998E+31      0.99999998E+31      0.99999998E+31      0.99999998E+31
      0.99999998E+31      0.99999998E+31      0.99999998E+31      0.99999998E+31      0.99999998E+31      0.99999998E+31       713.63794           713.54608           713.36084           713.14197    
       713.01276           714.22876           713.29272           714.59601           714.81049           714.53467           714.21100           713.68188           712.83466           712.38318    
       711.18982           709.29877           707.31110           705.86505           707.19312           714.29926           719.45056           724.88666           730.79773          0.99999998E+31
      0.99999998E+31      0.99999998E+31      0.99999998E+31      0.99999998E+31      0.99999998E+31      0.99999998E+31      0.99999998E+31      0.99999998E+31      0.99999998E+31      0.99999998E+31
      0.99999998E+31      0.99999998E+31      0.99999998E+31      0.99999998E+31      0.99999998E+31      0.99999998E+31      0.99999998E+31      0.99999998E+31      0.99999998E+31      0.99999998E+31
      0.99999998E+31      0.99999998E+31      0.99999998E+31      0.99999998E+31      0.99999998E+31      0.99999998E+31      0.99999998E+31      0.99999998E+31      0.99999998E+31      0.99999998E+31
      0.99999998E+31      0.99999998E+31      0.99999998E+31      0.99999998E+31      0.99999998E+31      0.99999998E+31      0.99999998E+31      0.99999998E+31      0.99999998E+31      0.99999998E+31
      0.99999998E+31      0.99999998E+31      0.99999998E+31      0.99999998E+31      0.99999998E+31      0.99999998E+31      0.99999998E+31      0.99999998E+31      0.99999998E+31      0.99999998E+31
      0.99999998E+31      0.99999998E+31      0.99999998E+31      0.99999998E+31      0.99999998E+31      0.99999998E+31       968.89209           970.58777           974.28094           977.40729    
       980.46045           984.06860           987.61096           990.97168           994.63531           999.65143           1004.1032           1009.4088           1016.2306           1023.3204    
       1030.0796           1036.0088           1041.1010           1045.4102           1048.9480           1051.8887           1054.2173          0.99999998E+31       1067.1295           1069.0110    
       1071.3171           1073.8815           1076.1771           1078.2794           1080.1124           1084.0967           1086.0522           1087.6166           1088.6071           1089.5127    
       1090.2839           1091.0596           1091.8094           1092.3666           1093.0421           1094.0643           1095.3164           1096.6503           1097.5857           1097.7831    
       1096.7264           1095.5284           1096.9930           1097.4949           1097.8372           1097.5229           1096.2000           1096.6559           1096.8702           1096.8201    
       1096.5049           1095.9729           1095.2723           1094.4052           1093.4967           1093.8843           1094.1399           1094.1730           1093.8656           1092.8500    
       1094.0566           1094.7012           1095.4702           1096.3228           1097.2565           1098.2621           1099.3871           1100.3215           1102.0056           1103.2386    
       1104.7000           1106.3512           1108.4272           1110.7823           1113.2214           1115.8777           1118.7598           1121.8601           1125.1534           1128.9320    
       1133.1233           1137.3788           1141.3798           1145.4586           1149.6367           1153.9738           1158.5422           1163.5425           1169.1544           1175.6387    
       1183.8574           1195.5199           1206.1233           1218.2324           1231.9779           1247.3234           1263.8988           1280.8062           1296.9708           1329.6802    
      0.99999998E+31      0.99999998E+31      0.99999998E+31      0.99999998E+31      0.99999998E+31      0.99999998E+31      0.99999998E+31      0.99999998E+31      0.99999998E+31      0.99999998E+31
      0.99999998E+31      0.99999998E+31
      0.99999998E+31      0.99999998E+31      0.99999998E+31      0.99999998E+31      0.99999998E+31      0.99999998E+31      0.99999998E+31      0.99999998E+31      0.99999998E+31      0.99999998E+31
      0.99999998E+31      0.99999998E+31      0.99999998E+31      0.99999998E+31      0.99999998E+31      0.99999998E+31      0.99999998E+31      0.99999998E+31      0.99999998E+31      0.99999998E+31
      0.99999998E+31      0.99999998E+31      0.99999998E+31      0.99999998E+31      0.99999998E+31      0.99999998E+31      0.99999998E+31       713.77478           713.57819           713.29675    
       712.94574           712.60834           712.18549           712.86316           712.93182           712.74078           711.70929           710.33093           708.81866           707.10889    
       706.15723           705.25183           703.75275           703.41168           704.68292           708.06152           712.32007           719.13416          0.99999998E+31      0.99999998E+31
      0.99999998E+31      0.99999998E+31      0.99999998E+31      0.99999998E+31      0.99999998E+31      0.99999998E+31      0.99999998E+31      0.99999998E+31      0.99999998E+31      0.99999998E+31
      0.99999998E+31      0.99999998E+31      0.99999998E+31      0.99999998E+31      0.99999998E+31      0.99999998E+31      0.99999998E+31      0.99999998E+31      0.99999998E+31      0.99999998E+31
      0.99999998E+31      0.99999998E+31      0.99999998E+31      0.99999998E+31      0.99999998E+31      0.99999998E+31      0.99999998E+31      0.99999998E+31      0.99999998E+31      0.99999998E+31
      0.99999998E+31      0.99999998E+31      0.99999998E+31      0.99999998E+31      0.99999998E+31      0.99999998E+31      0.99999998E+31      0.99999998E+31      0.99999998E+31      0.99999998E+31
      0.99999998E+31      0.99999998E+31      0.99999998E+31      0.99999998E+31      0.99999998E+31      0.99999998E+31      0.99999998E+31      0.99999998E+31      0.99999998E+31      0.99999998E+31
      0.99999998E+31      0.99999998E+31      0.99999998E+31      0.99999998E+31      0.99999998E+31      0.99999998E+31      0.99999998E+31      0.99999998E+31       977.60022           981.01587    
       984.42456           988.02136           991.40936           994.81366           998.86108           1003.1055           1007.6999           1012.7267           1018.5369           1024.6288    
       1030.5554           1036.1284           1041.0939           1045.5201           1049.3907           1052.8429           1056.3016           1060.7959           1065.2573           1068.5114    
       1071.4165           1074.0763           1076.3660           1078.2539           1080.7474           1083.5339           1086.0853           1088.1024           1089.4349           1090.6129    
       1091.5525           1092.6320           1093.5950           1094.3553           1094.9818           1095.4969           1097.2112           1098.7216           1099.9556           1100.5320    
       1100.4000           1099.7924           1100.3585           1100.9342           1101.0978           1100.5653           1099.6414           1099.4596           1099.4038           1099.2152    
       1098.8654           1098.3052           1097.4478           1096.0315           1093.2341           1095.1903           1095.7042           1095.5806           1095.1007           1094.4575    
       1094.4220           1094.3268           1095.2267           1096.0737           1097.0007           1097.9968           1098.9803           1099.9636           1101.5043           1102.8916    
       1104.3611           1105.6902           1108.2295           1110.8866           1113.2831           1115.9808           1118.9885           1122.2330           1125.6688           1129.9733    
       1134.7227           1139.7655           1144.2426           1148.6287           1152.8906           1157.1012           1161.3068           1165.7047           1170.6232           1176.5518    
       1183.6383           1193.3046           1204.7883           1216.1929           1229.5428           1245.3048           1263.9326           1285.0239           1309.6779           1342.7092    
       1410.3881           1450.7938          0.99999998E+31      0.99999998E+31      0.99999998E+31      0.99999998E+31      0.99999998E+31      0.99999998E+31      0.99999998E+31      0.99999998E+31
      0.99999998E+31      0.99999998E+31
      0.99999998E+31      0.99999998E+31      0.99999998E+31      0.99999998E+31      0.99999998E+31      0.99999998E+31      0.99999998E+31      0.99999998E+31      0.99999998E+31      0.99999998E+31
      0.99999998E+31      0.99999998E+31      0.99999998E+31      0.99999998E+31      0.99999998E+31      0.99999998E+31      0.99999998E+31      0.99999998E+31      0.99999998E+31      0.99999998E+31
      0.99999998E+31      0.99999998E+31      0.99999998E+31      0.99999998E+31      0.99999998E+31      0.99999998E+31      0.99999998E+31      0.99999998E+31      0.99999998E+31      0.99999998E+31
      0.99999998E+31       712.38556           711.93683           711.41528           710.70300           710.59155           709.36456           707.62756           705.16455           702.68243    
       701.31110           700.20959           698.14496           698.02869           698.59595           700.07037           702.04004          0.99999998E+31      0.99999998E+31      0.99999998E+31
      0.99999998E+31      0.99999998E+31      0.99999998E+31      0.99999998E+31      0.99999998E+31      0.99999998E+31      0.99999998E+31      0.99999998E+31      0.99999998E+31      0.99999998E+31
      0.99999998E+31      0.99999998E+31      0.99999998E+31      0.99999998E+31      0.99999998E+31      0.99999998E+31      0.99999998E+31      0.99999998E+31      0.99999998E+31      0.99999998E+31
      0.99999998E+31      0.99999998E+31      0.99999998E+31      0.99999998E+31      0.99999998E+31      0.99999998E+31      0.99999998E+31      0.99999998E+31      0.99999998E+31      0.99999998E+31
      0.99999998E+31      0.99999998E+31      0.99999998E+31      0.99999998E+31      0.99999998E+31      0.99999998E+31      0.99999998E+31      0.99999998E+31      0.99999998E+31      0.99999998E+31
      0.99999998E+31      0.99999998E+31      0.99999998E+31      0.99999998E+31      0.99999998E+31      0.99999998E+31      0.99999998E+31      0.99999998E+31      0.99999998E+31      0.99999998E+31
      0.99999998E+31      0.99999998E+31      0.99999998E+31      0.99999998E+31      0.99999998E+31      0.99999998E+31      0.99999998E+31      0.99999998E+31      0.99999998E+31       984.96002    
       988.45667           991.98639           995.22162           998.84344           1002.4221           1006.4579           1010.5548           1015.4517           1020.5738           1025.9000    
       1031.2059           1036.3282           1041.1119           1045.4951           1049.5088           1053.1904           1056.8105           1060.6213           1064.3286           1068.1085    
       1071.4503           1074.3685           1076.7450           1078.8771           1081.4062           1084.0200           1086.6481           1088.6921           1090.2488           1091.6597    
       1092.8813           1094.2477           1095.5033           1096.5215           1097.2688           1098.0400           1099.1519           1100.5854           1101.7130           1102.5708    
       1102.7954           1102.9673           1103.3571           1103.5151           1103.6262           1102.9745           1101.7246           1101.7738           1101.7623           1101.5795    
       1101.2189           1100.6814           1099.9430           1098.8395           1097.9060           1097.9723           1097.8888           1097.3906           1096.5360           1095.4957    
       1094.8146           1094.2565           1094.9584           1095.7123           1096.6611           1097.6499           1098.4685           1098.8646           1100.9489           1102.3394    
       1104.0001           1105.0908           1107.9846           1110.4663           1113.1071           1115.9469           1119.0691           1122.3763           1125.3196           1131.0269    
       1136.6208           1142.5254           1147.6707           1152.4392           1156.7816           1160.7996           1164.5087           1168.2203           1172.3986           1177.6117    
       1183.7788           1191.4941           1203.1765           1213.6537           1226.2130           1241.6332           1260.7954           1284.2170           1312.1819           1346.9283    
       1390.6111           1444.5763          0.99999998E+31      0.99999998E+31      0.99999998E+31      0.99999998E+31      0.99999998E+31      0.99999998E+31      0.99999998E+31      0.99999998E+31
      0.99999998E+31      0.99999998E+31
      0.99999998E+31      0.99999998E+31      0.99999998E+31      0.99999998E+31      0.99999998E+31      0.99999998E+31      0.99999998E+31      0.99999998E+31      0.99999998E+31      0.99999998E+31
      0.99999998E+31      0.99999998E+31      0.99999998E+31      0.99999998E+31      0.99999998E+31      0.99999998E+31      0.99999998E+31      0.99999998E+31      0.99999998E+31      0.99999998E+31
      0.99999998E+31      0.99999998E+31      0.99999998E+31      0.99999998E+31      0.99999998E+31      0.99999998E+31      0.99999998E+31      0.99999998E+31      0.99999998E+31      0.99999998E+31
      0.99999998E+31      0.99999998E+31      0.99999998E+31       710.85248           710.19031           709.51874           707.75629           705.09137           702.18280           699.02136    
       695.97711           694.67206           693.44092           692.20984           691.21002           691.27448           691.92249          0.99999998E+31      0.99999998E+31      0.99999998E+31
      0.99999998E+31      0.99999998E+31      0.99999998E+31      0.99999998E+31      0.99999998E+31      0.99999998E+31      0.99999998E+31      0.99999998E+31      0.99999998E+31      0.99999998E+31
      0.99999998E+31      0.99999998E+31      0.99999998E+31      0.99999998E+31      0.99999998E+31      0.99999998E+31      0.99999998E+31      0.99999998E+31      0.99999998E+31      0.99999998E+31
      0.99999998E+31      0.99999998E+31      0.99999998E+31      0.99999998E+31      0.99999998E+31      0.99999998E+31      0.99999998E+31      0.99999998E+31      0.99999998E+31      0.99999998E+31
      0.99999998E+31      0.99999998E+31      0.99999998E+31      0.99999998E+31      0.99999998E+31      0.99999998E+31      0.99999998E+31      0.99999998E+31      0.99999998E+31      0.99999998E+31
      0.99999998E+31      0.99999998E+31      0.99999998E+31      0.99999998E+31      0.99999998E+31      0.99999998E+31      0.99999998E+31      0.99999998E+31      0.99999998E+31      0.99999998E+31
      0.99999998E+31      0.99999998E+31      0.99999998E+31      0.99999998E+31      0.99999998E+31      0.99999998E+31      0.99999998E+31      0.99999998E+31      0.99999998E+31      0.99999998E+31
       992.92236           995.50165           998.82452           1002.3235           1005.9821           1009.7532           1013.6404           1017.8784           1022.4710           1027.2068    
       1032.0049           1036.7468           1041.2729           1045.5027           1049.4619           1053.2039           1056.8458           1060.4843           1064.1145           1067.8188    
       1071.3037           1074.4009           1077.0389           1079.4822           1082.0211           1084.6140           1087.1816           1089.2922           1090.9866           1092.7107    
       1094.1522           1095.6530           1097.1316           1098.3744           1099.2256           1100.1204           1100.9823           1102.0645           1103.4280           1104.5121    
       1104.7306           1105.0791           1105.1401           1105.1862           1105.0609           1104.4674           1103.1167           1103.7559           1103.9421           1103.8365    
       1103.5260           1103.0433           1102.6731           1102.1235           1101.5193           1100.9376           1100.4009           1099.5240           1098.1260           1096.2848    
       1095.1499           1093.8807           1094.6125           1095.1222           1096.2668           1097.3132           1098.2905           1099.3239           1100.9279           1102.4539    
       1103.9585           1105.7793           1107.9784           1109.9713           1112.9078           1115.6772           1119.0574           1122.7053           1127.2595           1132.3950    
       1139.0569           1145.7812           1151.9121           1157.1190           1161.4598           1165.0952           1168.2349           1171.2499           1174.5493           1178.7244    
       1183.7985           1190.2878           1200.2217           1210.7209           1222.1821           1236.5282           1254.9395           1278.2428           1306.7666           1340.0807    
       1379.8711           1432.0887          0.99999998E+31      0.99999998E+31      0.99999998E+31      0.99999998E+31      0.99999998E+31      0.99999998E+31      0.99999998E+31      0.99999998E+31
      0.99999998E+31      0.99999998E+31
      0.99999998E+31      0.99999998E+31      0.99999998E+31      0.99999998E+31      0.99999998E+31      0.99999998E+31      0.99999998E+31      0.99999998E+31      0.99999998E+31      0.99999998E+31
      0.99999998E+31      0.99999998E+31      0.99999998E+31      0.99999998E+31      0.99999998E+31      0.99999998E+31      0.99999998E+31      0.99999998E+31      0.99999998E+31      0.99999998E+31
      0.99999998E+31      0.99999998E+31      0.99999998E+31      0.99999998E+31      0.99999998E+31      0.99999998E+31      0.99999998E+31      0.99999998E+31      0.99999998E+31      0.99999998E+31
      0.99999998E+31      0.99999998E+31      0.99999998E+31      0.99999998E+31      0.99999998E+31       707.89221           705.65515           703.57782           699.47693           695.42010    
       691.63116           687.66010           687.66559           685.49493           681.91766           680.45306           680.33783          0.99999998E+31      0.99999998E+31      0.99999998E+31
      0.99999998E+31      0.99999998E+31      0.99999998E+31      0.99999998E+31      0.99999998E+31      0.99999998E+31      0.99999998E+31      0.99999998E+31      0.99999998E+31      0.99999998E+31
      0.99999998E+31      0.99999998E+31      0.99999998E+31      0.99999998E+31      0.99999998E+31      0.99999998E+31      0.99999998E+31      0.99999998E+31      0.99999998E+31      0.99999998E+31
      0.99999998E+31      0.99999998E+31      0.99999998E+31      0.99999998E+31      0.99999998E+31      0.99999998E+31      0.99999998E+31      0.99999998E+31      0.99999998E+31      0.99999998E+31
      0.99999998E+31      0.99999998E+31      0.99999998E+31      0.99999998E+31      0.99999998E+31      0.99999998E+31      0.99999998E+31      0.99999998E+31      0.99999998E+31      0.99999998E+31
      0.99999998E+31      0.99999998E+31      0.99999998E+31      0.99999998E+31      0.99999998E+31      0.99999998E+31      0.99999998E+31      0.99999998E+31      0.99999998E+31      0.99999998E+31
      0.99999998E+31      0.99999998E+31      0.99999998E+31      0.99999998E+31      0.99999998E+31      0.99999998E+31      0.99999998E+31      0.99999998E+31      0.99999998E+31      0.99999998E+31
       995.47839           997.64722           1002.3336           1005.8802           1009.5225           1012.9949           1016.5207           1020.2720           1024.2321           1028.4995    
       1032.9370           1037.3599           1041.6306           1045.6749           1049.5270           1053.1947           1056.7867           1060.3602           1063.9209           1067.5154    
       1070.9955           1074.2235           1077.1495           1079.8846           1082.5236           1085.1786           1087.6569           1089.8518           1091.7277           1093.6229    
       1095.4009           1097.3405           1099.1361           1100.6798           1101.7834           1102.8531           1104.1302           1106.0414           1107.2457           1106.5767    
       1106.6581           1106.9807           1106.3141           1106.3503           1106.0496           1105.9020           1105.6677           1105.9480           1106.0900           1105.9650    
       1105.7539           1105.0443           1105.4573           1105.2135           1104.5353           1103.9167           1103.2026           1101.9591           1100.1541           1097.9309    
       1095.7653           1093.4636           1094.3868           1095.0048           1095.8768           1096.9102           1097.9298           1098.9851           1100.7250           1102.3801    
       1104.0610           1105.8857           1107.9719           1110.2421           1112.6406           1114.7209           1118.7340           1122.7097           1128.2162           1132.5215    
       1141.9463           1149.9498           1157.3521           1162.9495           1167.1060           1170.1564           1172.5328           1174.7200           1177.1158           1180.1875    
       1184.0896           1189.2511           1198.0846           1207.6156           1217.8353           1230.6699           1247.9189           1269.1842           1295.1682           1325.0802    
       1360.6450           1399.9698           1440.6396          0.99999998E+31      0.99999998E+31      0.99999998E+31      0.99999998E+31      0.99999998E+31      0.99999998E+31      0.99999998E+31
      0.99999998E+31      0.99999998E+31
      0.99999998E+31      0.99999998E+31      0.99999998E+31      0.99999998E+31      0.99999998E+31      0.99999998E+31      0.99999998E+31      0.99999998E+31      0.99999998E+31      0.99999998E+31
      0.99999998E+31      0.99999998E+31      0.99999998E+31      0.99999998E+31      0.99999998E+31      0.99999998E+31      0.99999998E+31      0.99999998E+31      0.99999998E+31      0.99999998E+31
      0.99999998E+31      0.99999998E+31      0.99999998E+31      0.99999998E+31      0.99999998E+31      0.99999998E+31      0.99999998E+31      0.99999998E+31      0.99999998E+31      0.99999998E+31
      0.99999998E+31      0.99999998E+31      0.99999998E+31      0.99999998E+31      0.99999998E+31       705.53882           703.30261           701.19104           697.28162           692.97327    
       688.47040           679.85156           677.09192           679.54834           669.73291           666.13794           665.78699          0.99999998E+31      0.99999998E+31      0.99999998E+31
      0.99999998E+31      0.99999998E+31      0.99999998E+31      0.99999998E+31      0.99999998E+31      0.99999998E+31      0.99999998E+31      0.99999998E+31      0.99999998E+31      0.99999998E+31
      0.99999998E+31      0.99999998E+31      0.99999998E+31      0.99999998E+31      0.99999998E+31      0.99999998E+31      0.99999998E+31      0.99999998E+31      0.99999998E+31      0.99999998E+31
      0.99999998E+31      0.99999998E+31      0.99999998E+31      0.99999998E+31      0.99999998E+31      0.99999998E+31      0.99999998E+31      0.99999998E+31      0.99999998E+31      0.99999998E+31
      0.99999998E+31      0.99999998E+31      0.99999998E+31      0.99999998E+31      0.99999998E+31      0.99999998E+31      0.99999998E+31      0.99999998E+31      0.99999998E+31      0.99999998E+31
      0.99999998E+31      0.99999998E+31      0.99999998E+31      0.99999998E+31      0.99999998E+31      0.99999998E+31      0.99999998E+31      0.99999998E+31      0.99999998E+31      0.99999998E+31
      0.99999998E+31      0.99999998E+31      0.99999998E+31      0.99999998E+31      0.99999998E+31      0.99999998E+31      0.99999998E+31      0.99999998E+31      0.99999998E+31      0.99999998E+31
      0.99999998E+31      0.99999998E+31       1007.1008           1010.0992           1013.3240           1016.4003           1019.4711           1022.6724           1025.8665           1029.9974    
       1034.0527           1038.1460           1042.1503           1046.0215           1049.7606           1053.3229           1056.8290           1060.3354           1063.8289           1067.3368    
       1070.7795           1074.0935           1077.2305           1080.2003           1082.8909           1085.6266           1088.1083           1090.4908           1092.5459           1094.6464    
       1096.7690           1098.8605           1100.7982           1102.5984           1104.1523           1105.4607           1107.4563           1109.1082           1109.9238           1109.2039    
       1108.8594           1108.7458           1108.0806           1107.2189           1106.8776           1107.4421           1107.9209           1108.2784           1108.3408           1107.8798    
       1108.3839           1108.5535           1108.8364           1108.6354           1107.9580           1107.0302           1105.8899           1104.4791           1102.2429           1099.2231    
       1096.2009           1094.5851           1094.2754           1094.5222           1095.1838           1096.3596           1097.3613           1097.6698           1100.3195           1102.1804    
       1103.8184           1105.5243           1107.6179           1110.2107           1112.3462           1112.6166           1118.2844           1120.8873           1130.0846           1137.7773    
       1146.6770           1155.3695           1164.1067           1170.2089           1173.9154           1176.0690           1177.4089           1178.5564           1179.9713           1182.0532    
       1184.9438           1188.8456           1195.9926           1204.4907           1214.2507           1225.2562           1239.3718           1257.0253           1280.0490           1307.1661    
       1339.0664           1375.8022           1422.2766           1446.9962           1454.7766           1454.2230           1454.5558           1454.6650           1457.2416           1474.3590    
       1486.3757          0.99999998E+31
      0.99999998E+31      0.99999998E+31      0.99999998E+31      0.99999998E+31      0.99999998E+31      0.99999998E+31      0.99999998E+31      0.99999998E+31      0.99999998E+31      0.99999998E+31
      0.99999998E+31      0.99999998E+31      0.99999998E+31      0.99999998E+31      0.99999998E+31      0.99999998E+31      0.99999998E+31      0.99999998E+31      0.99999998E+31      0.99999998E+31
      0.99999998E+31      0.99999998E+31      0.99999998E+31      0.99999998E+31      0.99999998E+31      0.99999998E+31      0.99999998E+31      0.99999998E+31      0.99999998E+31      0.99999998E+31
      0.99999998E+31      0.99999998E+31      0.99999998E+31      0.99999998E+31      0.99999998E+31      0.99999998E+31       701.82306           698.71954           696.02100           691.07068    
       682.60834           673.91437           663.71753           646.25134           659.26520           644.08954           643.33783          0.99999998E+31      0.99999998E+31      0.99999998E+31
      0.99999998E+31      0.99999998E+31      0.99999998E+31      0.99999998E+31      0.99999998E+31      0.99999998E+31      0.99999998E+31      0.99999998E+31      0.99999998E+31      0.99999998E+31
      0.99999998E+31      0.99999998E+31      0.99999998E+31      0.99999998E+31      0.99999998E+31      0.99999998E+31      0.99999998E+31      0.99999998E+31      0.99999998E+31      0.99999998E+31
      0.99999998E+31      0.99999998E+31      0.99999998E+31      0.99999998E+31      0.99999998E+31      0.99999998E+31      0.99999998E+31      0.99999998E+31      0.99999998E+31      0.99999998E+31
      0.99999998E+31      0.99999998E+31      0.99999998E+31      0.99999998E+31      0.99999998E+31      0.99999998E+31      0.99999998E+31      0.99999998E+31      0.99999998E+31      0.99999998E+31
      0.99999998E+31      0.99999998E+31      0.99999998E+31      0.99999998E+31      0.99999998E+31      0.99999998E+31      0.99999998E+31      0.99999998E+31      0.99999998E+31      0.99999998E+31
      0.99999998E+31      0.99999998E+31      0.99999998E+31      0.99999998E+31      0.99999998E+31      0.99999998E+31      0.99999998E+31      0.99999998E+31      0.99999998E+31      0.99999998E+31
      0.99999998E+31      0.99999998E+31      0.99999998E+31       1016.6498           1017.6797           1019.9324           1022.4854           1025.2799           1028.3632           1031.8481    
       1035.4502           1039.1051           1042.8179           1046.4780           1050.0649           1053.5267           1056.9608           1060.3942           1063.8146           1067.2567    
       1070.6797           1074.0446           1077.3199           1080.4481           1083.2153           1086.0122           1088.6217           1091.1642           1093.4551           1095.7866    
       1098.2000           1100.4486           1102.5765           1104.5905           1106.4340           1108.0469           1110.3572           1112.1980           1112.9755           1112.4905    
       1111.2683           1110.4668           1108.9077           1105.8110           1103.6508           1109.2399           1110.7307           1111.3274           1111.3110           1110.5393    
       1111.7103           1112.1361           1112.6758           1112.4633           1111.6725           1110.4756           1108.7371           1106.7206           1103.6226           1099.0767    
       1094.3469           1093.7156           1093.5194           1093.4476           1094.4932           1095.7603           1097.2999           1098.6678           1100.4789           1102.0535    
       1103.3804           1104.6442           1106.6503           1110.5060           1113.6979           1116.3798           1120.6370           1124.9547           1133.4049           1142.1537    
       1151.8196           1161.0698           1172.7404           1179.4818           1182.1523           1182.7421           1182.5913           1182.4875           1182.8973           1184.0815    
       1186.1674           1189.3531           1195.2872           1203.2499           1210.5890           1218.9916           1230.6787           1245.6617           1264.5452           1287.1150    
       1314.1895           1348.3652           1392.8010           1438.9598           1441.3793           1433.4790           1433.5128           1437.6339           1569.0000           1556.0000    
       1485.8943          0.99999998E+31
      0.99999998E+31      0.99999998E+31      0.99999998E+31      0.99999998E+31      0.99999998E+31      0.99999998E+31      0.99999998E+31      0.99999998E+31      0.99999998E+31      0.99999998E+31
      0.99999998E+31      0.99999998E+31      0.99999998E+31      0.99999998E+31      0.99999998E+31      0.99999998E+31      0.99999998E+31      0.99999998E+31      0.99999998E+31      0.99999998E+31
      0.99999998E+31      0.99999998E+31      0.99999998E+31      0.99999998E+31      0.99999998E+31      0.99999998E+31      0.99999998E+31      0.99999998E+31      0.99999998E+31      0.99999998E+31
      0.99999998E+31      0.99999998E+31      0.99999998E+31      0.99999998E+31      0.99999998E+31      0.99999998E+31      0.99999998E+31       697.66266           694.43890           688.48114    
       679.34515           667.59253           654.17090           630.49316           595.62988           608.91498           603.58997          0.99999998E+31      0.99999998E+31      0.99999998E+31
      0.99999998E+31      0.99999998E+31      0.99999998E+31      0.99999998E+31      0.99999998E+31      0.99999998E+31      0.99999998E+31      0.99999998E+31      0.99999998E+31      0.99999998E+31
      0.99999998E+31      0.99999998E+31      0.99999998E+31      0.99999998E+31      0.99999998E+31      0.99999998E+31      0.99999998E+31      0.99999998E+31      0.99999998E+31      0.99999998E+31
      0.99999998E+31      0.99999998E+31      0.99999998E+31      0.99999998E+31      0.99999998E+31      0.99999998E+31      0.99999998E+31      0.99999998E+31      0.99999998E+31      0.99999998E+31
      0.99999998E+31      0.99999998E+31      0.99999998E+31      0.99999998E+31      0.99999998E+31      0.99999998E+31      0.99999998E+31      0.99999998E+31      0.99999998E+31      0.99999998E+31
      0.99999998E+31      0.99999998E+31      0.99999998E+31      0.99999998E+31      0.99999998E+31      0.99999998E+31      0.99999998E+31      0.99999998E+31      0.99999998E+31      0.99999998E+31
      0.99999998E+31      0.99999998E+31      0.99999998E+31      0.99999998E+31      0.99999998E+31      0.99999998E+31      0.99999998E+31      0.99999998E+31      0.99999998E+31      0.99999998E+31
      0.99999998E+31      0.99999998E+31      0.99999998E+31       1020.8341           1021.5089           1023.2762           1025.4352           1027.8970           1030.7568           1033.8262    
       1037.0200           1040.2888           1043.6177           1047.0156           1050.4248           1053.8026           1057.1248           1060.4817           1063.8059           1067.2046    
       1070.6177           1074.0062           1077.3812           1080.5955           1083.4553           1086.3490           1089.1188           1091.8959           1094.4569           1097.0327    
       1099.6322           1102.1194           1104.5068           1106.7401           1108.8586           1110.9065           1113.6033           1115.4091           1115.9425           1115.3723    
       1114.3199           1111.8755           1109.4922           1111.6699           1112.3756           1113.8097           1114.8914           1115.4608           1115.6266           1115.6494    
       1115.9791           1115.2450           1116.8247           1116.5643           1115.7776           1114.6030           1111.7155           1108.1664           1103.8995           1097.6219    
       1093.4243           1092.7936           1092.1697           1090.8749           1093.3293           1094.6125           1097.1998           1099.0829           1100.7611           1102.0856    
       1102.9266           1102.9796           1103.6135           1111.3998           1115.5244           1118.7649           1122.8198           1124.6323           1136.3059           1145.8628    
       1157.0654           1164.0303           1184.8369           1191.5955           1191.6880           1189.7755           1187.6985           1186.1813           1185.4984           1185.7242    
       1187.0123           1189.4229           1193.3003           1200.6040           1206.6866           1214.0166           1223.4324           1235.2965           1249.8833           1267.0693    
       1287.3967           1314.2139           1367.2230           1587.0000           1621.0000           1426.0625           1428.0238           1443.4689           1456.2952           1463.3412    
       1481.9900          0.99999998E+31
      0.99999998E+31      0.99999998E+31      0.99999998E+31      0.99999998E+31      0.99999998E+31      0.99999998E+31      0.99999998E+31      0.99999998E+31      0.99999998E+31      0.99999998E+31
      0.99999998E+31      0.99999998E+31      0.99999998E+31      0.99999998E+31      0.99999998E+31      0.99999998E+31      0.99999998E+31      0.99999998E+31      0.99999998E+31      0.99999998E+31
      0.99999998E+31      0.99999998E+31      0.99999998E+31      0.99999998E+31      0.99999998E+31      0.99999998E+31      0.99999998E+31      0.99999998E+31      0.99999998E+31      0.99999998E+31
      0.99999998E+31      0.99999998E+31      0.99999998E+31      0.99999998E+31      0.99999998E+31      0.99999998E+31      0.99999998E+31      0.99999998E+31      0.99999998E+31      0.99999998E+31
      0.99999998E+31      0.99999998E+31      0.99999998E+31      0.99999998E+31       501.30060           501.32599           501.33542          0.99999998E+31      0.99999998E+31      0.99999998E+31
      0.99999998E+31      0.99999998E+31      0.99999998E+31      0.99999998E+31      0.99999998E+31      0.99999998E+31      0.99999998E+31      0.99999998E+31      0.99999998E+31      0.99999998E+31
      0.99999998E+31      0.99999998E+31      0.99999998E+31      0.99999998E+31      0.99999998E+31      0.99999998E+31      0.99999998E+31      0.99999998E+31      0.99999998E+31      0.99999998E+31
      0.99999998E+31      0.99999998E+31      0.99999998E+31      0.99999998E+31      0.99999998E+31      0.99999998E+31      0.99999998E+31      0.99999998E+31      0.99999998E+31      0.99999998E+31
      0.99999998E+31      0.99999998E+31      0.99999998E+31      0.99999998E+31      0.99999998E+31      0.99999998E+31      0.99999998E+31      0.99999998E+31      0.99999998E+31      0.99999998E+31
      0.99999998E+31      0.99999998E+31      0.99999998E+31      0.99999998E+31      0.99999998E+31      0.99999998E+31      0.99999998E+31      0.99999998E+31      0.99999998E+31      0.99999998E+31
      0.99999998E+31      0.99999998E+31      0.99999998E+31      0.99999998E+31      0.99999998E+31      0.99999998E+31      0.99999998E+31      0.99999998E+31      0.99999998E+31      0.99999998E+31
      0.99999998E+31      0.99999998E+31      0.99999998E+31       1023.4061           1025.2317           1026.5846           1028.4082           1030.7080           1033.1979           1035.8910    
       1038.7137           1041.6191           1044.6080           1047.6816           1050.9030           1054.1320           1057.3639           1060.6185           1063.8542           1067.1244    
       1070.5027           1073.8574           1077.2732           1080.4197           1083.4025           1086.5532           1089.6100           1092.7118           1095.5718           1098.3878    
       1101.2754           1104.0004           1106.6528           1109.1270           1111.5679           1114.0461           1116.4585           1118.4916           1119.2767           1118.8976    
       1116.7642           1112.6821           1110.6763           1116.9644           1118.5446           1118.4537           1119.9717           1120.5573           1120.8268           1121.0132    
       1121.0710           1121.3676           1121.6703           1120.6638           1119.6545           1117.3451           1113.6937           1109.2457           1104.5221           1098.7102    
       1094.0276           1091.3718           1091.0369           1091.1909           1092.6948           1094.9573           1097.4111           1099.5115           1101.3806           1102.7705    
       1103.3632           1101.5249           1107.6909           1113.5698           1118.3636           1122.6752           1126.9673           1131.5754           1141.2391           1152.3718    
       1165.4216           1179.9119           1199.4275           1207.5476           1201.8308           1196.1133           1191.8187           1188.9047           1187.2992           1186.8087    
       1187.4141           1189.1467           1192.2635           1199.1936           1203.9640           1209.8048           1217.2657           1226.3168           1236.9738           1249.1379    
       1262.5005           1278.7982           1325.5648           1574.0000           1623.0000           1413.8213           1422.3331           1698.0000           1755.0000           1462.6025    
       1481.3778          0.99999998E+31
      0.99999998E+31      0.99999998E+31      0.99999998E+31      0.99999998E+31      0.99999998E+31      0.99999998E+31      0.99999998E+31      0.99999998E+31      0.99999998E+31      0.99999998E+31
      0.99999998E+31      0.99999998E+31      0.99999998E+31      0.99999998E+31      0.99999998E+31      0.99999998E+31      0.99999998E+31      0.99999998E+31      0.99999998E+31      0.99999998E+31
      0.99999998E+31      0.99999998E+31      0.99999998E+31      0.99999998E+31      0.99999998E+31      0.99999998E+31      0.99999998E+31      0.99999998E+31      0.99999998E+31      0.99999998E+31
      0.99999998E+31      0.99999998E+31      0.99999998E+31      0.99999998E+31      0.99999998E+31      0.99999998E+31      0.99999998E+31      0.99999998E+31      0.99999998E+31      0.99999998E+31
      0.99999998E+31      0.99999998E+31      0.99999998E+31      0.99999998E+31      0.99999998E+31      0.99999998E+31      0.99999998E+31      0.99999998E+31      0.99999998E+31      0.99999998E+31
      0.99999998E+31      0.99999998E+31      0.99999998E+31      0.99999998E+31      0.99999998E+31      0.99999998E+31      0.99999998E+31      0.99999998E+31      0.99999998E+31      0.99999998E+31
      0.99999998E+31      0.99999998E+31      0.99999998E+31      0.99999998E+31      0.99999998E+31      0.99999998E+31      0.99999998E+31      0.99999998E+31      0.99999998E+31      0.99999998E+31
      0.99999998E+31      0.99999998E+31      0.99999998E+31      0.99999998E+31      0.99999998E+31      0.99999998E+31      0.99999998E+31      0.99999998E+31      0.99999998E+31      0.99999998E+31
      0.99999998E+31      0.99999998E+31      0.99999998E+31      0.99999998E+31      0.99999998E+31      0.99999998E+31      0.99999998E+31      0.99999998E+31      0.99999998E+31      0.99999998E+31
      0.99999998E+31      0.99999998E+31      0.99999998E+31      0.99999998E+31      0.99999998E+31      0.99999998E+31      0.99999998E+31      0.99999998E+31      0.99999998E+31      0.99999998E+31
      0.99999998E+31      0.99999998E+31      0.99999998E+31      0.99999998E+31      0.99999998E+31      0.99999998E+31      0.99999998E+31      0.99999998E+31      0.99999998E+31      0.99999998E+31
      0.99999998E+31      0.99999998E+31      0.99999998E+31      0.99999998E+31       1029.0397           1029.8040           1031.3480           1033.3358           1035.5494           1037.9995    
       1040.4901           1043.0891           1045.7889           1048.4597           1051.6099           1054.6414           1057.7271           1060.8678           1064.0284           1067.2242    
       1070.5118           1073.8755           1077.2305           1080.5466           1083.8549           1087.2062           1090.2299           1093.7008           1096.8505           1099.9424    
       1103.0763           1106.0319           1108.8842           1111.6348           1114.3135           1116.8698           1118.7634           1121.4945           1122.7750           1123.0537    
       1120.1001           1110.8364           1115.4122           1122.0529           1124.8146           1125.9034           1126.8308           1127.3643           1127.5269           1127.6068    
       1127.1838           1127.3763           1127.1183           1126.0554           1124.8364           1121.4058           1115.5226           1109.6613           1105.1455           1098.9680    
       1092.5538           1087.0453           1088.8887           1089.8430           1090.8108           1094.6110           1097.4756           1099.7186           1102.1948           1104.1968    
       1106.4974           1108.3887           1112.4869           1117.2501           1121.7312           1125.8822           1130.0586           1133.3774           1144.7684           1157.1101    
       1171.6281           1190.4106           1207.3837           1214.8593           1209.4891           1199.3647           1193.6775           1190.1542           1188.1583           1187.3635    
       1187.6306           1189.0200           1191.5381           1198.0710           1201.9493           1206.4767           1212.1105           1218.8219           1226.2386           1234.3221    
       1243.0548           1251.4517           1260.0646           1345.2190           1375.9800           1396.1069           1447.0002           1490.0000           1461.2273           1461.2910    
       1479.1699          0.99999998E+31
      0.99999998E+31      0.99999998E+31      0.99999998E+31      0.99999998E+31      0.99999998E+31      0.99999998E+31      0.99999998E+31      0.99999998E+31      0.99999998E+31      0.99999998E+31
      0.99999998E+31      0.99999998E+31      0.99999998E+31      0.99999998E+31      0.99999998E+31      0.99999998E+31      0.99999998E+31      0.99999998E+31      0.99999998E+31      0.99999998E+31
      0.99999998E+31      0.99999998E+31      0.99999998E+31      0.99999998E+31      0.99999998E+31      0.99999998E+31      0.99999998E+31      0.99999998E+31      0.99999998E+31      0.99999998E+31
      0.99999998E+31      0.99999998E+31      0.99999998E+31      0.99999998E+31      0.99999998E+31      0.99999998E+31      0.99999998E+31      0.99999998E+31      0.99999998E+31      0.99999998E+31
      0.99999998E+31      0.99999998E+31      0.99999998E+31      0.99999998E+31      0.99999998E+31      0.99999998E+31      0.99999998E+31      0.99999998E+31      0.99999998E+31      0.99999998E+31
      0.99999998E+31      0.99999998E+31      0.99999998E+31      0.99999998E+31      0.99999998E+31      0.99999998E+31      0.99999998E+31      0.99999998E+31      0.99999998E+31      0.99999998E+31
      0.99999998E+31      0.99999998E+31      0.99999998E+31      0.99999998E+31      0.99999998E+31      0.99999998E+31      0.99999998E+31      0.99999998E+31      0.99999998E+31      0.99999998E+31
      0.99999998E+31      0.99999998E+31      0.99999998E+31      0.99999998E+31      0.99999998E+31      0.99999998E+31      0.99999998E+31      0.99999998E+31      0.99999998E+31      0.99999998E+31
      0.99999998E+31      0.99999998E+31      0.99999998E+31      0.99999998E+31      0.99999998E+31      0.99999998E+31      0.99999998E+31      0.99999998E+31      0.99999998E+31      0.99999998E+31
      0.99999998E+31      0.99999998E+31      0.99999998E+31      0.99999998E+31      0.99999998E+31      0.99999998E+31      0.99999998E+31      0.99999998E+31      0.99999998E+31      0.99999998E+31
      0.99999998E+31      0.99999998E+31      0.99999998E+31      0.99999998E+31      0.99999998E+31      0.99999998E+31      0.99999998E+31      0.99999998E+31      0.99999998E+31      0.99999998E+31
      0.99999998E+31      0.99999998E+31      0.99999998E+31      0.99999998E+31       1032.1605           1032.9398           1034.1975           1035.8849           1037.8353           1040.0044    
       1042.3226           1044.7405           1047.2812           1049.8958           1052.6472           1055.4270           1058.3151           1061.2943           1064.3433           1067.4659    
       1070.7153           1074.0750           1077.4618           1080.7310           1084.5272           1087.9861           1091.4240           1094.9788           1098.4392           1101.7324    
       1104.9773           1108.2605           1111.3167           1114.2596           1117.1406           1120.0146           1123.0005           1124.8730           1126.3698           1126.9001    
       1126.5287           1124.7616           1127.1499           1130.3080           1132.4327           1133.7885           1134.8522           1135.5114           1135.9158           1135.0933    
       1132.3021           1133.7167           1133.0817           1131.4061           1129.1635           1126.4149           1120.6609           1113.1765           1107.0046           1099.5001    
       1092.6495           1087.2788           1087.1495           1088.1564           1091.3844           1094.7505           1097.8450           1100.7572           1103.4808           1107.0182    
       1110.3657           1113.0280           1116.8965           1120.9413           1124.9445           1128.7136           1132.9331           1133.0891           1147.2117           1159.6118    
       1172.4197           1185.6824           1201.8428           1206.5137           1201.0977           1196.0858           1192.3301           1189.6422           1187.9727           1187.2775    
       1187.5671           1188.9000           1191.4509           1193.9271           1200.5382           1204.1357           1208.2804           1213.0317           1218.2498           1222.9185    
       1230.1134           1236.2712           1242.8516           1258.5039           1291.8109           1434.4923           1444.6582           1454.4266           1457.8270           1459.5416    
       1476.1368          0.99999998E+31
      0.99999998E+31      0.99999998E+31      0.99999998E+31      0.99999998E+31      0.99999998E+31      0.99999998E+31      0.99999998E+31      0.99999998E+31      0.99999998E+31      0.99999998E+31
      0.99999998E+31      0.99999998E+31      0.99999998E+31      0.99999998E+31      0.99999998E+31      0.99999998E+31      0.99999998E+31      0.99999998E+31      0.99999998E+31      0.99999998E+31
      0.99999998E+31      0.99999998E+31      0.99999998E+31      0.99999998E+31      0.99999998E+31      0.99999998E+31      0.99999998E+31      0.99999998E+31      0.99999998E+31      0.99999998E+31
      0.99999998E+31      0.99999998E+31      0.99999998E+31      0.99999998E+31      0.99999998E+31      0.99999998E+31      0.99999998E+31      0.99999998E+31      0.99999998E+31      0.99999998E+31
      0.99999998E+31      0.99999998E+31      0.99999998E+31      0.99999998E+31      0.99999998E+31      0.99999998E+31      0.99999998E+31      0.99999998E+31      0.99999998E+31      0.99999998E+31
      0.99999998E+31      0.99999998E+31      0.99999998E+31      0.99999998E+31      0.99999998E+31      0.99999998E+31      0.99999998E+31      0.99999998E+31      0.99999998E+31      0.99999998E+31
      0.99999998E+31      0.99999998E+31      0.99999998E+31      0.99999998E+31      0.99999998E+31      0.99999998E+31      0.99999998E+31      0.99999998E+31      0.99999998E+31      0.99999998E+31
      0.99999998E+31      0.99999998E+31      0.99999998E+31      0.99999998E+31      0.99999998E+31      0.99999998E+31      0.99999998E+31      0.99999998E+31      0.99999998E+31      0.99999998E+31
      0.99999998E+31      0.99999998E+31      0.99999998E+31      0.99999998E+31      0.99999998E+31      0.99999998E+31      0.99999998E+31      0.99999998E+31      0.99999998E+31      0.99999998E+31
      0.99999998E+31      0.99999998E+31      0.99999998E+31      0.99999998E+31      0.99999998E+31      0.99999998E+31      0.99999998E+31      0.99999998E+31      0.99999998E+31      0.99999998E+31
      0.99999998E+31      0.99999998E+31      0.99999998E+31      0.99999998E+31      0.99999998E+31      0.99999998E+31      0.99999998E+31      0.99999998E+31      0.99999998E+31      0.99999998E+31
      0.99999998E+31      0.99999998E+31      0.99999998E+31      0.99999998E+31       1033.7472           1035.7008           1036.9003           1038.3618           1040.0708           1042.0142    
       1044.1567           1046.4026           1048.7820           1051.2709           1053.8177           1056.3895           1059.0607           1061.8644           1064.7836           1067.8218    
       1071.0579           1074.4867           1078.0088           1081.5876           1085.3358           1089.0516           1092.7015           1096.6639           1100.3308           1103.8530    
       1107.2208           1110.5876           1113.9257           1117.0129           1119.9929           1122.8846           1125.8744           1128.2402           1129.8248           1129.7812    
       1132.0756           1133.3595           1135.6249           1138.3037           1141.0399           1143.0712           1144.5969           1145.9514           1146.6531           1146.4503    
       1145.4910           1144.5732           1143.2294           1140.5552           1136.3051           1130.9359           1124.9430           1116.6666           1107.4030           1098.3950    
       1091.9485           1086.5643           1085.9664           1088.1141           1091.5560           1095.2734           1098.8003           1102.2343           1105.7930           1110.7222    
       1114.8943           1117.4130           1120.5908           1124.2891           1127.8373           1130.3925           1137.1489           1142.0829           1151.3229           1161.3152    
       1171.4620           1181.1254           1189.6600           1192.4948           1192.8300           1191.3304           1189.6001           1188.1232           1187.1139           1186.7659    
       1187.3091           1188.6660           1190.7974           1194.1091           1199.4087           1202.5776           1205.8632           1209.4414           1213.4100           1217.7092    
       1222.8228           1227.9979           1234.0874           1243.9929           1266.6519           1633.0000           1641.0000           1603.0000           1457.6644           1458.6010    
       1474.5026          0.99999998E+31
      0.99999998E+31      0.99999998E+31      0.99999998E+31      0.99999998E+31      0.99999998E+31      0.99999998E+31      0.99999998E+31      0.99999998E+31      0.99999998E+31      0.99999998E+31
      0.99999998E+31      0.99999998E+31      0.99999998E+31      0.99999998E+31      0.99999998E+31      0.99999998E+31      0.99999998E+31      0.99999998E+31      0.99999998E+31      0.99999998E+31
      0.99999998E+31      0.99999998E+31      0.99999998E+31      0.99999998E+31      0.99999998E+31      0.99999998E+31      0.99999998E+31      0.99999998E+31      0.99999998E+31      0.99999998E+31
      0.99999998E+31      0.99999998E+31      0.99999998E+31      0.99999998E+31      0.99999998E+31      0.99999998E+31      0.99999998E+31      0.99999998E+31      0.99999998E+31      0.99999998E+31
      0.99999998E+31      0.99999998E+31      0.99999998E+31      0.99999998E+31      0.99999998E+31      0.99999998E+31      0.99999998E+31      0.99999998E+31      0.99999998E+31      0.99999998E+31
      0.99999998E+31      0.99999998E+31      0.99999998E+31      0.99999998E+31      0.99999998E+31      0.99999998E+31      0.99999998E+31      0.99999998E+31      0.99999998E+31      0.99999998E+31
      0.99999998E+31      0.99999998E+31      0.99999998E+31      0.99999998E+31      0.99999998E+31      0.99999998E+31      0.99999998E+31      0.99999998E+31      0.99999998E+31      0.99999998E+31
      0.99999998E+31      0.99999998E+31      0.99999998E+31      0.99999998E+31      0.99999998E+31      0.99999998E+31      0.99999998E+31      0.99999998E+31      0.99999998E+31      0.99999998E+31
      0.99999998E+31      0.99999998E+31      0.99999998E+31      0.99999998E+31      0.99999998E+31      0.99999998E+31      0.99999998E+31      0.99999998E+31      0.99999998E+31      0.99999998E+31
      0.99999998E+31      0.99999998E+31      0.99999998E+31      0.99999998E+31      0.99999998E+31      0.99999998E+31      0.99999998E+31      0.99999998E+31      0.99999998E+31      0.99999998E+31
      0.99999998E+31      0.99999998E+31      0.99999998E+31      0.99999998E+31      0.99999998E+31      0.99999998E+31      0.99999998E+31      0.99999998E+31      0.99999998E+31      0.99999998E+31
      0.99999998E+31      0.99999998E+31      0.99999998E+31      0.99999998E+31      0.99999998E+31       1039.1239           1039.7601           1040.8223           1042.2950           1044.0227    
       1045.9277           1048.0054           1050.2476           1052.6075           1054.9960           1057.4022           1059.9133           1062.5555           1065.3260           1068.2842    
       1071.5516           1075.0725           1078.7307           1082.4824           1086.3513           1090.1832           1094.1343           1098.3651           1102.4323           1106.1907    
       1109.7448           1113.1691           1116.5406           1119.8976           1123.0609           1126.0172           1129.1549           1131.8368           1134.4008           1135.7841    
       1137.0939           1139.5961           1142.5887           1145.7413           1148.8000           1151.5187           1153.1981           1154.6393           1155.7100           1155.4221    
       1154.2173           1152.8341           1150.7361           1147.9064           1144.4388           1136.7567           1132.4247          0.99999998E+31      0.99999998E+31       1093.8307    
       1088.7253           1083.7544           1084.0024          0.99999998E+31      0.99999998E+31      0.99999998E+31      0.99999998E+31      0.99999998E+31      0.99999998E+31      0.99999998E+31
       1118.1624           1120.5656           1123.8180           1127.4141           1131.3763           1135.4938           1140.3639           1143.6196           1153.7323           1161.8370    
       1170.3309           1177.5190           1183.1539           1186.1832           1187.3534           1187.3545           1186.8920           1186.3193           1186.0161           1186.1593    
       1187.0165           1188.4576           1190.4197           1192.9519           1198.5035           1201.4230           1204.3190           1207.2926           1210.5009           1214.1313    
       1218.3025           1222.8280           1228.2123           1236.7098           1265.0459           1632.0000           1431.8745           1454.7299           1456.1750           1457.6763    
       1473.5830          0.99999998E+31
      0.99999998E+31      0.99999998E+31      0.99999998E+31      0.99999998E+31      0.99999998E+31      0.99999998E+31      0.99999998E+31      0.99999998E+31      0.99999998E+31      0.99999998E+31
      0.99999998E+31      0.99999998E+31      0.99999998E+31      0.99999998E+31      0.99999998E+31      0.99999998E+31      0.99999998E+31      0.99999998E+31      0.99999998E+31      0.99999998E+31
      0.99999998E+31      0.99999998E+31      0.99999998E+31      0.99999998E+31      0.99999998E+31      0.99999998E+31      0.99999998E+31      0.99999998E+31      0.99999998E+31      0.99999998E+31
      0.99999998E+31      0.99999998E+31      0.99999998E+31      0.99999998E+31      0.99999998E+31      0.99999998E+31      0.99999998E+31      0.99999998E+31      0.99999998E+31      0.99999998E+31
      0.99999998E+31      0.99999998E+31      0.99999998E+31      0.99999998E+31      0.99999998E+31      0.99999998E+31      0.99999998E+31      0.99999998E+31      0.99999998E+31      0.99999998E+31
      0.99999998E+31      0.99999998E+31      0.99999998E+31      0.99999998E+31      0.99999998E+31      0.99999998E+31      0.99999998E+31      0.99999998E+31      0.99999998E+31      0.99999998E+31
      0.99999998E+31      0.99999998E+31      0.99999998E+31      0.99999998E+31      0.99999998E+31      0.99999998E+31      0.99999998E+31      0.99999998E+31      0.99999998E+31      0.99999998E+31
      0.99999998E+31      0.99999998E+31      0.99999998E+31      0.99999998E+31      0.99999998E+31      0.99999998E+31      0.99999998E+31      0.99999998E+31      0.99999998E+31      0.99999998E+31
      0.99999998E+31      0.99999998E+31      0.99999998E+31      0.99999998E+31      0.99999998E+31      0.99999998E+31      0.99999998E+31      0.99999998E+31      0.99999998E+31      0.99999998E+31
      0.99999998E+31      0.99999998E+31      0.99999998E+31      0.99999998E+31      0.99999998E+31      0.99999998E+31      0.99999998E+31      0.99999998E+31      0.99999998E+31      0.99999998E+31
      0.99999998E+31      0.99999998E+31      0.99999998E+31      0.99999998E+31      0.99999998E+31      0.99999998E+31      0.99999998E+31      0.99999998E+31      0.99999998E+31      0.99999998E+31
      0.99999998E+31      0.99999998E+31      0.99999998E+31      0.99999998E+31      0.99999998E+31       1042.0321           1042.3711           1043.2465           1044.4611           1045.9491    
       1047.6642           1049.5610           1051.6387           1053.8413           1056.0994           1058.3861           1060.7639           1063.2848           1065.9634           1068.8910    
       1072.1841           1075.7987           1079.5789           1083.4569           1087.4409           1091.5773           1095.8505           1100.3665           1104.6661           1108.5886    
       1112.4794           1115.9033           1119.3521           1122.6979           1125.8661           1128.9106           1131.9753           1134.8644           1137.6864           1140.2792    
       1142.7561           1145.7710           1149.0011           1152.0258           1155.2290           1158.2756           1160.4681           1162.4857           1163.3531           1163.0310    
       1161.5645           1159.3099           1157.1971           1155.7120           1153.0464          0.99999998E+31      0.99999998E+31      0.99999998E+31      0.99999998E+31      0.99999998E+31
      0.99999998E+31      0.99999998E+31      0.99999998E+31      0.99999998E+31      0.99999998E+31      0.99999998E+31      0.99999998E+31      0.99999998E+31      0.99999998E+31      0.99999998E+31
       1118.4458           1120.7578           1125.6010           1130.4801           1135.0718           1139.6865           1145.0184           1150.3134           1157.0441           1163.5928    
       1169.8945           1175.2719           1179.4556           1182.1057           1183.8127           1184.5477           1184.8003           1184.9083           1185.0432           1185.7356    
       1186.8293           1188.3308           1190.2035           1192.1852           1197.3290           1200.5302           1203.2552           1205.9275           1208.6855           1211.7611    
       1215.3817           1219.3368           1223.8907           1231.7789           1332.7406           1379.3811           1425.4213           1454.7719           1465.5541           1469.6245    
       1473.1118          0.99999998E+31
      0.99999998E+31      0.99999998E+31      0.99999998E+31      0.99999998E+31      0.99999998E+31      0.99999998E+31      0.99999998E+31      0.99999998E+31      0.99999998E+31      0.99999998E+31
      0.99999998E+31      0.99999998E+31      0.99999998E+31      0.99999998E+31      0.99999998E+31      0.99999998E+31      0.99999998E+31      0.99999998E+31      0.99999998E+31      0.99999998E+31
      0.99999998E+31      0.99999998E+31      0.99999998E+31      0.99999998E+31      0.99999998E+31      0.99999998E+31      0.99999998E+31      0.99999998E+31      0.99999998E+31      0.99999998E+31
      0.99999998E+31      0.99999998E+31      0.99999998E+31      0.99999998E+31      0.99999998E+31      0.99999998E+31      0.99999998E+31      0.99999998E+31      0.99999998E+31      0.99999998E+31
      0.99999998E+31      0.99999998E+31      0.99999998E+31      0.99999998E+31      0.99999998E+31      0.99999998E+31      0.99999998E+31      0.99999998E+31      0.99999998E+31      0.99999998E+31
      0.99999998E+31      0.99999998E+31      0.99999998E+31      0.99999998E+31      0.99999998E+31      0.99999998E+31      0.99999998E+31      0.99999998E+31      0.99999998E+31      0.99999998E+31
      0.99999998E+31      0.99999998E+31      0.99999998E+31      0.99999998E+31      0.99999998E+31      0.99999998E+31      0.99999998E+31      0.99999998E+31      0.99999998E+31      0.99999998E+31
      0.99999998E+31      0.99999998E+31      0.99999998E+31      0.99999998E+31      0.99999998E+31      0.99999998E+31      0.99999998E+31      0.99999998E+31      0.99999998E+31      0.99999998E+31
      0.99999998E+31      0.99999998E+31      0.99999998E+31      0.99999998E+31      0.99999998E+31      0.99999998E+31      0.99999998E+31      0.99999998E+31      0.99999998E+31      0.99999998E+31
      0.99999998E+31      0.99999998E+31      0.99999998E+31      0.99999998E+31      0.99999998E+31      0.99999998E+31      0.99999998E+31      0.99999998E+31      0.99999998E+31      0.99999998E+31
      0.99999998E+31      0.99999998E+31      0.99999998E+31      0.99999998E+31      0.99999998E+31      0.99999998E+31      0.99999998E+31      0.99999998E+31      0.99999998E+31      0.99999998E+31
      0.99999998E+31      0.99999998E+31      0.99999998E+31      0.99999998E+31      0.99999998E+31       1043.6796           1044.5094           1045.4205           1046.4921           1047.8076    
       1049.3358           1051.0455           1052.9319           1054.9624           1057.0959           1059.2919           1061.5623           1063.9800           1066.6113           1069.5629    
       1072.8987           1076.5531           1080.4727           1084.5251           1088.7290           1093.1633           1097.7867           1102.5645           1107.1263           1111.6058    
       1115.7319           1119.3389           1122.7159           1125.7931           1128.8967           1131.8297           1134.7518           1137.5685           1140.7618           1143.9774    
       1147.6248           1151.1643           1154.8333           1157.7018           1161.4624           1164.6929           1167.7783           1169.7771           1170.8250           1170.4390    
       1169.3064           1167.5046           1165.8821           1164.4474           1160.8026          0.99999998E+31      0.99999998E+31      0.99999998E+31      0.99999998E+31      0.99999998E+31
      0.99999998E+31      0.99999998E+31      0.99999998E+31      0.99999998E+31      0.99999998E+31      0.99999998E+31      0.99999998E+31      0.99999998E+31      0.99999998E+31      0.99999998E+31
      0.99999998E+31       1122.1459           1125.8656           1132.0648           1138.7192           1144.5333           1149.3004           1154.1998           1159.5275           1164.7074    
       1169.8202           1174.0785           1177.4266           1179.8427           1181.6824           1182.7081           1183.3657           1183.8268           1184.4259           1185.5428    
       1186.7646           1188.2643           1190.0247           1191.9468           1194.5874           1199.8508           1202.4580           1205.0492           1207.6136           1210.3253    
       1213.5627           1217.1725           1220.8408           1225.5396           1486.0294           1549.1644           1564.2985          0.99999998E+31      0.99999998E+31      0.99999998E+31
      0.99999998E+31      0.99999998E+31
      0.99999998E+31      0.99999998E+31      0.99999998E+31      0.99999998E+31      0.99999998E+31      0.99999998E+31      0.99999998E+31      0.99999998E+31      0.99999998E+31      0.99999998E+31
      0.99999998E+31      0.99999998E+31      0.99999998E+31      0.99999998E+31      0.99999998E+31      0.99999998E+31      0.99999998E+31      0.99999998E+31      0.99999998E+31      0.99999998E+31
      0.99999998E+31      0.99999998E+31      0.99999998E+31      0.99999998E+31      0.99999998E+31      0.99999998E+31      0.99999998E+31      0.99999998E+31      0.99999998E+31      0.99999998E+31
      0.99999998E+31      0.99999998E+31      0.99999998E+31      0.99999998E+31      0.99999998E+31      0.99999998E+31      0.99999998E+31      0.99999998E+31      0.99999998E+31      0.99999998E+31
      0.99999998E+31      0.99999998E+31      0.99999998E+31      0.99999998E+31      0.99999998E+31      0.99999998E+31      0.99999998E+31      0.99999998E+31      0.99999998E+31      0.99999998E+31
      0.99999998E+31      0.99999998E+31      0.99999998E+31      0.99999998E+31      0.99999998E+31      0.99999998E+31      0.99999998E+31      0.99999998E+31      0.99999998E+31      0.99999998E+31
      0.99999998E+31      0.99999998E+31      0.99999998E+31      0.99999998E+31      0.99999998E+31      0.99999998E+31      0.99999998E+31      0.99999998E+31      0.99999998E+31      0.99999998E+31
      0.99999998E+31      0.99999998E+31      0.99999998E+31      0.99999998E+31      0.99999998E+31      0.99999998E+31      0.99999998E+31      0.99999998E+31      0.99999998E+31      0.99999998E+31
      0.99999998E+31      0.99999998E+31      0.99999998E+31      0.99999998E+31      0.99999998E+31      0.99999998E+31      0.99999998E+31      0.99999998E+31      0.99999998E+31      0.99999998E+31
      0.99999998E+31      0.99999998E+31      0.99999998E+31      0.99999998E+31      0.99999998E+31      0.99999998E+31      0.99999998E+31      0.99999998E+31      0.99999998E+31      0.99999998E+31
      0.99999998E+31      0.99999998E+31      0.99999998E+31      0.99999998E+31      0.99999998E+31      0.99999998E+31      0.99999998E+31      0.99999998E+31      0.99999998E+31      0.99999998E+31
      0.99999998E+31      0.99999998E+31      0.99999998E+31      0.99999998E+31      0.99999998E+31       1044.8738           1046.5061           1047.4220           1048.3855           1049.5198    
       1050.8583           1052.4017           1054.1266           1056.0052           1057.9990           1060.0745           1062.2546           1064.5999           1067.1930           1070.1267    
       1073.4862           1077.2509           1081.2953           1085.6407           1090.2898           1095.1359           1099.9972           1104.7500           1109.5269           1114.0068    
       1118.5272           1122.3130           1125.6771           1128.7775           1131.7153           1134.6565           1137.5469           1140.4949           1143.7551           1147.7705    
       1151.7594           1156.1758           1160.7576           1164.5026           1168.1193           1171.4241           1174.4724           1176.5271           1177.9359           1178.0424    
       1177.2002           1176.2300           1176.0430           1174.8186          0.99999998E+31      0.99999998E+31      0.99999998E+31      0.99999998E+31      0.99999998E+31      0.99999998E+31
      0.99999998E+31      0.99999998E+31      0.99999998E+31      0.99999998E+31      0.99999998E+31      0.99999998E+31      0.99999998E+31      0.99999998E+31      0.99999998E+31      0.99999998E+31
      0.99999998E+31       1125.7458           1127.7598           1135.2781           1140.8843           1147.3356           1153.4490           1157.6484           1161.3179           1164.8253    
       1169.6853           1173.5806           1176.4449           1178.6719           1180.4686           1181.6824           1182.6060           1183.4016           1184.3563           1185.6456    
       1186.8073           1188.0510           1189.6691           1191.6915           1193.8270           1199.3501           1201.8577           1204.3901           1206.9569           1209.5864    
       1212.6648           1216.3320           1220.1365           1224.6019           1583.0000           1615.0000          0.99999998E+31      0.99999998E+31      0.99999998E+31      0.99999998E+31
      0.99999998E+31      0.99999998E+31
      0.99999998E+31      0.99999998E+31      0.99999998E+31      0.99999998E+31      0.99999998E+31      0.99999998E+31      0.99999998E+31      0.99999998E+31      0.99999998E+31      0.99999998E+31
      0.99999998E+31      0.99999998E+31      0.99999998E+31      0.99999998E+31      0.99999998E+31      0.99999998E+31      0.99999998E+31      0.99999998E+31      0.99999998E+31      0.99999998E+31
      0.99999998E+31      0.99999998E+31      0.99999998E+31      0.99999998E+31      0.99999998E+31      0.99999998E+31      0.99999998E+31      0.99999998E+31      0.99999998E+31      0.99999998E+31
      0.99999998E+31      0.99999998E+31      0.99999998E+31      0.99999998E+31      0.99999998E+31      0.99999998E+31      0.99999998E+31      0.99999998E+31      0.99999998E+31      0.99999998E+31
      0.99999998E+31      0.99999998E+31      0.99999998E+31      0.99999998E+31      0.99999998E+31      0.99999998E+31      0.99999998E+31      0.99999998E+31      0.99999998E+31      0.99999998E+31
      0.99999998E+31      0.99999998E+31      0.99999998E+31      0.99999998E+31      0.99999998E+31      0.99999998E+31      0.99999998E+31      0.99999998E+31      0.99999998E+31      0.99999998E+31
      0.99999998E+31      0.99999998E+31      0.99999998E+31      0.99999998E+31      0.99999998E+31      0.99999998E+31      0.99999998E+31      0.99999998E+31      0.99999998E+31      0.99999998E+31
      0.99999998E+31      0.99999998E+31      0.99999998E+31      0.99999998E+31      0.99999998E+31      0.99999998E+31      0.99999998E+31      0.99999998E+31      0.99999998E+31      0.99999998E+31
      0.99999998E+31      0.99999998E+31      0.99999998E+31      0.99999998E+31      0.99999998E+31      0.99999998E+31      0.99999998E+31      0.99999998E+31      0.99999998E+31      0.99999998E+31
      0.99999998E+31      0.99999998E+31      0.99999998E+31      0.99999998E+31      0.99999998E+31      0.99999998E+31      0.99999998E+31      0.99999998E+31      0.99999998E+31      0.99999998E+31
      0.99999998E+31      0.99999998E+31      0.99999998E+31      0.99999998E+31      0.99999998E+31      0.99999998E+31      0.99999998E+31      0.99999998E+31      0.99999998E+31      0.99999998E+31
      0.99999998E+31      0.99999998E+31      0.99999998E+31      0.99999998E+31      0.99999998E+31      0.99999998E+31       1048.9501           1049.3192           1050.0516           1051.0065    
       1052.1914           1053.5890           1055.1730           1056.9073           1058.7694           1060.7371           1062.8286           1065.1082           1067.6589           1070.5770    
       1073.9716           1077.8031           1082.2220           1087.0986           1092.1399           1097.1387           1102.0763           1106.9390           1111.5764           1116.1737    
       1120.4446           1124.3304           1127.8062           1131.0857           1134.1107           1137.2200           1140.2864           1143.6586           1147.1573           1151.3816    
       1155.6870           1161.6827           1167.1901           1171.2820           1174.8081           1177.9451           1180.6180           1183.1395           1184.4915           1184.7863    
       1184.1459           1183.8866           1184.5796           1184.8455          0.99999998E+31      0.99999998E+31      0.99999998E+31      0.99999998E+31      0.99999998E+31      0.99999998E+31
      0.99999998E+31      0.99999998E+31      0.99999998E+31      0.99999998E+31      0.99999998E+31      0.99999998E+31      0.99999998E+31      0.99999998E+31      0.99999998E+31      0.99999998E+31
      0.99999998E+31      0.99999998E+31      0.99999998E+31      0.99999998E+31       1147.9921           1154.7280           1158.1354           1160.4585           1162.1760           1162.1392    
       1169.3247           1173.4983           1176.2394           1178.4055           1180.0760           1181.0305           1182.4000           1183.4240           1184.4542           1185.7876    
       1187.0470           1188.0730           1189.6162           1191.5668           1193.4486           1196.6674           1201.4083           1203.8722           1206.4180           1209.1056    
       1212.2006           1216.2704           1221.0906           1226.3579           1573.7976          0.99999998E+31      0.99999998E+31      0.99999998E+31      0.99999998E+31      0.99999998E+31
      0.99999998E+31      0.99999998E+31
      0.99999998E+31      0.99999998E+31      0.99999998E+31      0.99999998E+31      0.99999998E+31      0.99999998E+31      0.99999998E+31      0.99999998E+31      0.99999998E+31      0.99999998E+31
      0.99999998E+31      0.99999998E+31      0.99999998E+31      0.99999998E+31      0.99999998E+31      0.99999998E+31      0.99999998E+31      0.99999998E+31      0.99999998E+31      0.99999998E+31
      0.99999998E+31      0.99999998E+31      0.99999998E+31      0.99999998E+31      0.99999998E+31      0.99999998E+31      0.99999998E+31      0.99999998E+31      0.99999998E+31      0.99999998E+31
      0.99999998E+31      0.99999998E+31      0.99999998E+31      0.99999998E+31      0.99999998E+31      0.99999998E+31      0.99999998E+31      0.99999998E+31      0.99999998E+31      0.99999998E+31
      0.99999998E+31      0.99999998E+31      0.99999998E+31      0.99999998E+31      0.99999998E+31      0.99999998E+31      0.99999998E+31      0.99999998E+31      0.99999998E+31      0.99999998E+31
      0.99999998E+31      0.99999998E+31      0.99999998E+31      0.99999998E+31      0.99999998E+31      0.99999998E+31      0.99999998E+31      0.99999998E+31      0.99999998E+31      0.99999998E+31
      0.99999998E+31      0.99999998E+31      0.99999998E+31      0.99999998E+31      0.99999998E+31      0.99999998E+31      0.99999998E+31      0.99999998E+31      0.99999998E+31      0.99999998E+31
      0.99999998E+31      0.99999998E+31      0.99999998E+31      0.99999998E+31      0.99999998E+31      0.99999998E+31      0.99999998E+31      0.99999998E+31      0.99999998E+31      0.99999998E+31
      0.99999998E+31      0.99999998E+31      0.99999998E+31      0.99999998E+31      0.99999998E+31      0.99999998E+31      0.99999998E+31      0.99999998E+31      0.99999998E+31      0.99999998E+31
      0.99999998E+31      0.99999998E+31      0.99999998E+31      0.99999998E+31      0.99999998E+31      0.99999998E+31      0.99999998E+31      0.99999998E+31      0.99999998E+31      0.99999998E+31
      0.99999998E+31      0.99999998E+31      0.99999998E+31      0.99999998E+31      0.99999998E+31      0.99999998E+31      0.99999998E+31      0.99999998E+31      0.99999998E+31      0.99999998E+31
      0.99999998E+31      0.99999998E+31      0.99999998E+31      0.99999998E+31      0.99999998E+31      0.99999998E+31       1050.0938           1050.6869           1051.3706           1052.2230    
       1053.2904           1054.5760           1056.0547           1057.6700           1059.4135           1061.2769           1063.2781           1065.4884           1067.9923           1070.9020    
       1074.2715           1078.3860           1083.3325           1088.5897           1093.9523           1099.0215           1103.9335           1108.7388           1113.3293           1117.7084    
       1121.8611           1125.7423           1129.4213           1132.9421           1136.3601           1139.7408           1143.1514           1146.6716           1150.3502           1154.2622    
       1158.8942           1165.5939           1173.2434           1177.4598           1180.8413           1183.8307           1186.4839           1189.1116           1190.3741           1190.4216    
       1191.8831           1191.3547           1193.4644           1194.3151          0.99999998E+31      0.99999998E+31      0.99999998E+31      0.99999998E+31      0.99999998E+31      0.99999998E+31
      0.99999998E+31      0.99999998E+31      0.99999998E+31      0.99999998E+31      0.99999998E+31      0.99999998E+31      0.99999998E+31      0.99999998E+31      0.99999998E+31      0.99999998E+31
      0.99999998E+31      0.99999998E+31      0.99999998E+31      0.99999998E+31      0.99999998E+31       1159.0350           1161.0582           1163.6000           1165.6614           1167.7209    
       1171.4022           1174.4242           1176.7863           1178.8229           1180.3892           1181.5214           1182.5522           1183.7007           1184.7838           1185.8491    
       1186.9325           1188.2231           1189.7944           1191.5471           1193.3627           1195.4822           1201.0724           1203.4362           1205.9037           1208.5787    
       1211.6730           1216.0662           1222.4053           1237.3550          0.99999998E+31      0.99999998E+31      0.99999998E+31      0.99999998E+31      0.99999998E+31      0.99999998E+31
      0.99999998E+31      0.99999998E+31
      0.99999998E+31      0.99999998E+31      0.99999998E+31      0.99999998E+31      0.99999998E+31      0.99999998E+31      0.99999998E+31      0.99999998E+31      0.99999998E+31      0.99999998E+31
      0.99999998E+31      0.99999998E+31      0.99999998E+31      0.99999998E+31      0.99999998E+31      0.99999998E+31      0.99999998E+31      0.99999998E+31      0.99999998E+31      0.99999998E+31
      0.99999998E+31      0.99999998E+31      0.99999998E+31      0.99999998E+31      0.99999998E+31      0.99999998E+31      0.99999998E+31      0.99999998E+31      0.99999998E+31      0.99999998E+31
      0.99999998E+31      0.99999998E+31      0.99999998E+31      0.99999998E+31      0.99999998E+31      0.99999998E+31      0.99999998E+31      0.99999998E+31      0.99999998E+31      0.99999998E+31
      0.99999998E+31      0.99999998E+31      0.99999998E+31      0.99999998E+31      0.99999998E+31      0.99999998E+31      0.99999998E+31      0.99999998E+31      0.99999998E+31      0.99999998E+31
      0.99999998E+31      0.99999998E+31      0.99999998E+31      0.99999998E+31      0.99999998E+31      0.99999998E+31      0.99999998E+31      0.99999998E+31      0.99999998E+31      0.99999998E+31
      0.99999998E+31      0.99999998E+31      0.99999998E+31      0.99999998E+31      0.99999998E+31      0.99999998E+31      0.99999998E+31      0.99999998E+31      0.99999998E+31      0.99999998E+31
      0.99999998E+31      0.99999998E+31      0.99999998E+31      0.99999998E+31      0.99999998E+31      0.99999998E+31      0.99999998E+31      0.99999998E+31      0.99999998E+31      0.99999998E+31
      0.99999998E+31      0.99999998E+31      0.99999998E+31      0.99999998E+31      0.99999998E+31      0.99999998E+31      0.99999998E+31      0.99999998E+31      0.99999998E+31      0.99999998E+31
      0.99999998E+31      0.99999998E+31      0.99999998E+31      0.99999998E+31      0.99999998E+31      0.99999998E+31      0.99999998E+31      0.99999998E+31      0.99999998E+31      0.99999998E+31
      0.99999998E+31      0.99999998E+31      0.99999998E+31      0.99999998E+31      0.99999998E+31      0.99999998E+31      0.99999998E+31      0.99999998E+31      0.99999998E+31      0.99999998E+31
      0.99999998E+31      0.99999998E+31      0.99999998E+31      0.99999998E+31      0.99999998E+31      0.99999998E+31       1050.8749           1051.7273           1052.4011           1053.1716    
       1054.1371           1055.3564           1056.7562           1058.2762           1059.9235           1061.6949           1063.6237           1065.7729           1068.2000           1071.0674    
       1074.4729           1078.7339           1084.0386           1089.6547           1095.7242           1100.5848           1105.3593           1110.0714           1114.6001           1118.9337    
       1123.0605           1126.9830           1130.7875           1134.6144           1138.3383           1142.0428           1145.7660           1149.3538           1153.0598           1156.7079    
       1159.4479          0.99999998E+31       1180.4868           1182.7581           1185.6505           1188.6042           1191.4956           1194.1031           1196.5209           1198.5880    
       1199.7395           1200.7849           1202.3778           1203.4497          0.99999998E+31      0.99999998E+31      0.99999998E+31      0.99999998E+31      0.99999998E+31      0.99999998E+31
      0.99999998E+31      0.99999998E+31      0.99999998E+31      0.99999998E+31      0.99999998E+31      0.99999998E+31      0.99999998E+31      0.99999998E+31      0.99999998E+31      0.99999998E+31
      0.99999998E+31      0.99999998E+31      0.99999998E+31      0.99999998E+31      0.99999998E+31       1162.9080           1163.6862           1164.7939           1168.0247           1170.4700    
       1173.3220           1175.7241           1177.7655           1179.6005           1180.8719           1181.9001           1183.1836           1184.2209           1185.2622           1186.1122    
       1187.0184           1188.4540           1189.9366           1191.8260           1193.5259           1195.1486           1200.8323           1203.0481           1205.3558           1207.8486    
       1210.7046           1214.7650           1226.7247          0.99999998E+31      0.99999998E+31      0.99999998E+31      0.99999998E+31      0.99999998E+31      0.99999998E+31      0.99999998E+31
      0.99999998E+31      0.99999998E+31
      0.99999998E+31      0.99999998E+31      0.99999998E+31      0.99999998E+31      0.99999998E+31      0.99999998E+31      0.99999998E+31      0.99999998E+31      0.99999998E+31      0.99999998E+31
      0.99999998E+31      0.99999998E+31      0.99999998E+31      0.99999998E+31      0.99999998E+31      0.99999998E+31      0.99999998E+31      0.99999998E+31      0.99999998E+31      0.99999998E+31
      0.99999998E+31      0.99999998E+31      0.99999998E+31      0.99999998E+31      0.99999998E+31      0.99999998E+31      0.99999998E+31      0.99999998E+31      0.99999998E+31      0.99999998E+31
      0.99999998E+31      0.99999998E+31      0.99999998E+31      0.99999998E+31      0.99999998E+31      0.99999998E+31      0.99999998E+31      0.99999998E+31      0.99999998E+31      0.99999998E+31
      0.99999998E+31      0.99999998E+31      0.99999998E+31      0.99999998E+31      0.99999998E+31      0.99999998E+31      0.99999998E+31      0.99999998E+31      0.99999998E+31      0.99999998E+31
      0.99999998E+31      0.99999998E+31      0.99999998E+31      0.99999998E+31      0.99999998E+31      0.99999998E+31      0.99999998E+31      0.99999998E+31      0.99999998E+31      0.99999998E+31
      0.99999998E+31      0.99999998E+31      0.99999998E+31      0.99999998E+31      0.99999998E+31      0.99999998E+31      0.99999998E+31      0.99999998E+31      0.99999998E+31      0.99999998E+31
      0.99999998E+31      0.99999998E+31      0.99999998E+31      0.99999998E+31      0.99999998E+31      0.99999998E+31      0.99999998E+31      0.99999998E+31      0.99999998E+31      0.99999998E+31
      0.99999998E+31      0.99999998E+31      0.99999998E+31      0.99999998E+31      0.99999998E+31      0.99999998E+31      0.99999998E+31      0.99999998E+31      0.99999998E+31      0.99999998E+31
      0.99999998E+31      0.99999998E+31      0.99999998E+31      0.99999998E+31      0.99999998E+31      0.99999998E+31      0.99999998E+31      0.99999998E+31      0.99999998E+31      0.99999998E+31
      0.99999998E+31      0.99999998E+31      0.99999998E+31      0.99999998E+31      0.99999998E+31      0.99999998E+31      0.99999998E+31      0.99999998E+31      0.99999998E+31      0.99999998E+31
      0.99999998E+31      0.99999998E+31      0.99999998E+31      0.99999998E+31      0.99999998E+31      0.99999998E+31      0.99999998E+31       1052.6495           1053.2007           1053.8555    
       1054.7380           1055.8885           1057.2517           1058.7097           1060.2808           1061.9911           1063.8765           1065.9786           1068.3582           1071.1752    
       1074.5037           1077.9857          0.99999998E+31      0.99999998E+31       1098.0536           1101.6835           1106.1394           1110.8009           1115.4067           1119.8080    
       1124.0447           1128.1217           1132.1565           1136.2074           1140.2286           1144.2308           1148.2679           1152.2561           1156.3264           1160.4141    
       1163.7795          0.99999998E+31       1184.3456           1186.4443           1189.2474           1192.2999           1195.4729           1198.6047           1201.8673           1204.9349    
       1206.2074           1208.0101           1210.1497           1212.8818           1219.3562          0.99999998E+31      0.99999998E+31      0.99999998E+31      0.99999998E+31      0.99999998E+31
      0.99999998E+31      0.99999998E+31      0.99999998E+31      0.99999998E+31      0.99999998E+31      0.99999998E+31      0.99999998E+31      0.99999998E+31      0.99999998E+31      0.99999998E+31
      0.99999998E+31      0.99999998E+31      0.99999998E+31      0.99999998E+31      0.99999998E+31       1166.3094           1166.8468           1168.4410           1171.6222           1173.3478    
       1175.1234           1176.8691           1178.8937           1180.4412           1181.6578           1182.7732           1183.9769           1184.9958           1185.9567           1186.6534    
       1186.7227           1188.6803           1190.2659           1192.0205           1193.7460           1195.5756           1200.6882           1202.7111           1204.7787           1206.9391    
       1209.2321           1211.8759           1214.5070          0.99999998E+31      0.99999998E+31      0.99999998E+31      0.99999998E+31      0.99999998E+31      0.99999998E+31      0.99999998E+31
      0.99999998E+31      0.99999998E+31
      0.99999998E+31      0.99999998E+31      0.99999998E+31      0.99999998E+31      0.99999998E+31      0.99999998E+31      0.99999998E+31      0.99999998E+31      0.99999998E+31      0.99999998E+31
      0.99999998E+31      0.99999998E+31      0.99999998E+31      0.99999998E+31      0.99999998E+31      0.99999998E+31      0.99999998E+31      0.99999998E+31      0.99999998E+31      0.99999998E+31
      0.99999998E+31      0.99999998E+31      0.99999998E+31      0.99999998E+31      0.99999998E+31      0.99999998E+31      0.99999998E+31      0.99999998E+31      0.99999998E+31      0.99999998E+31
      0.99999998E+31      0.99999998E+31      0.99999998E+31      0.99999998E+31      0.99999998E+31      0.99999998E+31      0.99999998E+31      0.99999998E+31      0.99999998E+31      0.99999998E+31
      0.99999998E+31      0.99999998E+31      0.99999998E+31      0.99999998E+31      0.99999998E+31      0.99999998E+31      0.99999998E+31      0.99999998E+31      0.99999998E+31      0.99999998E+31
      0.99999998E+31      0.99999998E+31      0.99999998E+31      0.99999998E+31      0.99999998E+31      0.99999998E+31      0.99999998E+31      0.99999998E+31      0.99999998E+31      0.99999998E+31
      0.99999998E+31      0.99999998E+31      0.99999998E+31      0.99999998E+31      0.99999998E+31      0.99999998E+31      0.99999998E+31      0.99999998E+31      0.99999998E+31      0.99999998E+31
      0.99999998E+31      0.99999998E+31      0.99999998E+31      0.99999998E+31      0.99999998E+31      0.99999998E+31      0.99999998E+31      0.99999998E+31      0.99999998E+31      0.99999998E+31
      0.99999998E+31      0.99999998E+31      0.99999998E+31      0.99999998E+31      0.99999998E+31      0.99999998E+31      0.99999998E+31      0.99999998E+31      0.99999998E+31      0.99999998E+31
      0.99999998E+31      0.99999998E+31      0.99999998E+31      0.99999998E+31      0.99999998E+31      0.99999998E+31      0.99999998E+31      0.99999998E+31      0.99999998E+31      0.99999998E+31
      0.99999998E+31      0.99999998E+31      0.99999998E+31      0.99999998E+31      0.99999998E+31      0.99999998E+31      0.99999998E+31      0.99999998E+31      0.99999998E+31      0.99999998E+31
      0.99999998E+31      0.99999998E+31      0.99999998E+31      0.99999998E+31      0.99999998E+31      0.99999998E+31      0.99999998E+31      0.99999998E+31       1053.7168           1054.2122    
       1055.0520           1056.1738           1057.5193           1058.9523           1060.5055           1062.2028           1064.0659           1066.1418           1068.4999           1071.2974    
       1074.8201           1079.3174           1084.1467           1089.3842           1096.0150           1101.1012           1106.0457           1110.8782           1115.7174           1120.3416    
       1124.7931           1129.1288           1133.3600           1137.6610           1142.0868           1146.4584           1150.9233           1155.4453           1160.1895           1165.3782    
       1171.1752           1179.4398           1185.0504           1188.6604           1191.9393           1195.3202           1198.7294           1202.0085           1205.3380           1208.6633    
       1211.7350           1213.3860           1216.1846           1219.6536           1223.4663           1226.6425          0.99999998E+31      0.99999998E+31      0.99999998E+31      0.99999998E+31
      0.99999998E+31      0.99999998E+31      0.99999998E+31      0.99999998E+31      0.99999998E+31      0.99999998E+31      0.99999998E+31      0.99999998E+31      0.99999998E+31      0.99999998E+31
      0.99999998E+31      0.99999998E+31      0.99999998E+31      0.99999998E+31      0.99999998E+31       1169.1420           1169.5939           1172.2120           1174.1227           1175.5460    
       1176.7889           1178.3107           1180.1763           1181.6666           1182.7864           1183.7463           1184.9556           1186.1406           1186.9841           1187.6050    
       1188.3710           1189.6664           1190.9756           1192.5549           1194.7620           1198.8171           1200.6542           1202.4583           1204.2556           1206.0568    
       1207.8304           1209.5492           1210.8401          0.99999998E+31      0.99999998E+31      0.99999998E+31      0.99999998E+31      0.99999998E+31      0.99999998E+31      0.99999998E+31
      0.99999998E+31      0.99999998E+31
      0.99999998E+31      0.99999998E+31      0.99999998E+31      0.99999998E+31      0.99999998E+31      0.99999998E+31      0.99999998E+31      0.99999998E+31      0.99999998E+31      0.99999998E+31
      0.99999998E+31      0.99999998E+31      0.99999998E+31      0.99999998E+31      0.99999998E+31      0.99999998E+31      0.99999998E+31      0.99999998E+31      0.99999998E+31      0.99999998E+31
      0.99999998E+31      0.99999998E+31      0.99999998E+31      0.99999998E+31      0.99999998E+31      0.99999998E+31      0.99999998E+31      0.99999998E+31      0.99999998E+31      0.99999998E+31
      0.99999998E+31      0.99999998E+31      0.99999998E+31      0.99999998E+31      0.99999998E+31      0.99999998E+31      0.99999998E+31      0.99999998E+31      0.99999998E+31      0.99999998E+31
      0.99999998E+31      0.99999998E+31      0.99999998E+31      0.99999998E+31      0.99999998E+31      0.99999998E+31      0.99999998E+31      0.99999998E+31      0.99999998E+31      0.99999998E+31
      0.99999998E+31      0.99999998E+31      0.99999998E+31      0.99999998E+31      0.99999998E+31      0.99999998E+31      0.99999998E+31      0.99999998E+31      0.99999998E+31      0.99999998E+31
      0.99999998E+31      0.99999998E+31      0.99999998E+31      0.99999998E+31      0.99999998E+31      0.99999998E+31      0.99999998E+31      0.99999998E+31      0.99999998E+31      0.99999998E+31
      0.99999998E+31      0.99999998E+31      0.99999998E+31      0.99999998E+31      0.99999998E+31      0.99999998E+31      0.99999998E+31      0.99999998E+31      0.99999998E+31      0.99999998E+31
      0.99999998E+31      0.99999998E+31      0.99999998E+31      0.99999998E+31      0.99999998E+31      0.99999998E+31      0.99999998E+31      0.99999998E+31      0.99999998E+31      0.99999998E+31
      0.99999998E+31      0.99999998E+31      0.99999998E+31      0.99999998E+31      0.99999998E+31      0.99999998E+31      0.99999998E+31      0.99999998E+31      0.99999998E+31      0.99999998E+31
      0.99999998E+31      0.99999998E+31      0.99999998E+31      0.99999998E+31      0.99999998E+31      0.99999998E+31      0.99999998E+31      0.99999998E+31      0.99999998E+31      0.99999998E+31
      0.99999998E+31      0.99999998E+31      0.99999998E+31      0.99999998E+31      0.99999998E+31      0.99999998E+31      0.99999998E+31      0.99999998E+31       1053.5367           1054.0911    
       1054.9980           1056.1654           1057.5399           1059.0265           1060.6108           1062.3204           1064.1956           1066.2850           1068.6434           1071.4037    
       1074.7893           1078.9978           1083.7501           1088.9775           1094.5437           1099.9004           1105.1298           1110.3633           1115.5869           1120.5134    
       1125.2644           1129.9004           1134.4001           1139.0419           1143.8821           1148.6614           1153.6774           1158.7556           1164.1123           1169.7899    
       1175.6451           1181.8096           1186.8868           1190.6250           1194.1692           1197.7520           1201.2100           1204.6234           1207.7250           1211.8586    
       1215.0891           1218.3044           1221.0165           1224.7527           1227.3204           1229.2036          0.99999998E+31      0.99999998E+31      0.99999998E+31      0.99999998E+31
      0.99999998E+31      0.99999998E+31      0.99999998E+31      0.99999998E+31      0.99999998E+31      0.99999998E+31      0.99999998E+31      0.99999998E+31      0.99999998E+31      0.99999998E+31
      0.99999998E+31      0.99999998E+31      0.99999998E+31      0.99999998E+31      0.99999998E+31       1171.4281           1172.5916           1173.6614           1176.0640           1177.6388    
       1178.3021           1179.6019           1181.7808           1183.2133           1183.8795           1184.3130           1185.8666           1187.2914           1188.2573           1189.0952    
       1189.7423           1190.9424           1192.0494           1195.5697           1197.3969           1199.1123           1200.7463           1202.3221           1203.8519           1205.3386    
       1206.7377           1207.9585           1208.7362          0.99999998E+31      0.99999998E+31      0.99999998E+31      0.99999998E+31      0.99999998E+31      0.99999998E+31      0.99999998E+31
      0.99999998E+31      0.99999998E+31
      0.99999998E+31      0.99999998E+31      0.99999998E+31      0.99999998E+31      0.99999998E+31      0.99999998E+31      0.99999998E+31      0.99999998E+31      0.99999998E+31      0.99999998E+31
      0.99999998E+31      0.99999998E+31      0.99999998E+31      0.99999998E+31      0.99999998E+31      0.99999998E+31      0.99999998E+31      0.99999998E+31      0.99999998E+31      0.99999998E+31
      0.99999998E+31      0.99999998E+31      0.99999998E+31      0.99999998E+31      0.99999998E+31      0.99999998E+31      0.99999998E+31      0.99999998E+31      0.99999998E+31      0.99999998E+31
      0.99999998E+31      0.99999998E+31      0.99999998E+31      0.99999998E+31      0.99999998E+31      0.99999998E+31      0.99999998E+31      0.99999998E+31      0.99999998E+31      0.99999998E+31
      0.99999998E+31      0.99999998E+31      0.99999998E+31      0.99999998E+31      0.99999998E+31      0.99999998E+31      0.99999998E+31      0.99999998E+31      0.99999998E+31      0.99999998E+31
      0.99999998E+31      0.99999998E+31      0.99999998E+31      0.99999998E+31      0.99999998E+31      0.99999998E+31      0.99999998E+31      0.99999998E+31      0.99999998E+31      0.99999998E+31
      0.99999998E+31      0.99999998E+31      0.99999998E+31      0.99999998E+31      0.99999998E+31      0.99999998E+31      0.99999998E+31      0.99999998E+31      0.99999998E+31      0.99999998E+31
      0.99999998E+31      0.99999998E+31      0.99999998E+31      0.99999998E+31      0.99999998E+31      0.99999998E+31      0.99999998E+31      0.99999998E+31      0.99999998E+31      0.99999998E+31
      0.99999998E+31      0.99999998E+31      0.99999998E+31      0.99999998E+31      0.99999998E+31      0.99999998E+31      0.99999998E+31      0.99999998E+31      0.99999998E+31      0.99999998E+31
      0.99999998E+31      0.99999998E+31      0.99999998E+31      0.99999998E+31      0.99999998E+31      0.99999998E+31      0.99999998E+31      0.99999998E+31      0.99999998E+31      0.99999998E+31
      0.99999998E+31      0.99999998E+31      0.99999998E+31      0.99999998E+31      0.99999998E+31      0.99999998E+31      0.99999998E+31      0.99999998E+31      0.99999998E+31      0.99999998E+31
      0.99999998E+31      0.99999998E+31      0.99999998E+31      0.99999998E+31      0.99999998E+31      0.99999998E+31       1051.0464           1051.5677           1052.6379           1053.5200    
       1054.5961           1055.8887           1057.3499           1058.9453           1060.6031           1062.3616           1064.2756           1066.3879           1068.7551           1071.5040    
       1074.7588           1078.5745           1082.8363           1087.6862           1092.9912           1098.4342           1103.9480           1109.5839           1115.1898           1120.4133    
       1125.4999           1130.5219           1135.3522           1140.3529           1145.5767           1150.7628           1156.2336           1161.9692           1167.7719           1173.7406    
       1179.3939           1184.7206           1188.9672           1192.2430           1196.1396           1199.7417           1203.3877           1207.0449           1210.8383           1214.8719    
       1218.3617           1221.8611           1225.5453           1228.5094           1230.5022           1232.3762          0.99999998E+31      0.99999998E+31      0.99999998E+31      0.99999998E+31
      0.99999998E+31      0.99999998E+31      0.99999998E+31      0.99999998E+31      0.99999998E+31      0.99999998E+31      0.99999998E+31      0.99999998E+31      0.99999998E+31      0.99999998E+31
      0.99999998E+31      0.99999998E+31      0.99999998E+31      0.99999998E+31      0.99999998E+31      0.99999998E+31       1174.9054           1176.4176           1177.4143           1179.4449    
       1181.4401           1183.2130           1183.8702           1184.4492           1184.5702           1182.8176           1186.3180           1188.2231           1189.3029           1190.1454    
       1190.9304           1192.1602           1193.8972           1197.7616           1197.9395           1199.5527           1200.9868           1202.3213           1203.5935           1204.8191    
       1206.0026           1206.9739           1207.5425          0.99999998E+31      0.99999998E+31      0.99999998E+31      0.99999998E+31      0.99999998E+31      0.99999998E+31      0.99999998E+31
      0.99999998E+31      0.99999998E+31
      0.99999998E+31      0.99999998E+31      0.99999998E+31      0.99999998E+31      0.99999998E+31      0.99999998E+31      0.99999998E+31      0.99999998E+31      0.99999998E+31      0.99999998E+31
      0.99999998E+31      0.99999998E+31      0.99999998E+31      0.99999998E+31      0.99999998E+31      0.99999998E+31      0.99999998E+31      0.99999998E+31      0.99999998E+31      0.99999998E+31
      0.99999998E+31      0.99999998E+31      0.99999998E+31      0.99999998E+31      0.99999998E+31      0.99999998E+31      0.99999998E+31      0.99999998E+31      0.99999998E+31      0.99999998E+31
      0.99999998E+31      0.99999998E+31      0.99999998E+31      0.99999998E+31      0.99999998E+31      0.99999998E+31      0.99999998E+31      0.99999998E+31      0.99999998E+31      0.99999998E+31
      0.99999998E+31      0.99999998E+31      0.99999998E+31      0.99999998E+31      0.99999998E+31      0.99999998E+31      0.99999998E+31      0.99999998E+31      0.99999998E+31      0.99999998E+31
      0.99999998E+31      0.99999998E+31      0.99999998E+31      0.99999998E+31      0.99999998E+31      0.99999998E+31      0.99999998E+31      0.99999998E+31      0.99999998E+31      0.99999998E+31
      0.99999998E+31      0.99999998E+31      0.99999998E+31      0.99999998E+31      0.99999998E+31      0.99999998E+31      0.99999998E+31      0.99999998E+31      0.99999998E+31      0.99999998E+31
      0.99999998E+31      0.99999998E+31      0.99999998E+31      0.99999998E+31      0.99999998E+31      0.99999998E+31      0.99999998E+31      0.99999998E+31      0.99999998E+31      0.99999998E+31
      0.99999998E+31      0.99999998E+31      0.99999998E+31      0.99999998E+31      0.99999998E+31      0.99999998E+31      0.99999998E+31      0.99999998E+31      0.99999998E+31      0.99999998E+31
      0.99999998E+31      0.99999998E+31      0.99999998E+31      0.99999998E+31      0.99999998E+31      0.99999998E+31      0.99999998E+31      0.99999998E+31      0.99999998E+31      0.99999998E+31
      0.99999998E+31      0.99999998E+31      0.99999998E+31      0.99999998E+31      0.99999998E+31      0.99999998E+31      0.99999998E+31      0.99999998E+31      0.99999998E+31      0.99999998E+31
      0.99999998E+31      0.99999998E+31      0.99999998E+31      0.99999998E+31       1049.0135           1049.1808           1050.5959           1051.0326           1051.7433           1052.7229    
       1053.9747           1055.4554           1057.0645           1058.7657           1060.5131           1062.3557           1064.2904           1066.3998           1068.7876           1071.5499    
       1074.8069           1078.5325           1082.2501           1086.5925           1091.5236           1096.9050           1102.6067           1108.6331           1114.6990           1120.1195    
       1125.5673           1131.1000           1136.3003           1141.6976           1147.3281           1152.7924           1158.7555           1165.0696           1171.1985           1177.1261    
       1182.5325           1187.3835           1191.4089           1194.8782           1198.2419           1201.5406           1205.3718           1209.4672           1213.5260           1217.9327    
       1221.6177           1225.0010           1228.3298           1231.1716           1233.8696           1235.7924          0.99999998E+31      0.99999998E+31      0.99999998E+31      0.99999998E+31
      0.99999998E+31      0.99999998E+31      0.99999998E+31      0.99999998E+31      0.99999998E+31      0.99999998E+31      0.99999998E+31      0.99999998E+31      0.99999998E+31      0.99999998E+31
      0.99999998E+31      0.99999998E+31      0.99999998E+31      0.99999998E+31      0.99999998E+31      0.99999998E+31      0.99999998E+31       1178.0444           1179.3939           1181.4657    
       1183.6204           1185.6355           1187.1918           1187.3561           1187.4077           1187.5308           1188.7916           1190.0236           1190.8240           1192.3409    
       1193.4487           1195.4305           1197.6251           1200.4902           1198.9814           1200.2037           1201.3854           1202.4705           1203.4745           1204.4412    
       1205.6128           1206.4985           1206.9954          0.99999998E+31      0.99999998E+31      0.99999998E+31      0.99999998E+31      0.99999998E+31      0.99999998E+31      0.99999998E+31
      0.99999998E+31      0.99999998E+31
      0.99999998E+31      0.99999998E+31      0.99999998E+31      0.99999998E+31      0.99999998E+31      0.99999998E+31      0.99999998E+31      0.99999998E+31      0.99999998E+31      0.99999998E+31
      0.99999998E+31      0.99999998E+31      0.99999998E+31      0.99999998E+31      0.99999998E+31      0.99999998E+31      0.99999998E+31      0.99999998E+31      0.99999998E+31      0.99999998E+31
      0.99999998E+31      0.99999998E+31      0.99999998E+31      0.99999998E+31      0.99999998E+31      0.99999998E+31      0.99999998E+31      0.99999998E+31      0.99999998E+31      0.99999998E+31
      0.99999998E+31      0.99999998E+31      0.99999998E+31      0.99999998E+31      0.99999998E+31      0.99999998E+31      0.99999998E+31      0.99999998E+31      0.99999998E+31      0.99999998E+31
      0.99999998E+31      0.99999998E+31      0.99999998E+31      0.99999998E+31      0.99999998E+31      0.99999998E+31      0.99999998E+31      0.99999998E+31      0.99999998E+31      0.99999998E+31
      0.99999998E+31      0.99999998E+31      0.99999998E+31      0.99999998E+31      0.99999998E+31      0.99999998E+31      0.99999998E+31      0.99999998E+31      0.99999998E+31      0.99999998E+31
      0.99999998E+31      0.99999998E+31      0.99999998E+31      0.99999998E+31      0.99999998E+31      0.99999998E+31      0.99999998E+31      0.99999998E+31      0.99999998E+31      0.99999998E+31
      0.99999998E+31      0.99999998E+31      0.99999998E+31      0.99999998E+31      0.99999998E+31      0.99999998E+31      0.99999998E+31      0.99999998E+31      0.99999998E+31      0.99999998E+31
      0.99999998E+31      0.99999998E+31      0.99999998E+31      0.99999998E+31      0.99999998E+31      0.99999998E+31      0.99999998E+31      0.99999998E+31      0.99999998E+31      0.99999998E+31
      0.99999998E+31      0.99999998E+31      0.99999998E+31      0.99999998E+31      0.99999998E+31      0.99999998E+31      0.99999998E+31      0.99999998E+31      0.99999998E+31      0.99999998E+31
      0.99999998E+31      0.99999998E+31      0.99999998E+31      0.99999998E+31      0.99999998E+31      0.99999998E+31      0.99999998E+31      0.99999998E+31      0.99999998E+31      0.99999998E+31
      0.99999998E+31      0.99999998E+31      0.99999998E+31      0.99999998E+31       1048.8988           1048.9843           1049.5559           1050.0128           1050.6769           1051.7664    
       1053.2446           1054.9363           1056.7059           1058.5150           1060.3541           1062.2346           1064.1830           1066.2952           1068.6915           1071.4669    
       1074.8224           1079.1589           1081.9534           1085.8170           1090.4451           1095.6768           1101.3621           1107.7709           1113.4675           1119.3866    
       1125.3275           1131.4518           1137.3254           1143.0284           1148.5813           1154.6443           1161.0088           1167.9630           1173.9791           1179.8613    
       1185.1891           1189.8132           1193.7214           1197.1327           1200.2332           1203.0618           1207.4843           1211.7908           1216.1143           1220.5294    
       1224.2478           1227.7023           1230.9366           1233.7009           1236.4794           1239.5015           1242.4753           1243.9802          0.99999998E+31      0.99999998E+31
      0.99999998E+31      0.99999998E+31      0.99999998E+31      0.99999998E+31      0.99999998E+31      0.99999998E+31      0.99999998E+31      0.99999998E+31      0.99999998E+31      0.99999998E+31
      0.99999998E+31      0.99999998E+31      0.99999998E+31      0.99999998E+31      0.99999998E+31      0.99999998E+31      0.99999998E+31      0.99999998E+31      0.99999998E+31       1182.9507    
       1184.3523           1186.8180           1188.0153           1188.4673           1189.3998           1190.0100           1190.7804           1191.5312           1192.3506           1193.7281    
       1195.9247           1197.2495           1199.4797           1201.1095           1200.1052           1201.0361           1201.9604           1202.7811           1203.4570           1203.9430    
      0.99999998E+31      0.99999998E+31      0.99999998E+31      0.99999998E+31      0.99999998E+31      0.99999998E+31      0.99999998E+31      0.99999998E+31      0.99999998E+31      0.99999998E+31
      0.99999998E+31      0.99999998E+31
      0.99999998E+31      0.99999998E+31      0.99999998E+31      0.99999998E+31      0.99999998E+31      0.99999998E+31      0.99999998E+31      0.99999998E+31      0.99999998E+31      0.99999998E+31
      0.99999998E+31      0.99999998E+31      0.99999998E+31      0.99999998E+31      0.99999998E+31      0.99999998E+31      0.99999998E+31      0.99999998E+31      0.99999998E+31      0.99999998E+31
      0.99999998E+31      0.99999998E+31      0.99999998E+31      0.99999998E+31      0.99999998E+31      0.99999998E+31      0.99999998E+31      0.99999998E+31      0.99999998E+31      0.99999998E+31
      0.99999998E+31      0.99999998E+31      0.99999998E+31      0.99999998E+31      0.99999998E+31      0.99999998E+31      0.99999998E+31      0.99999998E+31      0.99999998E+31      0.99999998E+31
      0.99999998E+31      0.99999998E+31      0.99999998E+31      0.99999998E+31      0.99999998E+31      0.99999998E+31      0.99999998E+31      0.99999998E+31      0.99999998E+31      0.99999998E+31
      0.99999998E+31      0.99999998E+31      0.99999998E+31      0.99999998E+31      0.99999998E+31      0.99999998E+31      0.99999998E+31      0.99999998E+31      0.99999998E+31      0.99999998E+31
      0.99999998E+31      0.99999998E+31      0.99999998E+31      0.99999998E+31      0.99999998E+31      0.99999998E+31      0.99999998E+31      0.99999998E+31      0.99999998E+31      0.99999998E+31
      0.99999998E+31      0.99999998E+31      0.99999998E+31      0.99999998E+31      0.99999998E+31      0.99999998E+31      0.99999998E+31      0.99999998E+31      0.99999998E+31      0.99999998E+31
      0.99999998E+31      0.99999998E+31      0.99999998E+31      0.99999998E+31      0.99999998E+31      0.99999998E+31      0.99999998E+31      0.99999998E+31      0.99999998E+31      0.99999998E+31
      0.99999998E+31      0.99999998E+31      0.99999998E+31      0.99999998E+31      0.99999998E+31      0.99999998E+31      0.99999998E+31      0.99999998E+31      0.99999998E+31      0.99999998E+31
      0.99999998E+31      0.99999998E+31      0.99999998E+31      0.99999998E+31      0.99999998E+31      0.99999998E+31      0.99999998E+31      0.99999998E+31      0.99999998E+31      0.99999998E+31
      0.99999998E+31      0.99999998E+31      0.99999998E+31      0.99999998E+31       1048.7806           1048.7856           1048.9658           1049.2961           1049.6573           1050.8036    
       1052.5143           1054.4027           1056.2808           1058.1803           1060.0630           1061.9408           1063.8986           1066.0144           1068.4084           1071.1562    
       1074.3383           1077.9006           1081.3002           1085.1177           1089.5920           1094.6650           1100.1283           1105.9688           1111.9291           1118.0782    
       1124.5278           1131.9640           1138.4053           1144.0076           1149.7393           1155.9436           1162.5198           1169.2628           1175.9412           1182.1487    
       1187.6278           1192.2169           1196.0834           1199.1896           1202.3993           1205.9812           1209.9722           1214.4800           1218.9832           1223.1897    
       1226.7782           1229.9761           1233.1187           1236.1047           1238.5852           1241.0913           1243.7482           1245.8375          0.99999998E+31      0.99999998E+31
      0.99999998E+31      0.99999998E+31      0.99999998E+31      0.99999998E+31      0.99999998E+31      0.99999998E+31      0.99999998E+31      0.99999998E+31      0.99999998E+31      0.99999998E+31
      0.99999998E+31      0.99999998E+31      0.99999998E+31      0.99999998E+31      0.99999998E+31      0.99999998E+31      0.99999998E+31      0.99999998E+31      0.99999998E+31      0.99999998E+31
      0.99999998E+31       1190.3268           1190.9381           1190.0486           1192.0215           1192.3795           1193.3210           1193.9523           1194.6515           1196.1216    
       1199.2650           1200.2881           1201.6945           1202.5962           1201.5105           1202.1289           1202.7660           1203.3174           1203.6843          0.99999998E+31
      0.99999998E+31      0.99999998E+31      0.99999998E+31      0.99999998E+31      0.99999998E+31      0.99999998E+31      0.99999998E+31      0.99999998E+31      0.99999998E+31      0.99999998E+31
      0.99999998E+31      0.99999998E+31
      0.99999998E+31      0.99999998E+31      0.99999998E+31      0.99999998E+31      0.99999998E+31      0.99999998E+31      0.99999998E+31      0.99999998E+31      0.99999998E+31      0.99999998E+31
      0.99999998E+31      0.99999998E+31      0.99999998E+31      0.99999998E+31      0.99999998E+31      0.99999998E+31      0.99999998E+31      0.99999998E+31      0.99999998E+31      0.99999998E+31
      0.99999998E+31      0.99999998E+31      0.99999998E+31      0.99999998E+31      0.99999998E+31      0.99999998E+31      0.99999998E+31      0.99999998E+31      0.99999998E+31      0.99999998E+31
      0.99999998E+31      0.99999998E+31      0.99999998E+31      0.99999998E+31      0.99999998E+31      0.99999998E+31      0.99999998E+31      0.99999998E+31      0.99999998E+31      0.99999998E+31
      0.99999998E+31      0.99999998E+31      0.99999998E+31      0.99999998E+31      0.99999998E+31      0.99999998E+31      0.99999998E+31      0.99999998E+31      0.99999998E+31      0.99999998E+31
      0.99999998E+31      0.99999998E+31      0.99999998E+31      0.99999998E+31      0.99999998E+31      0.99999998E+31      0.99999998E+31      0.99999998E+31      0.99999998E+31      0.99999998E+31
      0.99999998E+31      0.99999998E+31      0.99999998E+31      0.99999998E+31      0.99999998E+31      0.99999998E+31      0.99999998E+31      0.99999998E+31      0.99999998E+31      0.99999998E+31
      0.99999998E+31      0.99999998E+31      0.99999998E+31      0.99999998E+31      0.99999998E+31      0.99999998E+31      0.99999998E+31      0.99999998E+31      0.99999998E+31      0.99999998E+31
      0.99999998E+31      0.99999998E+31      0.99999998E+31      0.99999998E+31      0.99999998E+31      0.99999998E+31      0.99999998E+31      0.99999998E+31      0.99999998E+31      0.99999998E+31
      0.99999998E+31      0.99999998E+31      0.99999998E+31      0.99999998E+31      0.99999998E+31      0.99999998E+31      0.99999998E+31      0.99999998E+31      0.99999998E+31      0.99999998E+31
      0.99999998E+31      0.99999998E+31      0.99999998E+31      0.99999998E+31      0.99999998E+31      0.99999998E+31      0.99999998E+31      0.99999998E+31      0.99999998E+31      0.99999998E+31
      0.99999998E+31      0.99999998E+31      0.99999998E+31      0.99999998E+31      0.99999998E+31      0.99999998E+31      0.99999998E+31      0.99999998E+31      0.99999998E+31      0.99999998E+31
      0.99999998E+31      0.99999998E+31      0.99999998E+31      0.99999998E+31      0.99999998E+31      0.99999998E+31      0.99999998E+31      0.99999998E+31      0.99999998E+31      0.99999998E+31
      0.99999998E+31      0.99999998E+31      0.99999998E+31      0.99999998E+31      0.99999998E+31      0.99999998E+31      0.99999998E+31      0.99999998E+31      0.99999998E+31      0.99999998E+31
      0.99999998E+31       1135.6609           1140.5109           1145.4409           1150.8650           1156.5608           1163.2292           1169.6654           1177.2524           1184.3076    
       1190.5167           1195.3850           1198.7922           1200.5592           1205.6000           1208.7531           1212.2341           1217.3474           1221.8881           1225.7686    
       1228.9314           1232.0070           1235.0197           1237.7668           1240.2306           1242.0092           1245.0408           1247.6051           1249.8578           1251.5198    
       1252.4197           1252.6598          0.99999998E+31      0.99999998E+31      0.99999998E+31      0.99999998E+31      0.99999998E+31      0.99999998E+31      0.99999998E+31      0.99999998E+31
      0.99999998E+31      0.99999998E+31      0.99999998E+31      0.99999998E+31      0.99999998E+31      0.99999998E+31      0.99999998E+31      0.99999998E+31      0.99999998E+31      0.99999998E+31
      0.99999998E+31       1193.0186           1196.4779           1191.5686           1192.4908           1193.0197           1193.7347           1195.0148           1197.1219           1199.1475    
       1201.0371           1203.3694           1202.7565           1202.9519           1203.3020           1203.5988           1203.8895           1204.1852           1204.3816          0.99999998E+31
      0.99999998E+31      0.99999998E+31      0.99999998E+31      0.99999998E+31      0.99999998E+31      0.99999998E+31      0.99999998E+31      0.99999998E+31      0.99999998E+31      0.99999998E+31
      0.99999998E+31      0.99999998E+31
      0.99999998E+31      0.99999998E+31      0.99999998E+31      0.99999998E+31      0.99999998E+31      0.99999998E+31      0.99999998E+31      0.99999998E+31      0.99999998E+31      0.99999998E+31
      0.99999998E+31      0.99999998E+31      0.99999998E+31      0.99999998E+31      0.99999998E+31      0.99999998E+31      0.99999998E+31      0.99999998E+31      0.99999998E+31      0.99999998E+31
      0.99999998E+31      0.99999998E+31      0.99999998E+31      0.99999998E+31      0.99999998E+31      0.99999998E+31      0.99999998E+31      0.99999998E+31      0.99999998E+31      0.99999998E+31
      0.99999998E+31      0.99999998E+31      0.99999998E+31      0.99999998E+31      0.99999998E+31      0.99999998E+31      0.99999998E+31      0.99999998E+31      0.99999998E+31      0.99999998E+31
      0.99999998E+31      0.99999998E+31      0.99999998E+31      0.99999998E+31      0.99999998E+31      0.99999998E+31      0.99999998E+31      0.99999998E+31      0.99999998E+31      0.99999998E+31
      0.99999998E+31      0.99999998E+31      0.99999998E+31      0.99999998E+31      0.99999998E+31      0.99999998E+31      0.99999998E+31      0.99999998E+31      0.99999998E+31      0.99999998E+31
      0.99999998E+31      0.99999998E+31      0.99999998E+31      0.99999998E+31      0.99999998E+31      0.99999998E+31      0.99999998E+31      0.99999998E+31      0.99999998E+31      0.99999998E+31
      0.99999998E+31      0.99999998E+31      0.99999998E+31      0.99999998E+31      0.99999998E+31      0.99999998E+31      0.99999998E+31      0.99999998E+31      0.99999998E+31      0.99999998E+31
      0.99999998E+31      0.99999998E+31      0.99999998E+31      0.99999998E+31      0.99999998E+31      0.99999998E+31      0.99999998E+31      0.99999998E+31      0.99999998E+31      0.99999998E+31
      0.99999998E+31      0.99999998E+31      0.99999998E+31      0.99999998E+31      0.99999998E+31      0.99999998E+31      0.99999998E+31      0.99999998E+31      0.99999998E+31      0.99999998E+31
      0.99999998E+31      0.99999998E+31      0.99999998E+31      0.99999998E+31      0.99999998E+31      0.99999998E+31      0.99999998E+31      0.99999998E+31      0.99999998E+31      0.99999998E+31
      0.99999998E+31      0.99999998E+31      0.99999998E+31      0.99999998E+31      0.99999998E+31      0.99999998E+31      0.99999998E+31      0.99999998E+31      0.99999998E+31      0.99999998E+31
      0.99999998E+31      0.99999998E+31      0.99999998E+31      0.99999998E+31      0.99999998E+31      0.99999998E+31      0.99999998E+31      0.99999998E+31      0.99999998E+31      0.99999998E+31
      0.99999998E+31      0.99999998E+31      0.99999998E+31      0.99999998E+31      0.99999998E+31      0.99999998E+31      0.99999998E+31      0.99999998E+31      0.99999998E+31      0.99999998E+31
      0.99999998E+31       1137.2283           1141.0875           1145.8147           1151.2715           1157.4261           1163.8510           1170.3447           1178.6095           1188.1766    
       1195.9576           1201.1969           1204.8214           1207.8601           1212.7986           1214.8035           1218.0581           1222.4960           1225.6599           1228.1949    
       1230.0659           1233.2106           1236.6973           1239.2026           1241.6554           1243.8971           1246.2969           1248.5376           1250.3945           1251.8318    
       1252.8547           1253.6001           1253.7886           1254.1111           1254.7338           1255.3392           1255.7416          0.99999998E+31      0.99999998E+31      0.99999998E+31
      0.99999998E+31      0.99999998E+31      0.99999998E+31      0.99999998E+31      0.99999998E+31      0.99999998E+31      0.99999998E+31      0.99999998E+31      0.99999998E+31      0.99999998E+31
      0.99999998E+31      0.99999998E+31       1196.8506           1191.7953           1191.3390           1191.5697           1192.3602           1193.7856           1198.7762           1201.7394    
       1203.8934           1206.8378           1206.2772           1206.3196           1205.8190           1205.6093           1205.4612           1205.4324           1205.4515          0.99999998E+31
      0.99999998E+31      0.99999998E+31      0.99999998E+31      0.99999998E+31      0.99999998E+31      0.99999998E+31      0.99999998E+31      0.99999998E+31      0.99999998E+31      0.99999998E+31
      0.99999998E+31      0.99999998E+31
      0.99999998E+31      0.99999998E+31      0.99999998E+31      0.99999998E+31      0.99999998E+31      0.99999998E+31      0.99999998E+31      0.99999998E+31      0.99999998E+31      0.99999998E+31
      0.99999998E+31      0.99999998E+31      0.99999998E+31      0.99999998E+31      0.99999998E+31      0.99999998E+31      0.99999998E+31      0.99999998E+31      0.99999998E+31      0.99999998E+31
      0.99999998E+31      0.99999998E+31      0.99999998E+31      0.99999998E+31      0.99999998E+31      0.99999998E+31      0.99999998E+31      0.99999998E+31      0.99999998E+31      0.99999998E+31
      0.99999998E+31      0.99999998E+31      0.99999998E+31      0.99999998E+31      0.99999998E+31      0.99999998E+31      0.99999998E+31      0.99999998E+31      0.99999998E+31      0.99999998E+31
      0.99999998E+31      0.99999998E+31      0.99999998E+31      0.99999998E+31      0.99999998E+31      0.99999998E+31      0.99999998E+31      0.99999998E+31      0.99999998E+31      0.99999998E+31
      0.99999998E+31      0.99999998E+31      0.99999998E+31      0.99999998E+31      0.99999998E+31      0.99999998E+31      0.99999998E+31      0.99999998E+31      0.99999998E+31      0.99999998E+31
      0.99999998E+31      0.99999998E+31      0.99999998E+31      0.99999998E+31      0.99999998E+31      0.99999998E+31      0.99999998E+31      0.99999998E+31      0.99999998E+31      0.99999998E+31
      0.99999998E+31      0.99999998E+31      0.99999998E+31      0.99999998E+31      0.99999998E+31      0.99999998E+31      0.99999998E+31      0.99999998E+31      0.99999998E+31      0.99999998E+31
      0.99999998E+31      0.99999998E+31      0.99999998E+31      0.99999998E+31      0.99999998E+31      0.99999998E+31      0.99999998E+31      0.99999998E+31      0.99999998E+31      0.99999998E+31
      0.99999998E+31      0.99999998E+31      0.99999998E+31      0.99999998E+31      0.99999998E+31      0.99999998E+31      0.99999998E+31      0.99999998E+31      0.99999998E+31      0.99999998E+31
      0.99999998E+31      0.99999998E+31      0.99999998E+31      0.99999998E+31      0.99999998E+31      0.99999998E+31      0.99999998E+31      0.99999998E+31      0.99999998E+31      0.99999998E+31
      0.99999998E+31      0.99999998E+31      0.99999998E+31      0.99999998E+31      0.99999998E+31      0.99999998E+31      0.99999998E+31      0.99999998E+31      0.99999998E+31      0.99999998E+31
      0.99999998E+31      0.99999998E+31      0.99999998E+31      0.99999998E+31      0.99999998E+31      0.99999998E+31      0.99999998E+31      0.99999998E+31      0.99999998E+31      0.99999998E+31
      0.99999998E+31      0.99999998E+31      0.99999998E+31      0.99999998E+31      0.99999998E+31      0.99999998E+31      0.99999998E+31      0.99999998E+31      0.99999998E+31      0.99999998E+31
      0.99999998E+31       1137.9595           1141.4897           1146.0048           1150.9216           1157.5558           1164.5975           1172.1273           1181.9365           1195.3085    
       1204.1094           1209.9147           1213.3984           1216.1855           1220.9161           1224.1871           1227.2147           1230.0577           1231.3247           1233.3274    
       1235.0364           1236.4832           1238.1912           1239.9492           1242.5015           1244.8099           1246.8300           1248.8425           1250.4724           1251.8170    
       1252.7753           1253.4834           1253.6914           1254.2429           1254.8636           1255.5562           1256.1545          0.99999998E+31      0.99999998E+31      0.99999998E+31
      0.99999998E+31      0.99999998E+31      0.99999998E+31      0.99999998E+31      0.99999998E+31      0.99999998E+31      0.99999998E+31      0.99999998E+31      0.99999998E+31      0.99999998E+31
      0.99999998E+31      0.99999998E+31       1191.8510           1191.3771           1191.2100           1191.5114           1192.6559           1197.6005           1208.3391           1209.7417    
       1210.5769           1212.6925           1212.9712           1211.5453           1210.4214           1208.8311           1207.9636           1207.5385           1207.4110          0.99999998E+31
      0.99999998E+31      0.99999998E+31      0.99999998E+31      0.99999998E+31      0.99999998E+31      0.99999998E+31      0.99999998E+31      0.99999998E+31      0.99999998E+31      0.99999998E+31
      0.99999998E+31      0.99999998E+31
      0.99999998E+31      0.99999998E+31      0.99999998E+31      0.99999998E+31      0.99999998E+31      0.99999998E+31      0.99999998E+31      0.99999998E+31      0.99999998E+31      0.99999998E+31
      0.99999998E+31      0.99999998E+31      0.99999998E+31      0.99999998E+31      0.99999998E+31      0.99999998E+31      0.99999998E+31      0.99999998E+31      0.99999998E+31      0.99999998E+31
      0.99999998E+31      0.99999998E+31      0.99999998E+31      0.99999998E+31      0.99999998E+31      0.99999998E+31      0.99999998E+31      0.99999998E+31      0.99999998E+31      0.99999998E+31
      0.99999998E+31      0.99999998E+31      0.99999998E+31      0.99999998E+31      0.99999998E+31      0.99999998E+31      0.99999998E+31      0.99999998E+31      0.99999998E+31      0.99999998E+31
      0.99999998E+31      0.99999998E+31      0.99999998E+31      0.99999998E+31      0.99999998E+31      0.99999998E+31      0.99999998E+31      0.99999998E+31      0.99999998E+31      0.99999998E+31
      0.99999998E+31      0.99999998E+31      0.99999998E+31      0.99999998E+31      0.99999998E+31      0.99999998E+31      0.99999998E+31      0.99999998E+31      0.99999998E+31      0.99999998E+31
      0.99999998E+31      0.99999998E+31      0.99999998E+31      0.99999998E+31      0.99999998E+31      0.99999998E+31      0.99999998E+31      0.99999998E+31      0.99999998E+31      0.99999998E+31
      0.99999998E+31      0.99999998E+31      0.99999998E+31      0.99999998E+31      0.99999998E+31      0.99999998E+31      0.99999998E+31      0.99999998E+31      0.99999998E+31      0.99999998E+31
      0.99999998E+31      0.99999998E+31      0.99999998E+31      0.99999998E+31      0.99999998E+31      0.99999998E+31      0.99999998E+31      0.99999998E+31      0.99999998E+31      0.99999998E+31
      0.99999998E+31      0.99999998E+31      0.99999998E+31      0.99999998E+31      0.99999998E+31      0.99999998E+31      0.99999998E+31      0.99999998E+31      0.99999998E+31      0.99999998E+31
      0.99999998E+31      0.99999998E+31      0.99999998E+31      0.99999998E+31      0.99999998E+31      0.99999998E+31      0.99999998E+31      0.99999998E+31      0.99999998E+31      0.99999998E+31
      0.99999998E+31      0.99999998E+31      0.99999998E+31      0.99999998E+31      0.99999998E+31      0.99999998E+31      0.99999998E+31      0.99999998E+31      0.99999998E+31      0.99999998E+31
      0.99999998E+31      0.99999998E+31      0.99999998E+31      0.99999998E+31      0.99999998E+31      0.99999998E+31      0.99999998E+31      0.99999998E+31      0.99999998E+31      0.99999998E+31
      0.99999998E+31      0.99999998E+31      0.99999998E+31      0.99999998E+31      0.99999998E+31      0.99999998E+31      0.99999998E+31      0.99999998E+31      0.99999998E+31      0.99999998E+31
      0.99999998E+31      0.99999998E+31      0.99999998E+31      0.99999998E+31      0.99999998E+31      0.99999998E+31      0.99999998E+31      0.99999998E+31      0.99999998E+31       1207.0575    
       1211.6353           1216.9231           1220.9775           1224.5214           1227.9426           1231.6322           1234.1885           1237.2377           1239.1941           1240.6675    
       1241.3188           1240.4578           1240.7325           1242.0144           1243.7628           1245.5956           1246.4417           1248.5527           1249.7679           1251.0596    
       1251.7733           1252.3890           1253.0427           1253.9666           1255.0170           1255.9388           1256.6863          0.99999998E+31      0.99999998E+31      0.99999998E+31
      0.99999998E+31      0.99999998E+31      0.99999998E+31      0.99999998E+31      0.99999998E+31      0.99999998E+31      0.99999998E+31      0.99999998E+31      0.99999998E+31      0.99999998E+31
      0.99999998E+31      0.99999998E+31      0.99999998E+31      0.99999998E+31      0.99999998E+31      0.99999998E+31      0.99999998E+31      0.99999998E+31      0.99999998E+31      0.99999998E+31
      0.99999998E+31      0.99999998E+31      0.99999998E+31      0.99999998E+31      0.99999998E+31      0.99999998E+31      0.99999998E+31      0.99999998E+31      0.99999998E+31      0.99999998E+31
      0.99999998E+31      0.99999998E+31      0.99999998E+31      0.99999998E+31      0.99999998E+31      0.99999998E+31      0.99999998E+31      0.99999998E+31      0.99999998E+31      0.99999998E+31
      0.99999998E+31      0.99999998E+31
      0.99999998E+31      0.99999998E+31      0.99999998E+31      0.99999998E+31      0.99999998E+31      0.99999998E+31      0.99999998E+31      0.99999998E+31      0.99999998E+31      0.99999998E+31
      0.99999998E+31      0.99999998E+31      0.99999998E+31      0.99999998E+31      0.99999998E+31      0.99999998E+31      0.99999998E+31      0.99999998E+31      0.99999998E+31      0.99999998E+31
      0.99999998E+31      0.99999998E+31      0.99999998E+31      0.99999998E+31      0.99999998E+31      0.99999998E+31      0.99999998E+31      0.99999998E+31      0.99999998E+31      0.99999998E+31
      0.99999998E+31      0.99999998E+31      0.99999998E+31      0.99999998E+31      0.99999998E+31      0.99999998E+31      0.99999998E+31      0.99999998E+31      0.99999998E+31      0.99999998E+31
      0.99999998E+31      0.99999998E+31      0.99999998E+31      0.99999998E+31      0.99999998E+31      0.99999998E+31      0.99999998E+31      0.99999998E+31      0.99999998E+31      0.99999998E+31
      0.99999998E+31      0.99999998E+31      0.99999998E+31      0.99999998E+31      0.99999998E+31      0.99999998E+31      0.99999998E+31      0.99999998E+31      0.99999998E+31      0.99999998E+31
      0.99999998E+31      0.99999998E+31      0.99999998E+31      0.99999998E+31      0.99999998E+31      0.99999998E+31      0.99999998E+31      0.99999998E+31      0.99999998E+31      0.99999998E+31
      0.99999998E+31      0.99999998E+31      0.99999998E+31      0.99999998E+31      0.99999998E+31      0.99999998E+31      0.99999998E+31      0.99999998E+31      0.99999998E+31      0.99999998E+31
      0.99999998E+31      0.99999998E+31      0.99999998E+31      0.99999998E+31      0.99999998E+31      0.99999998E+31      0.99999998E+31      0.99999998E+31      0.99999998E+31      0.99999998E+31
      0.99999998E+31      0.99999998E+31      0.99999998E+31      0.99999998E+31      0.99999998E+31      0.99999998E+31      0.99999998E+31      0.99999998E+31      0.99999998E+31      0.99999998E+31
      0.99999998E+31      0.99999998E+31      0.99999998E+31      0.99999998E+31      0.99999998E+31      0.99999998E+31      0.99999998E+31      0.99999998E+31      0.99999998E+31      0.99999998E+31
      0.99999998E+31      0.99999998E+31      0.99999998E+31      0.99999998E+31      0.99999998E+31      0.99999998E+31      0.99999998E+31      0.99999998E+31      0.99999998E+31      0.99999998E+31
      0.99999998E+31      0.99999998E+31      0.99999998E+31      0.99999998E+31      0.99999998E+31      0.99999998E+31      0.99999998E+31      0.99999998E+31      0.99999998E+31      0.99999998E+31
      0.99999998E+31      0.99999998E+31      0.99999998E+31      0.99999998E+31      0.99999998E+31      0.99999998E+31      0.99999998E+31      0.99999998E+31      0.99999998E+31      0.99999998E+31
      0.99999998E+31      0.99999998E+31      0.99999998E+31      0.99999998E+31      0.99999998E+31      0.99999998E+31      0.99999998E+31      0.99999998E+31      0.99999998E+31       1215.2130    
       1218.5614           1222.5598           1226.2056           1229.8660           1233.2776           1236.4143           1239.4044           1242.3521           1244.7258           1246.1730    
       1246.6005           1245.1772           1243.7628           1244.0573           1245.2305           1246.5710           1247.4530           1248.0845           1247.7871           1249.5111    
       1249.7050           1249.8981           1251.9946           1253.5320           1254.9316           1256.2214           1257.3926           1259.2649          0.99999998E+31      0.99999998E+31
      0.99999998E+31      0.99999998E+31      0.99999998E+31      0.99999998E+31      0.99999998E+31      0.99999998E+31      0.99999998E+31      0.99999998E+31      0.99999998E+31      0.99999998E+31
      0.99999998E+31      0.99999998E+31      0.99999998E+31      0.99999998E+31      0.99999998E+31      0.99999998E+31      0.99999998E+31      0.99999998E+31      0.99999998E+31      0.99999998E+31
      0.99999998E+31      0.99999998E+31      0.99999998E+31      0.99999998E+31      0.99999998E+31      0.99999998E+31      0.99999998E+31      0.99999998E+31      0.99999998E+31      0.99999998E+31
      0.99999998E+31      0.99999998E+31      0.99999998E+31      0.99999998E+31      0.99999998E+31      0.99999998E+31      0.99999998E+31      0.99999998E+31      0.99999998E+31      0.99999998E+31
      0.99999998E+31      0.99999998E+31
      0.99999998E+31      0.99999998E+31      0.99999998E+31      0.99999998E+31      0.99999998E+31      0.99999998E+31      0.99999998E+31      0.99999998E+31      0.99999998E+31      0.99999998E+31
      0.99999998E+31      0.99999998E+31      0.99999998E+31      0.99999998E+31      0.99999998E+31      0.99999998E+31      0.99999998E+31      0.99999998E+31      0.99999998E+31      0.99999998E+31
      0.99999998E+31      0.99999998E+31      0.99999998E+31      0.99999998E+31      0.99999998E+31      0.99999998E+31      0.99999998E+31      0.99999998E+31      0.99999998E+31      0.99999998E+31
      0.99999998E+31      0.99999998E+31      0.99999998E+31      0.99999998E+31      0.99999998E+31      0.99999998E+31      0.99999998E+31      0.99999998E+31      0.99999998E+31      0.99999998E+31
      0.99999998E+31      0.99999998E+31      0.99999998E+31      0.99999998E+31      0.99999998E+31      0.99999998E+31      0.99999998E+31      0.99999998E+31      0.99999998E+31      0.99999998E+31
      0.99999998E+31      0.99999998E+31      0.99999998E+31      0.99999998E+31      0.99999998E+31      0.99999998E+31      0.99999998E+31      0.99999998E+31      0.99999998E+31      0.99999998E+31
      0.99999998E+31      0.99999998E+31      0.99999998E+31      0.99999998E+31      0.99999998E+31      0.99999998E+31      0.99999998E+31      0.99999998E+31      0.99999998E+31      0.99999998E+31
      0.99999998E+31      0.99999998E+31      0.99999998E+31      0.99999998E+31      0.99999998E+31      0.99999998E+31      0.99999998E+31      0.99999998E+31      0.99999998E+31      0.99999998E+31
      0.99999998E+31      0.99999998E+31      0.99999998E+31      0.99999998E+31      0.99999998E+31      0.99999998E+31      0.99999998E+31      0.99999998E+31      0.99999998E+31      0.99999998E+31
      0.99999998E+31      0.99999998E+31      0.99999998E+31      0.99999998E+31      0.99999998E+31      0.99999998E+31      0.99999998E+31      0.99999998E+31      0.99999998E+31      0.99999998E+31
      0.99999998E+31      0.99999998E+31      0.99999998E+31      0.99999998E+31      0.99999998E+31      0.99999998E+31      0.99999998E+31      0.99999998E+31      0.99999998E+31      0.99999998E+31
      0.99999998E+31      0.99999998E+31      0.99999998E+31      0.99999998E+31      0.99999998E+31      0.99999998E+31      0.99999998E+31      0.99999998E+31      0.99999998E+31      0.99999998E+31
      0.99999998E+31      0.99999998E+31      0.99999998E+31      0.99999998E+31      0.99999998E+31      0.99999998E+31      0.99999998E+31      0.99999998E+31      0.99999998E+31      0.99999998E+31
      0.99999998E+31      0.99999998E+31      0.99999998E+31      0.99999998E+31      0.99999998E+31      0.99999998E+31      0.99999998E+31      0.99999998E+31      0.99999998E+31      0.99999998E+31
      0.99999998E+31      0.99999998E+31      0.99999998E+31      0.99999998E+31      0.99999998E+31      0.99999998E+31      0.99999998E+31      0.99999998E+31      0.99999998E+31       1219.9757    
       1222.4810           1225.5007           1228.0597           1231.0035           1234.2251           1237.2373           1240.4152           1243.5048           1246.5883           1248.7490    
       1249.6989           1248.9927           1247.5420           1248.0796           1248.6715           1248.9629           1248.4348           1248.5278           1248.6332           1249.2653    
       1249.6082           1250.0370           1251.4268           1253.1818           1254.8328           1256.3069           1257.6431           1259.0836          0.99999998E+31      0.99999998E+31
      0.99999998E+31      0.99999998E+31      0.99999998E+31      0.99999998E+31      0.99999998E+31      0.99999998E+31      0.99999998E+31      0.99999998E+31      0.99999998E+31      0.99999998E+31
      0.99999998E+31      0.99999998E+31      0.99999998E+31      0.99999998E+31      0.99999998E+31      0.99999998E+31      0.99999998E+31      0.99999998E+31      0.99999998E+31      0.99999998E+31
      0.99999998E+31      0.99999998E+31      0.99999998E+31      0.99999998E+31      0.99999998E+31      0.99999998E+31      0.99999998E+31      0.99999998E+31      0.99999998E+31      0.99999998E+31
      0.99999998E+31      0.99999998E+31      0.99999998E+31      0.99999998E+31      0.99999998E+31      0.99999998E+31      0.99999998E+31      0.99999998E+31      0.99999998E+31      0.99999998E+31
      0.99999998E+31      0.99999998E+31
      0.99999998E+31      0.99999998E+31      0.99999998E+31      0.99999998E+31      0.99999998E+31      0.99999998E+31      0.99999998E+31      0.99999998E+31      0.99999998E+31      0.99999998E+31
      0.99999998E+31      0.99999998E+31      0.99999998E+31      0.99999998E+31      0.99999998E+31      0.99999998E+31      0.99999998E+31      0.99999998E+31      0.99999998E+31      0.99999998E+31
      0.99999998E+31      0.99999998E+31      0.99999998E+31      0.99999998E+31      0.99999998E+31      0.99999998E+31      0.99999998E+31      0.99999998E+31      0.99999998E+31      0.99999998E+31
      0.99999998E+31      0.99999998E+31      0.99999998E+31      0.99999998E+31      0.99999998E+31      0.99999998E+31      0.99999998E+31      0.99999998E+31      0.99999998E+31      0.99999998E+31
      0.99999998E+31      0.99999998E+31      0.99999998E+31      0.99999998E+31      0.99999998E+31      0.99999998E+31      0.99999998E+31      0.99999998E+31      0.99999998E+31      0.99999998E+31
      0.99999998E+31      0.99999998E+31      0.99999998E+31      0.99999998E+31      0.99999998E+31      0.99999998E+31      0.99999998E+31      0.99999998E+31      0.99999998E+31      0.99999998E+31
      0.99999998E+31      0.99999998E+31      0.99999998E+31      0.99999998E+31      0.99999998E+31      0.99999998E+31      0.99999998E+31      0.99999998E+31      0.99999998E+31      0.99999998E+31
      0.99999998E+31      0.99999998E+31      0.99999998E+31      0.99999998E+31      0.99999998E+31      0.99999998E+31      0.99999998E+31      0.99999998E+31      0.99999998E+31      0.99999998E+31
      0.99999998E+31      0.99999998E+31      0.99999998E+31      0.99999998E+31      0.99999998E+31      0.99999998E+31      0.99999998E+31      0.99999998E+31      0.99999998E+31      0.99999998E+31
      0.99999998E+31      0.99999998E+31      0.99999998E+31      0.99999998E+31      0.99999998E+31      0.99999998E+31      0.99999998E+31      0.99999998E+31      0.99999998E+31      0.99999998E+31
      0.99999998E+31      0.99999998E+31      0.99999998E+31      0.99999998E+31      0.99999998E+31      0.99999998E+31      0.99999998E+31      0.99999998E+31      0.99999998E+31      0.99999998E+31
      0.99999998E+31      0.99999998E+31      0.99999998E+31      0.99999998E+31      0.99999998E+31      0.99999998E+31      0.99999998E+31      0.99999998E+31      0.99999998E+31      0.99999998E+31
      0.99999998E+31      0.99999998E+31      0.99999998E+31      0.99999998E+31      0.99999998E+31      0.99999998E+31      0.99999998E+31      0.99999998E+31      0.99999998E+31      0.99999998E+31
      0.99999998E+31      0.99999998E+31      0.99999998E+31      0.99999998E+31      0.99999998E+31      0.99999998E+31      0.99999998E+31      0.99999998E+31      0.99999998E+31      0.99999998E+31
      0.99999998E+31      0.99999998E+31      0.99999998E+31      0.99999998E+31      0.99999998E+31      0.99999998E+31      0.99999998E+31      0.99999998E+31      0.99999998E+31       1221.9690    
       1223.5972           1225.7687           1227.9944           1230.7079           1233.9659           1237.0450           1239.9738           1242.0652           1245.8402           1248.5530    
       1250.2140           1250.5082           1250.2494           1250.8099           1251.1605           1251.0902           1250.3549           1249.6637           1249.1986           1249.3928    
       1249.4216           1249.2133           1250.4791           1252.8805           1254.8770           1256.5140           1257.7753           1258.9062          0.99999998E+31      0.99999998E+31
      0.99999998E+31      0.99999998E+31      0.99999998E+31      0.99999998E+31      0.99999998E+31      0.99999998E+31      0.99999998E+31      0.99999998E+31      0.99999998E+31      0.99999998E+31
      0.99999998E+31      0.99999998E+31      0.99999998E+31      0.99999998E+31      0.99999998E+31      0.99999998E+31      0.99999998E+31      0.99999998E+31      0.99999998E+31      0.99999998E+31
      0.99999998E+31      0.99999998E+31      0.99999998E+31      0.99999998E+31      0.99999998E+31      0.99999998E+31      0.99999998E+31      0.99999998E+31      0.99999998E+31      0.99999998E+31
      0.99999998E+31      0.99999998E+31      0.99999998E+31      0.99999998E+31      0.99999998E+31      0.99999998E+31      0.99999998E+31      0.99999998E+31      0.99999998E+31      0.99999998E+31
      0.99999998E+31      0.99999998E+31
      0.99999998E+31      0.99999998E+31      0.99999998E+31      0.99999998E+31      0.99999998E+31      0.99999998E+31      0.99999998E+31      0.99999998E+31      0.99999998E+31      0.99999998E+31
      0.99999998E+31      0.99999998E+31      0.99999998E+31      0.99999998E+31      0.99999998E+31      0.99999998E+31      0.99999998E+31      0.99999998E+31      0.99999998E+31      0.99999998E+31
      0.99999998E+31      0.99999998E+31      0.99999998E+31      0.99999998E+31      0.99999998E+31      0.99999998E+31      0.99999998E+31      0.99999998E+31      0.99999998E+31      0.99999998E+31
      0.99999998E+31      0.99999998E+31      0.99999998E+31      0.99999998E+31      0.99999998E+31      0.99999998E+31      0.99999998E+31      0.99999998E+31      0.99999998E+31      0.99999998E+31
      0.99999998E+31      0.99999998E+31      0.99999998E+31      0.99999998E+31      0.99999998E+31      0.99999998E+31      0.99999998E+31      0.99999998E+31      0.99999998E+31      0.99999998E+31
      0.99999998E+31      0.99999998E+31      0.99999998E+31      0.99999998E+31      0.99999998E+31      0.99999998E+31      0.99999998E+31      0.99999998E+31      0.99999998E+31      0.99999998E+31
      0.99999998E+31      0.99999998E+31      0.99999998E+31      0.99999998E+31      0.99999998E+31      0.99999998E+31      0.99999998E+31      0.99999998E+31      0.99999998E+31      0.99999998E+31
      0.99999998E+31      0.99999998E+31      0.99999998E+31      0.99999998E+31      0.99999998E+31      0.99999998E+31      0.99999998E+31      0.99999998E+31      0.99999998E+31      0.99999998E+31
      0.99999998E+31      0.99999998E+31      0.99999998E+31      0.99999998E+31      0.99999998E+31      0.99999998E+31      0.99999998E+31      0.99999998E+31      0.99999998E+31      0.99999998E+31
      0.99999998E+31      0.99999998E+31      0.99999998E+31      0.99999998E+31      0.99999998E+31      0.99999998E+31      0.99999998E+31      0.99999998E+31      0.99999998E+31      0.99999998E+31
      0.99999998E+31      0.99999998E+31      0.99999998E+31      0.99999998E+31      0.99999998E+31      0.99999998E+31      0.99999998E+31      0.99999998E+31      0.99999998E+31      0.99999998E+31
      0.99999998E+31      0.99999998E+31      0.99999998E+31      0.99999998E+31      0.99999998E+31      0.99999998E+31      0.99999998E+31      0.99999998E+31      0.99999998E+31      0.99999998E+31
      0.99999998E+31      0.99999998E+31      0.99999998E+31      0.99999998E+31      0.99999998E+31      0.99999998E+31      0.99999998E+31      0.99999998E+31      0.99999998E+31      0.99999998E+31
      0.99999998E+31      0.99999998E+31      0.99999998E+31      0.99999998E+31      0.99999998E+31      0.99999998E+31      0.99999998E+31      0.99999998E+31      0.99999998E+31      0.99999998E+31
      0.99999998E+31      0.99999998E+31      0.99999998E+31      0.99999998E+31      0.99999998E+31      0.99999998E+31      0.99999998E+31      0.99999998E+31      0.99999998E+31       1222.7821    
       1223.8224           1225.6184           1227.6699           1229.9301           1233.3147           1236.6752           1239.7816           1242.5969           1245.5513           1248.1542    
       1249.9166           1250.7372           1250.9082           1251.5092           1251.9376           1252.0725           1251.5955           1250.5112           1249.8304           1249.6842    
       1249.5940           1249.7610           1250.0055           1253.1141           1255.5671           1257.2952           1258.4645           1260.1119          0.99999998E+31      0.99999998E+31
      0.99999998E+31      0.99999998E+31      0.99999998E+31      0.99999998E+31      0.99999998E+31      0.99999998E+31      0.99999998E+31      0.99999998E+31      0.99999998E+31      0.99999998E+31
      0.99999998E+31      0.99999998E+31      0.99999998E+31      0.99999998E+31      0.99999998E+31      0.99999998E+31      0.99999998E+31      0.99999998E+31      0.99999998E+31      0.99999998E+31
      0.99999998E+31      0.99999998E+31      0.99999998E+31      0.99999998E+31      0.99999998E+31      0.99999998E+31      0.99999998E+31      0.99999998E+31      0.99999998E+31      0.99999998E+31
      0.99999998E+31      0.99999998E+31      0.99999998E+31      0.99999998E+31      0.99999998E+31      0.99999998E+31      0.99999998E+31      0.99999998E+31      0.99999998E+31      0.99999998E+31
      0.99999998E+31      0.99999998E+31
      0.99999998E+31      0.99999998E+31      0.99999998E+31      0.99999998E+31      0.99999998E+31      0.99999998E+31      0.99999998E+31      0.99999998E+31      0.99999998E+31      0.99999998E+31
      0.99999998E+31      0.99999998E+31      0.99999998E+31      0.99999998E+31      0.99999998E+31      0.99999998E+31      0.99999998E+31      0.99999998E+31      0.99999998E+31      0.99999998E+31
      0.99999998E+31      0.99999998E+31      0.99999998E+31      0.99999998E+31      0.99999998E+31      0.99999998E+31      0.99999998E+31      0.99999998E+31      0.99999998E+31      0.99999998E+31
      0.99999998E+31      0.99999998E+31      0.99999998E+31      0.99999998E+31      0.99999998E+31      0.99999998E+31      0.99999998E+31      0.99999998E+31      0.99999998E+31      0.99999998E+31
      0.99999998E+31      0.99999998E+31      0.99999998E+31      0.99999998E+31      0.99999998E+31      0.99999998E+31      0.99999998E+31      0.99999998E+31      0.99999998E+31      0.99999998E+31
      0.99999998E+31      0.99999998E+31      0.99999998E+31      0.99999998E+31      0.99999998E+31      0.99999998E+31      0.99999998E+31      0.99999998E+31      0.99999998E+31      0.99999998E+31
      0.99999998E+31      0.99999998E+31      0.99999998E+31      0.99999998E+31      0.99999998E+31      0.99999998E+31      0.99999998E+31      0.99999998E+31      0.99999998E+31      0.99999998E+31
      0.99999998E+31      0.99999998E+31      0.99999998E+31      0.99999998E+31      0.99999998E+31      0.99999998E+31      0.99999998E+31      0.99999998E+31      0.99999998E+31      0.99999998E+31
      0.99999998E+31      0.99999998E+31      0.99999998E+31      0.99999998E+31      0.99999998E+31      0.99999998E+31      0.99999998E+31      0.99999998E+31      0.99999998E+31      0.99999998E+31
      0.99999998E+31      0.99999998E+31      0.99999998E+31      0.99999998E+31      0.99999998E+31      0.99999998E+31      0.99999998E+31      0.99999998E+31      0.99999998E+31      0.99999998E+31
      0.99999998E+31      0.99999998E+31      0.99999998E+31      0.99999998E+31      0.99999998E+31      0.99999998E+31      0.99999998E+31      0.99999998E+31      0.99999998E+31      0.99999998E+31
      0.99999998E+31      0.99999998E+31      0.99999998E+31      0.99999998E+31      0.99999998E+31      0.99999998E+31      0.99999998E+31      0.99999998E+31      0.99999998E+31      0.99999998E+31
      0.99999998E+31      0.99999998E+31      0.99999998E+31      0.99999998E+31      0.99999998E+31      0.99999998E+31      0.99999998E+31      0.99999998E+31      0.99999998E+31      0.99999998E+31
      0.99999998E+31      0.99999998E+31      0.99999998E+31      0.99999998E+31      0.99999998E+31      0.99999998E+31      0.99999998E+31      0.99999998E+31      0.99999998E+31      0.99999998E+31
      0.99999998E+31      0.99999998E+31      0.99999998E+31      0.99999998E+31      0.99999998E+31      0.99999998E+31      0.99999998E+31      0.99999998E+31      0.99999998E+31      0.99999998E+31
      0.99999998E+31      0.99999998E+31      0.99999998E+31      0.99999998E+31      0.99999998E+31      0.99999998E+31      0.99999998E+31      0.99999998E+31      0.99999998E+31      0.99999998E+31
      0.99999998E+31      0.99999998E+31      0.99999998E+31      0.99999998E+31      0.99999998E+31      0.99999998E+31      0.99999998E+31      0.99999998E+31      0.99999998E+31      0.99999998E+31
      0.99999998E+31       1251.1138           1252.2737           1254.1832           1256.2177           1258.0588           1259.7766           1262.7805          0.99999998E+31      0.99999998E+31
      0.99999998E+31      0.99999998E+31      0.99999998E+31      0.99999998E+31      0.99999998E+31      0.99999998E+31      0.99999998E+31      0.99999998E+31      0.99999998E+31      0.99999998E+31
      0.99999998E+31      0.99999998E+31      0.99999998E+31      0.99999998E+31      0.99999998E+31      0.99999998E+31      0.99999998E+31      0.99999998E+31      0.99999998E+31      0.99999998E+31
      0.99999998E+31      0.99999998E+31      0.99999998E+31      0.99999998E+31      0.99999998E+31      0.99999998E+31      0.99999998E+31      0.99999998E+31      0.99999998E+31      0.99999998E+31
      0.99999998E+31      0.99999998E+31      0.99999998E+31      0.99999998E+31      0.99999998E+31      0.99999998E+31      0.99999998E+31      0.99999998E+31      0.99999998E+31      0.99999998E+31
      0.99999998E+31      0.99999998E+31
      0.99999998E+31      0.99999998E+31      0.99999998E+31      0.99999998E+31      0.99999998E+31      0.99999998E+31      0.99999998E+31      0.99999998E+31      0.99999998E+31      0.99999998E+31
      0.99999998E+31      0.99999998E+31      0.99999998E+31      0.99999998E+31      0.99999998E+31      0.99999998E+31      0.99999998E+31      0.99999998E+31      0.99999998E+31      0.99999998E+31
      0.99999998E+31      0.99999998E+31      0.99999998E+31      0.99999998E+31      0.99999998E+31      0.99999998E+31      0.99999998E+31      0.99999998E+31      0.99999998E+31      0.99999998E+31
      0.99999998E+31      0.99999998E+31      0.99999998E+31      0.99999998E+31      0.99999998E+31      0.99999998E+31      0.99999998E+31      0.99999998E+31      0.99999998E+31      0.99999998E+31
      0.99999998E+31      0.99999998E+31      0.99999998E+31      0.99999998E+31      0.99999998E+31      0.99999998E+31      0.99999998E+31      0.99999998E+31      0.99999998E+31      0.99999998E+31
      0.99999998E+31      0.99999998E+31      0.99999998E+31      0.99999998E+31      0.99999998E+31      0.99999998E+31      0.99999998E+31      0.99999998E+31      0.99999998E+31      0.99999998E+31
      0.99999998E+31      0.99999998E+31      0.99999998E+31      0.99999998E+31      0.99999998E+31      0.99999998E+31      0.99999998E+31      0.99999998E+31      0.99999998E+31      0.99999998E+31
      0.99999998E+31      0.99999998E+31      0.99999998E+31      0.99999998E+31      0.99999998E+31      0.99999998E+31      0.99999998E+31      0.99999998E+31      0.99999998E+31      0.99999998E+31
      0.99999998E+31      0.99999998E+31      0.99999998E+31      0.99999998E+31      0.99999998E+31      0.99999998E+31      0.99999998E+31      0.99999998E+31      0.99999998E+31      0.99999998E+31
      0.99999998E+31      0.99999998E+31      0.99999998E+31      0.99999998E+31      0.99999998E+31      0.99999998E+31      0.99999998E+31      0.99999998E+31      0.99999998E+31      0.99999998E+31
      0.99999998E+31      0.99999998E+31      0.99999998E+31      0.99999998E+31      0.99999998E+31      0.99999998E+31      0.99999998E+31      0.99999998E+31      0.99999998E+31      0.99999998E+31
      0.99999998E+31      0.99999998E+31      0.99999998E+31      0.99999998E+31      0.99999998E+31      0.99999998E+31      0.99999998E+31      0.99999998E+31      0.99999998E+31      0.99999998E+31
      0.99999998E+31      0.99999998E+31      0.99999998E+31      0.99999998E+31      0.99999998E+31      0.99999998E+31      0.99999998E+31      0.99999998E+31      0.99999998E+31      0.99999998E+31
      0.99999998E+31      0.99999998E+31      0.99999998E+31      0.99999998E+31      0.99999998E+31      0.99999998E+31      0.99999998E+31      0.99999998E+31      0.99999998E+31      0.99999998E+31
      0.99999998E+31      0.99999998E+31      0.99999998E+31      0.99999998E+31      0.99999998E+31      0.99999998E+31      0.99999998E+31      0.99999998E+31      0.99999998E+31      0.99999998E+31
      0.99999998E+31      0.99999998E+31      0.99999998E+31      0.99999998E+31      0.99999998E+31      0.99999998E+31      0.99999998E+31      0.99999998E+31      0.99999998E+31      0.99999998E+31
      0.99999998E+31      0.99999998E+31      0.99999998E+31      0.99999998E+31      0.99999998E+31      0.99999998E+31      0.99999998E+31      0.99999998E+31      0.99999998E+31      0.99999998E+31
      0.99999998E+31      0.99999998E+31       1253.9285           1255.3390           1257.2900           1259.8409           1262.4417           1267.4086          0.99999998E+31      0.99999998E+31
      0.99999998E+31      0.99999998E+31      0.99999998E+31      0.99999998E+31      0.99999998E+31      0.99999998E+31      0.99999998E+31      0.99999998E+31      0.99999998E+31      0.99999998E+31
      0.99999998E+31      0.99999998E+31      0.99999998E+31      0.99999998E+31      0.99999998E+31      0.99999998E+31      0.99999998E+31      0.99999998E+31      0.99999998E+31      0.99999998E+31
      0.99999998E+31      0.99999998E+31      0.99999998E+31      0.99999998E+31      0.99999998E+31      0.99999998E+31      0.99999998E+31      0.99999998E+31      0.99999998E+31      0.99999998E+31
      0.99999998E+31      0.99999998E+31      0.99999998E+31      0.99999998E+31      0.99999998E+31      0.99999998E+31      0.99999998E+31      0.99999998E+31      0.99999998E+31      0.99999998E+31
      0.99999998E+31      0.99999998E+31
      0.99999998E+31      0.99999998E+31      0.99999998E+31      0.99999998E+31      0.99999998E+31      0.99999998E+31      0.99999998E+31      0.99999998E+31      0.99999998E+31      0.99999998E+31
      0.99999998E+31      0.99999998E+31      0.99999998E+31      0.99999998E+31      0.99999998E+31      0.99999998E+31      0.99999998E+31      0.99999998E+31      0.99999998E+31      0.99999998E+31
      0.99999998E+31      0.99999998E+31      0.99999998E+31      0.99999998E+31      0.99999998E+31      0.99999998E+31      0.99999998E+31      0.99999998E+31      0.99999998E+31      0.99999998E+31
      0.99999998E+31      0.99999998E+31      0.99999998E+31      0.99999998E+31      0.99999998E+31      0.99999998E+31      0.99999998E+31      0.99999998E+31      0.99999998E+31      0.99999998E+31
      0.99999998E+31      0.99999998E+31      0.99999998E+31      0.99999998E+31      0.99999998E+31      0.99999998E+31      0.99999998E+31      0.99999998E+31      0.99999998E+31      0.99999998E+31
      0.99999998E+31      0.99999998E+31      0.99999998E+31      0.99999998E+31      0.99999998E+31      0.99999998E+31      0.99999998E+31      0.99999998E+31      0.99999998E+31      0.99999998E+31
      0.99999998E+31      0.99999998E+31      0.99999998E+31      0.99999998E+31      0.99999998E+31      0.99999998E+31      0.99999998E+31      0.99999998E+31      0.99999998E+31      0.99999998E+31
      0.99999998E+31      0.99999998E+31      0.99999998E+31      0.99999998E+31      0.99999998E+31      0.99999998E+31      0.99999998E+31      0.99999998E+31      0.99999998E+31      0.99999998E+31
      0.99999998E+31      0.99999998E+31      0.99999998E+31      0.99999998E+31      0.99999998E+31      0.99999998E+31      0.99999998E+31      0.99999998E+31      0.99999998E+31      0.99999998E+31
      0.99999998E+31      0.99999998E+31      0.99999998E+31      0.99999998E+31      0.99999998E+31      0.99999998E+31      0.99999998E+31      0.99999998E+31      0.99999998E+31      0.99999998E+31
      0.99999998E+31      0.99999998E+31      0.99999998E+31      0.99999998E+31      0.99999998E+31      0.99999998E+31      0.99999998E+31      0.99999998E+31      0.99999998E+31      0.99999998E+31
      0.99999998E+31      0.99999998E+31      0.99999998E+31      0.99999998E+31      0.99999998E+31      0.99999998E+31      0.99999998E+31      0.99999998E+31      0.99999998E+31      0.99999998E+31
      0.99999998E+31      0.99999998E+31      0.99999998E+31      0.99999998E+31      0.99999998E+31      0.99999998E+31      0.99999998E+31      0.99999998E+31      0.99999998E+31      0.99999998E+31
      0.99999998E+31      0.99999998E+31      0.99999998E+31      0.99999998E+31      0.99999998E+31      0.99999998E+31      0.99999998E+31      0.99999998E+31      0.99999998E+31      0.99999998E+31
      0.99999998E+31      0.99999998E+31      0.99999998E+31      0.99999998E+31      0.99999998E+31      0.99999998E+31      0.99999998E+31      0.99999998E+31      0.99999998E+31      0.99999998E+31
      0.99999998E+31      0.99999998E+31      0.99999998E+31      0.99999998E+31      0.99999998E+31      0.99999998E+31      0.99999998E+31      0.99999998E+31      0.99999998E+31      0.99999998E+31
      0.99999998E+31      0.99999998E+31      0.99999998E+31      0.99999998E+31      0.99999998E+31      0.99999998E+31      0.99999998E+31      0.99999998E+31      0.99999998E+31      0.99999998E+31
      0.99999998E+31      0.99999998E+31      0.99999998E+31      0.99999998E+31      0.99999998E+31       1261.9908           1264.1665           1269.0659          0.99999998E+31      0.99999998E+31
      0.99999998E+31      0.99999998E+31      0.99999998E+31      0.99999998E+31      0.99999998E+31      0.99999998E+31      0.99999998E+31      0.99999998E+31      0.99999998E+31      0.99999998E+31
      0.99999998E+31      0.99999998E+31      0.99999998E+31      0.99999998E+31      0.99999998E+31      0.99999998E+31      0.99999998E+31      0.99999998E+31      0.99999998E+31      0.99999998E+31
      0.99999998E+31      0.99999998E+31      0.99999998E+31      0.99999998E+31      0.99999998E+31      0.99999998E+31      0.99999998E+31      0.99999998E+31      0.99999998E+31      0.99999998E+31
      0.99999998E+31      0.99999998E+31      0.99999998E+31      0.99999998E+31      0.99999998E+31      0.99999998E+31      0.99999998E+31      0.99999998E+31      0.99999998E+31      0.99999998E+31
      0.99999998E+31      0.99999998E+31
