      0.99999998E+31      0.99999998E+31      0.99999998E+31      0.99999998E+31      0.99999998E+31      0.99999998E+31      0.99999998E+31      0.99999998E+31      0.99999998E+31      0.99999998E+31
      0.99999998E+31      0.99999998E+31      0.99999998E+31      0.99999998E+31      0.99999998E+31      0.99999998E+31      0.99999998E+31      0.99999998E+31      0.99999998E+31      0.99999998E+31
      0.99999998E+31      0.99999998E+31      0.99999998E+31      0.99999998E+31      0.99999998E+31      0.99999998E+31      0.99999998E+31      0.99999998E+31      0.99999998E+31      0.99999998E+31
      0.99999998E+31      0.99999998E+31      0.99999998E+31      0.99999998E+31      0.99999998E+31      0.99999998E+31      0.99999998E+31      0.99999998E+31      0.99999998E+31      0.99999998E+31
      0.99999998E+31      0.99999998E+31      0.99999998E+31      0.99999998E+31      0.99999998E+31      0.99999998E+31      0.99999998E+31      0.99999998E+31      0.99999998E+31      0.99999998E+31
      0.99999998E+31      0.99999998E+31      0.99999998E+31      0.99999998E+31      0.99999998E+31      0.99999998E+31      0.99999998E+31      0.99999998E+31      0.99999998E+31      0.99999998E+31
      0.99999998E+31      0.99999998E+31      0.99999998E+31      0.99999998E+31      0.99999998E+31      0.99999998E+31      0.99999998E+31      0.99999998E+31      0.99999998E+31      0.99999998E+31
      0.99999998E+31      0.99999998E+31      0.99999998E+31      0.99999998E+31      0.99999998E+31      0.99999998E+31      0.99999998E+31      0.99999998E+31      0.99999998E+31      0.99999998E+31
      0.99999998E+31      0.99999998E+31      0.99999998E+31      0.99999998E+31      0.99999998E+31      0.99999998E+31      0.99999998E+31      0.99999998E+31      0.99999998E+31      0.99999998E+31
      0.99999998E+31      0.99999998E+31      0.99999998E+31      0.99999998E+31      0.99999998E+31      0.99999998E+31      0.99999998E+31      0.99999998E+31      0.99999998E+31      0.99999998E+31
      0.99999998E+31      0.99999998E+31      0.99999998E+31      0.99999998E+31      0.99999998E+31      0.99999998E+31      0.99999998E+31      0.99999998E+31      0.99999998E+31      0.99999998E+31
      0.99999998E+31      0.99999998E+31      0.99999998E+31      0.99999998E+31      0.99999998E+31      0.99999998E+31      0.99999998E+31      0.99999998E+31      0.99999998E+31      0.99999998E+31
      0.99999998E+31      0.99999998E+31      0.99999998E+31      0.99999998E+31      0.99999998E+31      0.99999998E+31      0.99999998E+31      0.99999998E+31      0.99999998E+31      0.99999998E+31
      0.99999998E+31      0.99999998E+31      0.99999998E+31      0.99999998E+31      0.99999998E+31      0.99999998E+31      0.99999998E+31      0.99999998E+31      0.99999998E+31      0.99999998E+31
      0.99999998E+31      0.99999998E+31      0.99999998E+31      0.99999998E+31      0.99999998E+31      0.99999998E+31      0.99999998E+31      0.99999998E+31      0.99999998E+31      0.99999998E+31
      0.99999998E+31      0.99999998E+31      0.99999998E+31      0.99999998E+31      0.99999998E+31      0.99999998E+31      0.99999998E+31      0.99999998E+31      0.99999998E+31      0.99999998E+31
      0.99999998E+31      0.99999998E+31      0.99999998E+31      0.99999998E+31      0.99999998E+31      0.99999998E+31      0.99999998E+31      0.99999998E+31      0.99999998E+31      0.99999998E+31
      0.99999998E+31      0.99999998E+31      0.99999998E+31      0.99999998E+31      0.99999998E+31      0.99999998E+31      0.99999998E+31      0.99999998E+31      0.99999998E+31      0.99999998E+31
      0.99999998E+31      0.99999998E+31      0.99999998E+31      0.99999998E+31      0.99999998E+31      0.99999998E+31      0.99999998E+31      0.99999998E+31      0.99999998E+31      0.99999998E+31
      0.99999998E+31      0.99999998E+31      0.99999998E+31      0.99999998E+31      0.99999998E+31      0.99999998E+31      0.99999998E+31      0.99999998E+31      0.99999998E+31      0.99999998E+31
      0.99999998E+31      0.99999998E+31      0.99999998E+31      0.99999998E+31      0.99999998E+31      0.99999998E+31      0.99999998E+31      0.99999998E+31      0.99999998E+31      0.99999998E+31
      0.99999998E+31      0.99999998E+31      0.99999998E+31      0.99999998E+31      0.99999998E+31      0.99999998E+31      0.99999998E+31      0.99999998E+31      0.99999998E+31      0.99999998E+31
      0.99999998E+31      0.99999998E+31
      0.99999998E+31      0.99999998E+31      0.99999998E+31      0.99999998E+31      0.99999998E+31      0.99999998E+31      0.99999998E+31      0.99999998E+31      0.99999998E+31      0.99999998E+31
      0.99999998E+31      0.99999998E+31      0.99999998E+31      0.99999998E+31      0.99999998E+31      0.99999998E+31      0.99999998E+31      0.99999998E+31      0.99999998E+31      0.99999998E+31
      0.99999998E+31      0.99999998E+31      0.99999998E+31      0.99999998E+31      0.99999998E+31      0.99999998E+31      0.99999998E+31      0.99999998E+31      0.99999998E+31      0.99999998E+31
      0.99999998E+31      0.99999998E+31      0.99999998E+31      0.99999998E+31      0.99999998E+31      0.99999998E+31      0.99999998E+31      0.99999998E+31      0.99999998E+31      0.99999998E+31
      0.99999998E+31      0.99999998E+31      0.99999998E+31      0.99999998E+31      0.99999998E+31      0.99999998E+31      0.99999998E+31      0.99999998E+31      0.99999998E+31      0.99999998E+31
      0.99999998E+31      0.99999998E+31      0.99999998E+31      0.99999998E+31      0.99999998E+31      0.99999998E+31      0.99999998E+31      0.99999998E+31      0.99999998E+31      0.99999998E+31
      0.99999998E+31      0.99999998E+31      0.99999998E+31      0.99999998E+31      0.99999998E+31      0.99999998E+31      0.99999998E+31      0.99999998E+31      0.99999998E+31      0.99999998E+31
      0.99999998E+31      0.99999998E+31      0.99999998E+31      0.99999998E+31      0.99999998E+31      0.99999998E+31      0.99999998E+31      0.99999998E+31      0.99999998E+31      0.99999998E+31
      0.99999998E+31      0.99999998E+31      0.99999998E+31      0.99999998E+31      0.99999998E+31      0.99999998E+31      0.99999998E+31      0.99999998E+31      0.99999998E+31      0.99999998E+31
      0.99999998E+31      0.99999998E+31      0.99999998E+31      0.99999998E+31      0.99999998E+31      0.99999998E+31      0.99999998E+31      0.99999998E+31      0.99999998E+31      0.99999998E+31
      0.99999998E+31      0.99999998E+31      0.99999998E+31      0.99999998E+31      0.99999998E+31      0.99999998E+31      0.99999998E+31      0.99999998E+31      0.99999998E+31      0.99999998E+31
      0.99999998E+31      0.99999998E+31      0.99999998E+31      0.99999998E+31      0.99999998E+31      0.99999998E+31      0.99999998E+31      0.99999998E+31      0.99999998E+31      0.99999998E+31
      0.99999998E+31      0.99999998E+31      0.99999998E+31      0.99999998E+31      0.99999998E+31      0.99999998E+31      0.99999998E+31      0.99999998E+31      0.99999998E+31      0.99999998E+31
      0.99999998E+31      0.99999998E+31      0.99999998E+31      0.99999998E+31      0.99999998E+31      0.99999998E+31      0.99999998E+31      0.99999998E+31      0.99999998E+31      0.99999998E+31
      0.99999998E+31      0.99999998E+31      0.99999998E+31      0.99999998E+31      0.99999998E+31      0.99999998E+31      0.99999998E+31      0.99999998E+31      0.99999998E+31      0.99999998E+31
      0.99999998E+31      0.99999998E+31      0.99999998E+31      0.99999998E+31      0.99999998E+31      0.99999998E+31      0.99999998E+31      0.99999998E+31      0.99999998E+31      0.99999998E+31
      0.99999998E+31      0.99999998E+31      0.99999998E+31      0.99999998E+31      0.99999998E+31      0.99999998E+31      0.99999998E+31      0.99999998E+31      0.99999998E+31      0.99999998E+31
      0.99999998E+31      0.99999998E+31      0.99999998E+31      0.99999998E+31      0.99999998E+31      0.99999998E+31      0.99999998E+31      0.99999998E+31      0.99999998E+31      0.99999998E+31
      0.99999998E+31      0.99999998E+31      0.99999998E+31      0.99999998E+31      0.99999998E+31      0.99999998E+31      0.99999998E+31      0.99999998E+31      0.99999998E+31      0.99999998E+31
      0.99999998E+31      0.99999998E+31      0.99999998E+31      0.99999998E+31      0.99999998E+31      0.99999998E+31      0.99999998E+31      0.99999998E+31      0.99999998E+31      0.99999998E+31
      0.99999998E+31      0.99999998E+31      0.99999998E+31      0.99999998E+31      0.99999998E+31      0.99999998E+31      0.99999998E+31      0.99999998E+31      0.99999998E+31      0.99999998E+31
      0.99999998E+31      0.99999998E+31      0.99999998E+31      0.99999998E+31      0.99999998E+31      0.99999998E+31      0.99999998E+31      0.99999998E+31      0.99999998E+31      0.99999998E+31
      0.99999998E+31      0.99999998E+31
      0.99999998E+31      0.99999998E+31      0.99999998E+31      0.99999998E+31      0.99999998E+31      0.99999998E+31      0.99999998E+31      0.99999998E+31      0.99999998E+31      0.99999998E+31
      0.99999998E+31      0.99999998E+31      0.99999998E+31      0.99999998E+31      0.99999998E+31      0.99999998E+31      0.99999998E+31      0.99999998E+31      0.99999998E+31      0.99999998E+31
      0.99999998E+31      0.99999998E+31      0.99999998E+31      0.99999998E+31      0.99999998E+31      0.99999998E+31      0.99999998E+31      0.99999998E+31      0.99999998E+31      0.99999998E+31
      0.99999998E+31      0.99999998E+31      0.99999998E+31      0.99999998E+31      0.99999998E+31      0.99999998E+31      0.99999998E+31      0.99999998E+31      0.99999998E+31      0.99999998E+31
      0.99999998E+31      0.99999998E+31      0.99999998E+31      0.99999998E+31      0.99999998E+31      0.99999998E+31      0.99999998E+31      0.99999998E+31      0.99999998E+31      0.99999998E+31
      0.99999998E+31      0.99999998E+31      0.99999998E+31      0.99999998E+31      0.99999998E+31      0.99999998E+31      0.99999998E+31      0.99999998E+31      0.99999998E+31      0.99999998E+31
      0.99999998E+31      0.99999998E+31      0.99999998E+31      0.99999998E+31      0.99999998E+31      0.99999998E+31      0.99999998E+31      0.99999998E+31      0.99999998E+31      0.99999998E+31
      0.99999998E+31      0.99999998E+31      0.99999998E+31      0.99999998E+31      0.99999998E+31      0.99999998E+31      0.99999998E+31      0.99999998E+31      0.99999998E+31      0.99999998E+31
      0.99999998E+31      0.99999998E+31      0.99999998E+31      0.99999998E+31      0.99999998E+31      0.99999998E+31      0.99999998E+31      0.99999998E+31      0.99999998E+31      0.99999998E+31
      0.99999998E+31      0.99999998E+31      0.99999998E+31      0.99999998E+31      0.99999998E+31      0.99999998E+31      0.99999998E+31      0.99999998E+31      0.99999998E+31      0.99999998E+31
      0.99999998E+31      0.99999998E+31      0.99999998E+31      0.99999998E+31      0.99999998E+31      0.99999998E+31      0.99999998E+31      0.99999998E+31      0.99999998E+31      0.99999998E+31
      0.99999998E+31      0.99999998E+31      0.99999998E+31      0.99999998E+31      0.99999998E+31      0.99999998E+31      0.99999998E+31      0.99999998E+31      0.99999998E+31      0.99999998E+31
      0.99999998E+31      0.99999998E+31      0.99999998E+31      0.99999998E+31      0.99999998E+31      0.99999998E+31      0.99999998E+31      0.99999998E+31      0.99999998E+31      0.99999998E+31
      0.99999998E+31      0.99999998E+31      0.99999998E+31      0.99999998E+31      0.99999998E+31      0.99999998E+31      0.99999998E+31      0.99999998E+31      0.99999998E+31      0.99999998E+31
      0.99999998E+31      0.99999998E+31      0.99999998E+31      0.99999998E+31      0.99999998E+31      0.99999998E+31      0.99999998E+31      0.99999998E+31      0.99999998E+31      0.99999998E+31
      0.99999998E+31      0.99999998E+31      0.99999998E+31      0.99999998E+31      0.99999998E+31      0.99999998E+31      0.99999998E+31      0.99999998E+31      0.99999998E+31      0.99999998E+31
      0.99999998E+31      0.99999998E+31      0.99999998E+31      0.99999998E+31      0.99999998E+31      0.99999998E+31      0.99999998E+31      0.99999998E+31      0.99999998E+31      0.99999998E+31
      0.99999998E+31      0.99999998E+31      0.99999998E+31      0.99999998E+31      0.99999998E+31      0.99999998E+31      0.99999998E+31      0.99999998E+31      0.99999998E+31      0.99999998E+31
      0.99999998E+31      0.99999998E+31      0.99999998E+31      0.99999998E+31      0.99999998E+31      0.99999998E+31      0.99999998E+31      0.99999998E+31      0.99999998E+31      0.99999998E+31
      0.99999998E+31      0.99999998E+31      0.99999998E+31      0.99999998E+31      0.99999998E+31      0.99999998E+31      0.99999998E+31      0.99999998E+31      0.99999998E+31      0.99999998E+31
      0.99999998E+31      0.99999998E+31      0.99999998E+31      0.99999998E+31      0.99999998E+31      0.99999998E+31      0.99999998E+31      0.99999998E+31      0.99999998E+31      0.99999998E+31
      0.99999998E+31      0.99999998E+31      0.99999998E+31      0.99999998E+31      0.99999998E+31      0.99999998E+31      0.99999998E+31      0.99999998E+31      0.99999998E+31      0.99999998E+31
      0.99999998E+31      0.99999998E+31
      0.99999998E+31      0.99999998E+31      0.99999998E+31      0.99999998E+31      0.99999998E+31      0.99999998E+31      0.99999998E+31      0.99999998E+31      0.99999998E+31      0.99999998E+31
      0.99999998E+31      0.99999998E+31      0.99999998E+31      0.99999998E+31      0.99999998E+31      0.99999998E+31      0.99999998E+31      0.99999998E+31      0.99999998E+31      0.99999998E+31
      0.99999998E+31      0.99999998E+31      0.99999998E+31      0.99999998E+31      0.99999998E+31      0.99999998E+31      0.99999998E+31      0.99999998E+31      0.99999998E+31      0.99999998E+31
      0.99999998E+31      0.99999998E+31      0.99999998E+31      0.99999998E+31      0.99999998E+31      0.99999998E+31      0.99999998E+31      0.99999998E+31      0.99999998E+31      0.99999998E+31
      0.99999998E+31      0.99999998E+31      0.99999998E+31      0.99999998E+31      0.99999998E+31      0.99999998E+31      0.99999998E+31      0.99999998E+31      0.99999998E+31      0.99999998E+31
      0.99999998E+31      0.99999998E+31      0.99999998E+31      0.99999998E+31      0.99999998E+31      0.99999998E+31      0.99999998E+31      0.99999998E+31      0.99999998E+31      0.99999998E+31
      0.99999998E+31      0.99999998E+31      0.99999998E+31      0.99999998E+31      0.99999998E+31      0.99999998E+31      0.99999998E+31      0.99999998E+31      0.99999998E+31      0.99999998E+31
      0.99999998E+31      0.99999998E+31      0.99999998E+31      0.99999998E+31      0.99999998E+31      0.99999998E+31      0.99999998E+31      0.99999998E+31      0.99999998E+31      0.99999998E+31
      0.99999998E+31      0.99999998E+31      0.99999998E+31      0.99999998E+31      0.99999998E+31      0.99999998E+31      0.99999998E+31      0.99999998E+31      0.99999998E+31      0.99999998E+31
      0.99999998E+31      0.99999998E+31      0.99999998E+31      0.99999998E+31      0.99999998E+31      0.99999998E+31      0.99999998E+31      0.99999998E+31      0.99999998E+31      0.99999998E+31
      0.99999998E+31      0.99999998E+31      0.99999998E+31      0.99999998E+31      0.99999998E+31      0.99999998E+31      0.99999998E+31      0.99999998E+31      0.99999998E+31      0.99999998E+31
      0.99999998E+31      0.99999998E+31      0.99999998E+31      0.99999998E+31      0.99999998E+31      0.99999998E+31      0.99999998E+31      0.99999998E+31      0.99999998E+31      0.99999998E+31
      0.99999998E+31      0.99999998E+31      0.99999998E+31      0.99999998E+31      0.99999998E+31      0.99999998E+31      0.99999998E+31      0.99999998E+31      0.99999998E+31      0.99999998E+31
      0.99999998E+31      0.99999998E+31      0.99999998E+31      0.99999998E+31      0.99999998E+31      0.99999998E+31      0.99999998E+31      0.99999998E+31      0.99999998E+31      0.99999998E+31
      0.99999998E+31      0.99999998E+31      0.99999998E+31      0.99999998E+31      0.99999998E+31      0.99999998E+31      0.99999998E+31      0.99999998E+31      0.99999998E+31      0.99999998E+31
      0.99999998E+31      0.99999998E+31      0.99999998E+31      0.99999998E+31      0.99999998E+31      0.99999998E+31      0.99999998E+31      0.99999998E+31      0.99999998E+31      0.99999998E+31
      0.99999998E+31      0.99999998E+31      0.99999998E+31      0.99999998E+31      0.99999998E+31      0.99999998E+31      0.99999998E+31      0.99999998E+31      0.99999998E+31      0.99999998E+31
      0.99999998E+31      0.99999998E+31      0.99999998E+31      0.99999998E+31      0.99999998E+31      0.99999998E+31      0.99999998E+31      0.99999998E+31      0.99999998E+31      0.99999998E+31
      0.99999998E+31      0.99999998E+31      0.99999998E+31      0.99999998E+31      0.99999998E+31      0.99999998E+31      0.99999998E+31      0.99999998E+31      0.99999998E+31      0.99999998E+31
      0.99999998E+31      0.99999998E+31      0.99999998E+31      0.99999998E+31      0.99999998E+31      0.99999998E+31      0.99999998E+31      0.99999998E+31      0.99999998E+31      0.99999998E+31
      0.99999998E+31      0.99999998E+31      0.99999998E+31      0.99999998E+31      0.99999998E+31      0.99999998E+31      0.99999998E+31      0.99999998E+31      0.99999998E+31      0.99999998E+31
      0.99999998E+31      0.99999998E+31      0.99999998E+31      0.99999998E+31      0.99999998E+31      0.99999998E+31      0.99999998E+31      0.99999998E+31      0.99999998E+31      0.99999998E+31
      0.99999998E+31      0.99999998E+31
      0.99999998E+31      0.99999998E+31      0.99999998E+31      0.99999998E+31      0.99999998E+31      0.99999998E+31      0.99999998E+31      0.99999998E+31      0.99999998E+31      0.99999998E+31
      0.99999998E+31      0.99999998E+31      0.99999998E+31      0.99999998E+31      0.99999998E+31      0.99999998E+31      0.99999998E+31      0.99999998E+31      0.99999998E+31      0.99999998E+31
      0.99999998E+31      0.99999998E+31      0.99999998E+31      0.99999998E+31      0.99999998E+31      0.99999998E+31      0.99999998E+31      0.99999998E+31      0.99999998E+31      0.99999998E+31
      0.99999998E+31      0.99999998E+31      0.99999998E+31      0.99999998E+31      0.99999998E+31      0.99999998E+31      0.99999998E+31      0.99999998E+31      0.99999998E+31      0.99999998E+31
      0.99999998E+31      0.99999998E+31      0.99999998E+31      0.99999998E+31      0.99999998E+31      0.99999998E+31      0.99999998E+31      0.99999998E+31      0.99999998E+31      0.99999998E+31
      0.99999998E+31      0.99999998E+31      0.99999998E+31      0.99999998E+31      0.99999998E+31      0.99999998E+31      0.99999998E+31      0.99999998E+31      0.99999998E+31      0.99999998E+31
      0.99999998E+31      0.99999998E+31      0.99999998E+31      0.99999998E+31      0.99999998E+31      0.99999998E+31      0.99999998E+31      0.99999998E+31      0.99999998E+31      0.99999998E+31
      0.99999998E+31      0.99999998E+31      0.99999998E+31      0.99999998E+31      0.99999998E+31      0.99999998E+31      0.99999998E+31      0.99999998E+31      0.99999998E+31      0.99999998E+31
      0.99999998E+31      0.99999998E+31      0.99999998E+31      0.99999998E+31      0.99999998E+31      0.99999998E+31      0.99999998E+31      0.99999998E+31      0.99999998E+31      0.99999998E+31
      0.99999998E+31      0.99999998E+31      0.99999998E+31      0.99999998E+31      0.99999998E+31      0.99999998E+31      0.99999998E+31      0.99999998E+31      0.99999998E+31      0.99999998E+31
      0.99999998E+31      0.99999998E+31      0.99999998E+31      0.99999998E+31      0.99999998E+31      0.99999998E+31      0.99999998E+31      0.99999998E+31      0.99999998E+31      0.99999998E+31
      0.99999998E+31      0.99999998E+31      0.99999998E+31      0.99999998E+31      0.99999998E+31      0.99999998E+31      0.99999998E+31      0.99999998E+31      0.99999998E+31      0.99999998E+31
      0.99999998E+31      0.99999998E+31      0.99999998E+31      0.99999998E+31      0.99999998E+31      0.99999998E+31      0.99999998E+31      0.99999998E+31      0.99999998E+31      0.99999998E+31
      0.99999998E+31      0.99999998E+31      0.99999998E+31      0.99999998E+31      0.99999998E+31      0.99999998E+31      0.99999998E+31      0.99999998E+31      0.99999998E+31      0.99999998E+31
      0.99999998E+31      0.99999998E+31      0.99999998E+31      0.99999998E+31      0.99999998E+31      0.99999998E+31      0.99999998E+31      0.99999998E+31      0.99999998E+31      0.99999998E+31
      0.99999998E+31      0.99999998E+31      0.99999998E+31      0.99999998E+31      0.99999998E+31      0.99999998E+31      0.99999998E+31      0.99999998E+31      0.99999998E+31      0.99999998E+31
      0.99999998E+31      0.99999998E+31      0.99999998E+31      0.99999998E+31      0.99999998E+31      0.99999998E+31      0.99999998E+31      0.99999998E+31      0.99999998E+31      0.99999998E+31
      0.99999998E+31      0.99999998E+31      0.99999998E+31      0.99999998E+31      0.99999998E+31      0.99999998E+31      0.99999998E+31      0.99999998E+31      0.99999998E+31      0.99999998E+31
      0.99999998E+31      0.99999998E+31      0.99999998E+31      0.99999998E+31      0.99999998E+31      0.99999998E+31      0.99999998E+31      0.99999998E+31      0.99999998E+31      0.99999998E+31
      0.99999998E+31      0.99999998E+31      0.99999998E+31      0.99999998E+31      0.99999998E+31      0.99999998E+31      0.99999998E+31      0.99999998E+31      0.99999998E+31      0.99999998E+31
      0.99999998E+31      0.99999998E+31      0.99999998E+31      0.99999998E+31      0.99999998E+31      0.99999998E+31      0.99999998E+31      0.99999998E+31      0.99999998E+31      0.99999998E+31
      0.99999998E+31      0.99999998E+31      0.99999998E+31      0.99999998E+31      0.99999998E+31      0.99999998E+31      0.99999998E+31      0.99999998E+31      0.99999998E+31      0.99999998E+31
      0.99999998E+31      0.99999998E+31
      0.99999998E+31      0.99999998E+31      0.99999998E+31      0.99999998E+31      0.99999998E+31      0.99999998E+31      0.99999998E+31      0.99999998E+31      0.99999998E+31      0.99999998E+31
      0.99999998E+31      0.99999998E+31      0.99999998E+31      0.99999998E+31      0.99999998E+31      0.99999998E+31      0.99999998E+31      0.99999998E+31      0.99999998E+31      0.99999998E+31
      0.99999998E+31      0.99999998E+31      0.99999998E+31      0.99999998E+31      0.99999998E+31      0.99999998E+31      0.99999998E+31      0.99999998E+31      0.99999998E+31      0.99999998E+31
      0.99999998E+31      0.99999998E+31      0.99999998E+31      0.99999998E+31      0.99999998E+31      0.99999998E+31      0.99999998E+31      0.99999998E+31      0.99999998E+31      0.99999998E+31
      0.99999998E+31      0.99999998E+31      0.99999998E+31      0.99999998E+31      0.99999998E+31      0.99999998E+31      0.99999998E+31      0.99999998E+31      0.99999998E+31      0.99999998E+31
      0.99999998E+31      0.99999998E+31      0.99999998E+31      0.99999998E+31      0.99999998E+31      0.99999998E+31      0.99999998E+31      0.99999998E+31      0.99999998E+31      0.99999998E+31
      0.99999998E+31      0.99999998E+31      0.99999998E+31      0.99999998E+31      0.99999998E+31      0.99999998E+31      0.99999998E+31      0.99999998E+31      0.99999998E+31      0.99999998E+31
      0.99999998E+31      0.99999998E+31      0.99999998E+31      0.99999998E+31      0.99999998E+31      0.99999998E+31      0.99999998E+31      0.99999998E+31      0.99999998E+31      0.99999998E+31
      0.99999998E+31      0.99999998E+31      0.99999998E+31      0.99999998E+31      0.99999998E+31      0.99999998E+31      0.99999998E+31      0.99999998E+31      0.99999998E+31      0.99999998E+31
      0.99999998E+31      0.99999998E+31      0.99999998E+31      0.99999998E+31      0.99999998E+31      0.99999998E+31      0.99999998E+31      0.99999998E+31      0.99999998E+31      0.99999998E+31
      0.99999998E+31      0.99999998E+31      0.99999998E+31      0.99999998E+31      0.99999998E+31      0.99999998E+31      0.99999998E+31      0.99999998E+31      0.99999998E+31      0.99999998E+31
      0.99999998E+31      0.99999998E+31      0.99999998E+31      0.99999998E+31       1473.3463           1475.6769           1478.6036           1481.4651           1483.1169          0.99999998E+31
      0.99999998E+31      0.99999998E+31      0.99999998E+31      0.99999998E+31      0.99999998E+31      0.99999998E+31      0.99999998E+31      0.99999998E+31      0.99999998E+31      0.99999998E+31
      0.99999998E+31      0.99999998E+31      0.99999998E+31      0.99999998E+31      0.99999998E+31      0.99999998E+31      0.99999998E+31      0.99999998E+31      0.99999998E+31      0.99999998E+31
      0.99999998E+31      0.99999998E+31      0.99999998E+31      0.99999998E+31      0.99999998E+31      0.99999998E+31      0.99999998E+31      0.99999998E+31      0.99999998E+31      0.99999998E+31
      0.99999998E+31      0.99999998E+31      0.99999998E+31      0.99999998E+31      0.99999998E+31      0.99999998E+31      0.99999998E+31      0.99999998E+31      0.99999998E+31      0.99999998E+31
      0.99999998E+31      0.99999998E+31      0.99999998E+31      0.99999998E+31      0.99999998E+31      0.99999998E+31      0.99999998E+31      0.99999998E+31      0.99999998E+31      0.99999998E+31
      0.99999998E+31      0.99999998E+31      0.99999998E+31      0.99999998E+31      0.99999998E+31      0.99999998E+31      0.99999998E+31      0.99999998E+31      0.99999998E+31      0.99999998E+31
      0.99999998E+31      0.99999998E+31      0.99999998E+31      0.99999998E+31      0.99999998E+31      0.99999998E+31      0.99999998E+31      0.99999998E+31      0.99999998E+31      0.99999998E+31
      0.99999998E+31      0.99999998E+31      0.99999998E+31      0.99999998E+31      0.99999998E+31      0.99999998E+31      0.99999998E+31      0.99999998E+31      0.99999998E+31      0.99999998E+31
      0.99999998E+31      0.99999998E+31      0.99999998E+31      0.99999998E+31      0.99999998E+31      0.99999998E+31      0.99999998E+31      0.99999998E+31      0.99999998E+31      0.99999998E+31
      0.99999998E+31      0.99999998E+31      0.99999998E+31      0.99999998E+31      0.99999998E+31      0.99999998E+31      0.99999998E+31      0.99999998E+31      0.99999998E+31      0.99999998E+31
      0.99999998E+31      0.99999998E+31
      0.99999998E+31      0.99999998E+31      0.99999998E+31      0.99999998E+31      0.99999998E+31      0.99999998E+31      0.99999998E+31      0.99999998E+31      0.99999998E+31      0.99999998E+31
      0.99999998E+31      0.99999998E+31      0.99999998E+31      0.99999998E+31      0.99999998E+31      0.99999998E+31      0.99999998E+31      0.99999998E+31      0.99999998E+31      0.99999998E+31
      0.99999998E+31      0.99999998E+31      0.99999998E+31      0.99999998E+31      0.99999998E+31      0.99999998E+31      0.99999998E+31      0.99999998E+31      0.99999998E+31      0.99999998E+31
      0.99999998E+31      0.99999998E+31      0.99999998E+31      0.99999998E+31      0.99999998E+31      0.99999998E+31      0.99999998E+31      0.99999998E+31      0.99999998E+31      0.99999998E+31
      0.99999998E+31      0.99999998E+31      0.99999998E+31      0.99999998E+31      0.99999998E+31      0.99999998E+31      0.99999998E+31      0.99999998E+31      0.99999998E+31      0.99999998E+31
      0.99999998E+31      0.99999998E+31      0.99999998E+31      0.99999998E+31      0.99999998E+31      0.99999998E+31      0.99999998E+31      0.99999998E+31      0.99999998E+31      0.99999998E+31
      0.99999998E+31      0.99999998E+31      0.99999998E+31      0.99999998E+31      0.99999998E+31      0.99999998E+31      0.99999998E+31      0.99999998E+31      0.99999998E+31      0.99999998E+31
      0.99999998E+31      0.99999998E+31      0.99999998E+31      0.99999998E+31      0.99999998E+31      0.99999998E+31      0.99999998E+31      0.99999998E+31      0.99999998E+31      0.99999998E+31
      0.99999998E+31      0.99999998E+31      0.99999998E+31      0.99999998E+31      0.99999998E+31      0.99999998E+31      0.99999998E+31      0.99999998E+31      0.99999998E+31      0.99999998E+31
      0.99999998E+31      0.99999998E+31      0.99999998E+31      0.99999998E+31      0.99999998E+31      0.99999998E+31      0.99999998E+31      0.99999998E+31      0.99999998E+31      0.99999998E+31
      0.99999998E+31      0.99999998E+31      0.99999998E+31      0.99999998E+31      0.99999998E+31      0.99999998E+31      0.99999998E+31      0.99999998E+31      0.99999998E+31      0.99999998E+31
      0.99999998E+31      0.99999998E+31      0.99999998E+31       1449.5376           1454.5319           1457.9897           1461.0538           1464.6422           1465.5781           1461.5702    
      0.99999998E+31      0.99999998E+31      0.99999998E+31      0.99999998E+31      0.99999998E+31      0.99999998E+31      0.99999998E+31      0.99999998E+31      0.99999998E+31      0.99999998E+31
      0.99999998E+31      0.99999998E+31      0.99999998E+31      0.99999998E+31      0.99999998E+31      0.99999998E+31      0.99999998E+31      0.99999998E+31      0.99999998E+31      0.99999998E+31
      0.99999998E+31      0.99999998E+31      0.99999998E+31      0.99999998E+31      0.99999998E+31      0.99999998E+31      0.99999998E+31      0.99999998E+31      0.99999998E+31      0.99999998E+31
      0.99999998E+31      0.99999998E+31      0.99999998E+31      0.99999998E+31      0.99999998E+31      0.99999998E+31      0.99999998E+31      0.99999998E+31      0.99999998E+31      0.99999998E+31
      0.99999998E+31      0.99999998E+31      0.99999998E+31      0.99999998E+31      0.99999998E+31      0.99999998E+31      0.99999998E+31      0.99999998E+31      0.99999998E+31      0.99999998E+31
      0.99999998E+31      0.99999998E+31      0.99999998E+31      0.99999998E+31      0.99999998E+31      0.99999998E+31      0.99999998E+31      0.99999998E+31      0.99999998E+31      0.99999998E+31
      0.99999998E+31      0.99999998E+31      0.99999998E+31      0.99999998E+31      0.99999998E+31      0.99999998E+31      0.99999998E+31      0.99999998E+31      0.99999998E+31      0.99999998E+31
      0.99999998E+31      0.99999998E+31      0.99999998E+31      0.99999998E+31      0.99999998E+31      0.99999998E+31      0.99999998E+31      0.99999998E+31      0.99999998E+31      0.99999998E+31
      0.99999998E+31      0.99999998E+31      0.99999998E+31      0.99999998E+31      0.99999998E+31      0.99999998E+31      0.99999998E+31      0.99999998E+31      0.99999998E+31      0.99999998E+31
      0.99999998E+31      0.99999998E+31      0.99999998E+31      0.99999998E+31      0.99999998E+31      0.99999998E+31      0.99999998E+31      0.99999998E+31      0.99999998E+31      0.99999998E+31
      0.99999998E+31      0.99999998E+31
      0.99999998E+31      0.99999998E+31      0.99999998E+31      0.99999998E+31      0.99999998E+31      0.99999998E+31      0.99999998E+31      0.99999998E+31      0.99999998E+31      0.99999998E+31
      0.99999998E+31      0.99999998E+31      0.99999998E+31      0.99999998E+31      0.99999998E+31      0.99999998E+31      0.99999998E+31      0.99999998E+31      0.99999998E+31      0.99999998E+31
      0.99999998E+31      0.99999998E+31      0.99999998E+31      0.99999998E+31      0.99999998E+31      0.99999998E+31      0.99999998E+31      0.99999998E+31      0.99999998E+31      0.99999998E+31
      0.99999998E+31      0.99999998E+31      0.99999998E+31      0.99999998E+31      0.99999998E+31      0.99999998E+31      0.99999998E+31      0.99999998E+31      0.99999998E+31      0.99999998E+31
      0.99999998E+31      0.99999998E+31      0.99999998E+31      0.99999998E+31      0.99999998E+31      0.99999998E+31      0.99999998E+31      0.99999998E+31      0.99999998E+31      0.99999998E+31
      0.99999998E+31      0.99999998E+31      0.99999998E+31      0.99999998E+31      0.99999998E+31      0.99999998E+31      0.99999998E+31      0.99999998E+31      0.99999998E+31      0.99999998E+31
      0.99999998E+31       1646.1169           1628.6560           1615.8912           1648.0006           1688.0004          0.99999998E+31      0.99999998E+31      0.99999998E+31      0.99999998E+31
      0.99999998E+31      0.99999998E+31      0.99999998E+31      0.99999998E+31      0.99999998E+31      0.99999998E+31      0.99999998E+31      0.99999998E+31      0.99999998E+31      0.99999998E+31
      0.99999998E+31      0.99999998E+31      0.99999998E+31      0.99999998E+31      0.99999998E+31      0.99999998E+31      0.99999998E+31      0.99999998E+31      0.99999998E+31      0.99999998E+31
      0.99999998E+31      0.99999998E+31      0.99999998E+31      0.99999998E+31      0.99999998E+31      0.99999998E+31      0.99999998E+31      0.99999998E+31      0.99999998E+31      0.99999998E+31
      0.99999998E+31      0.99999998E+31      0.99999998E+31      0.99999998E+31      0.99999998E+31      0.99999998E+31      0.99999998E+31      0.99999998E+31      0.99999998E+31      0.99999998E+31
      0.99999998E+31      0.99999998E+31       1437.4661           1441.2096           1444.5697           1447.3964           1449.8967           1452.6158           1455.4291           1456.4364    
       1455.3842          0.99999998E+31      0.99999998E+31      0.99999998E+31      0.99999998E+31      0.99999998E+31      0.99999998E+31      0.99999998E+31      0.99999998E+31      0.99999998E+31
      0.99999998E+31      0.99999998E+31      0.99999998E+31      0.99999998E+31      0.99999998E+31      0.99999998E+31      0.99999998E+31      0.99999998E+31      0.99999998E+31      0.99999998E+31
      0.99999998E+31      0.99999998E+31      0.99999998E+31      0.99999998E+31      0.99999998E+31      0.99999998E+31      0.99999998E+31      0.99999998E+31      0.99999998E+31      0.99999998E+31
      0.99999998E+31      0.99999998E+31      0.99999998E+31      0.99999998E+31      0.99999998E+31      0.99999998E+31      0.99999998E+31      0.99999998E+31      0.99999998E+31      0.99999998E+31
      0.99999998E+31      0.99999998E+31      0.99999998E+31      0.99999998E+31      0.99999998E+31      0.99999998E+31      0.99999998E+31      0.99999998E+31      0.99999998E+31      0.99999998E+31
      0.99999998E+31      0.99999998E+31      0.99999998E+31      0.99999998E+31      0.99999998E+31      0.99999998E+31      0.99999998E+31      0.99999998E+31      0.99999998E+31      0.99999998E+31
      0.99999998E+31      0.99999998E+31      0.99999998E+31      0.99999998E+31      0.99999998E+31      0.99999998E+31      0.99999998E+31      0.99999998E+31      0.99999998E+31      0.99999998E+31
      0.99999998E+31      0.99999998E+31      0.99999998E+31      0.99999998E+31      0.99999998E+31      0.99999998E+31      0.99999998E+31      0.99999998E+31      0.99999998E+31      0.99999998E+31
      0.99999998E+31      0.99999998E+31      0.99999998E+31      0.99999998E+31      0.99999998E+31      0.99999998E+31      0.99999998E+31      0.99999998E+31      0.99999998E+31      0.99999998E+31
      0.99999998E+31      0.99999998E+31      0.99999998E+31      0.99999998E+31      0.99999998E+31      0.99999998E+31      0.99999998E+31      0.99999998E+31      0.99999998E+31      0.99999998E+31
      0.99999998E+31      0.99999998E+31
      0.99999998E+31      0.99999998E+31      0.99999998E+31      0.99999998E+31      0.99999998E+31      0.99999998E+31      0.99999998E+31      0.99999998E+31      0.99999998E+31      0.99999998E+31
      0.99999998E+31      0.99999998E+31      0.99999998E+31      0.99999998E+31      0.99999998E+31      0.99999998E+31      0.99999998E+31      0.99999998E+31      0.99999998E+31      0.99999998E+31
      0.99999998E+31      0.99999998E+31      0.99999998E+31      0.99999998E+31      0.99999998E+31      0.99999998E+31      0.99999998E+31      0.99999998E+31      0.99999998E+31      0.99999998E+31
      0.99999998E+31      0.99999998E+31      0.99999998E+31      0.99999998E+31      0.99999998E+31      0.99999998E+31      0.99999998E+31      0.99999998E+31      0.99999998E+31      0.99999998E+31
      0.99999998E+31      0.99999998E+31      0.99999998E+31      0.99999998E+31      0.99999998E+31      0.99999998E+31      0.99999998E+31      0.99999998E+31      0.99999998E+31      0.99999998E+31
      0.99999998E+31      0.99999998E+31      0.99999998E+31      0.99999998E+31      0.99999998E+31      0.99999998E+31      0.99999998E+31      0.99999998E+31      0.99999998E+31      0.99999998E+31
      0.99999998E+31       1629.9729           1614.7577           1601.2800           1595.0111           1616.0011          0.99999998E+31      0.99999998E+31      0.99999998E+31      0.99999998E+31
      0.99999998E+31      0.99999998E+31      0.99999998E+31      0.99999998E+31      0.99999998E+31      0.99999998E+31      0.99999998E+31      0.99999998E+31      0.99999998E+31      0.99999998E+31
      0.99999998E+31      0.99999998E+31      0.99999998E+31      0.99999998E+31      0.99999998E+31      0.99999998E+31      0.99999998E+31      0.99999998E+31      0.99999998E+31      0.99999998E+31
      0.99999998E+31      0.99999998E+31      0.99999998E+31      0.99999998E+31      0.99999998E+31      0.99999998E+31      0.99999998E+31      0.99999998E+31      0.99999998E+31      0.99999998E+31
      0.99999998E+31      0.99999998E+31      0.99999998E+31      0.99999998E+31      0.99999998E+31      0.99999998E+31      0.99999998E+31      0.99999998E+31      0.99999998E+31      0.99999998E+31
      0.99999998E+31       1427.7400           1430.6212           1432.7645           1435.4037           1438.8169           1442.5721           1446.0671           1448.9904           1451.9088    
       1453.5544           1454.4282          0.99999998E+31      0.99999998E+31      0.99999998E+31      0.99999998E+31      0.99999998E+31      0.99999998E+31      0.99999998E+31      0.99999998E+31
      0.99999998E+31      0.99999998E+31      0.99999998E+31      0.99999998E+31      0.99999998E+31      0.99999998E+31      0.99999998E+31      0.99999998E+31      0.99999998E+31      0.99999998E+31
      0.99999998E+31      0.99999998E+31      0.99999998E+31      0.99999998E+31      0.99999998E+31      0.99999998E+31      0.99999998E+31      0.99999998E+31      0.99999998E+31      0.99999998E+31
      0.99999998E+31      0.99999998E+31      0.99999998E+31      0.99999998E+31      0.99999998E+31      0.99999998E+31      0.99999998E+31      0.99999998E+31      0.99999998E+31      0.99999998E+31
      0.99999998E+31      0.99999998E+31      0.99999998E+31      0.99999998E+31      0.99999998E+31      0.99999998E+31      0.99999998E+31      0.99999998E+31      0.99999998E+31      0.99999998E+31
      0.99999998E+31      0.99999998E+31      0.99999998E+31      0.99999998E+31      0.99999998E+31      0.99999998E+31      0.99999998E+31      0.99999998E+31      0.99999998E+31      0.99999998E+31
      0.99999998E+31      0.99999998E+31      0.99999998E+31      0.99999998E+31      0.99999998E+31      0.99999998E+31      0.99999998E+31      0.99999998E+31      0.99999998E+31      0.99999998E+31
      0.99999998E+31      0.99999998E+31      0.99999998E+31      0.99999998E+31      0.99999998E+31      0.99999998E+31      0.99999998E+31      0.99999998E+31      0.99999998E+31      0.99999998E+31
      0.99999998E+31      0.99999998E+31      0.99999998E+31      0.99999998E+31      0.99999998E+31      0.99999998E+31      0.99999998E+31      0.99999998E+31      0.99999998E+31      0.99999998E+31
      0.99999998E+31      0.99999998E+31      0.99999998E+31      0.99999998E+31      0.99999998E+31      0.99999998E+31      0.99999998E+31      0.99999998E+31      0.99999998E+31      0.99999998E+31
      0.99999998E+31      0.99999998E+31
      0.99999998E+31      0.99999998E+31      0.99999998E+31      0.99999998E+31      0.99999998E+31      0.99999998E+31      0.99999998E+31      0.99999998E+31      0.99999998E+31      0.99999998E+31
      0.99999998E+31      0.99999998E+31      0.99999998E+31      0.99999998E+31      0.99999998E+31      0.99999998E+31      0.99999998E+31      0.99999998E+31      0.99999998E+31      0.99999998E+31
      0.99999998E+31      0.99999998E+31      0.99999998E+31      0.99999998E+31      0.99999998E+31      0.99999998E+31      0.99999998E+31      0.99999998E+31      0.99999998E+31      0.99999998E+31
      0.99999998E+31      0.99999998E+31      0.99999998E+31      0.99999998E+31      0.99999998E+31      0.99999998E+31      0.99999998E+31      0.99999998E+31      0.99999998E+31      0.99999998E+31
      0.99999998E+31      0.99999998E+31      0.99999998E+31      0.99999998E+31      0.99999998E+31      0.99999998E+31      0.99999998E+31      0.99999998E+31      0.99999998E+31      0.99999998E+31
      0.99999998E+31      0.99999998E+31      0.99999998E+31      0.99999998E+31      0.99999998E+31      0.99999998E+31      0.99999998E+31      0.99999998E+31      0.99999998E+31      0.99999998E+31
      0.99999998E+31       1598.0194           1587.1254           1578.3214           1562.2037           1587.0007          0.99999998E+31      0.99999998E+31      0.99999998E+31      0.99999998E+31
      0.99999998E+31      0.99999998E+31      0.99999998E+31      0.99999998E+31      0.99999998E+31      0.99999998E+31      0.99999998E+31      0.99999998E+31      0.99999998E+31      0.99999998E+31
      0.99999998E+31      0.99999998E+31      0.99999998E+31      0.99999998E+31      0.99999998E+31      0.99999998E+31      0.99999998E+31      0.99999998E+31      0.99999998E+31      0.99999998E+31
      0.99999998E+31      0.99999998E+31      0.99999998E+31      0.99999998E+31      0.99999998E+31      0.99999998E+31      0.99999998E+31      0.99999998E+31      0.99999998E+31      0.99999998E+31
      0.99999998E+31      0.99999998E+31      0.99999998E+31      0.99999998E+31      0.99999998E+31      0.99999998E+31      0.99999998E+31      0.99999998E+31      0.99999998E+31      0.99999998E+31
      0.99999998E+31       1423.8591           1425.0364           1427.0103           1429.7018           1433.1914           1438.0570           1442.4480           1446.1880           1449.3234    
       1452.6018           1454.8052           1456.2622           1458.5300          0.99999998E+31      0.99999998E+31      0.99999998E+31      0.99999998E+31      0.99999998E+31      0.99999998E+31
      0.99999998E+31      0.99999998E+31      0.99999998E+31      0.99999998E+31      0.99999998E+31      0.99999998E+31      0.99999998E+31      0.99999998E+31      0.99999998E+31      0.99999998E+31
      0.99999998E+31      0.99999998E+31      0.99999998E+31      0.99999998E+31      0.99999998E+31      0.99999998E+31      0.99999998E+31      0.99999998E+31      0.99999998E+31      0.99999998E+31
      0.99999998E+31      0.99999998E+31      0.99999998E+31      0.99999998E+31      0.99999998E+31      0.99999998E+31      0.99999998E+31      0.99999998E+31      0.99999998E+31      0.99999998E+31
      0.99999998E+31      0.99999998E+31      0.99999998E+31      0.99999998E+31      0.99999998E+31      0.99999998E+31      0.99999998E+31      0.99999998E+31      0.99999998E+31      0.99999998E+31
      0.99999998E+31      0.99999998E+31      0.99999998E+31      0.99999998E+31      0.99999998E+31      0.99999998E+31      0.99999998E+31      0.99999998E+31      0.99999998E+31      0.99999998E+31
      0.99999998E+31      0.99999998E+31      0.99999998E+31      0.99999998E+31      0.99999998E+31      0.99999998E+31      0.99999998E+31      0.99999998E+31      0.99999998E+31      0.99999998E+31
      0.99999998E+31      0.99999998E+31      0.99999998E+31      0.99999998E+31      0.99999998E+31      0.99999998E+31      0.99999998E+31      0.99999998E+31      0.99999998E+31      0.99999998E+31
      0.99999998E+31      0.99999998E+31      0.99999998E+31      0.99999998E+31      0.99999998E+31      0.99999998E+31      0.99999998E+31      0.99999998E+31      0.99999998E+31      0.99999998E+31
      0.99999998E+31      0.99999998E+31      0.99999998E+31      0.99999998E+31      0.99999998E+31      0.99999998E+31      0.99999998E+31      0.99999998E+31      0.99999998E+31      0.99999998E+31
      0.99999998E+31      0.99999998E+31
      0.99999998E+31      0.99999998E+31      0.99999998E+31      0.99999998E+31      0.99999998E+31      0.99999998E+31      0.99999998E+31      0.99999998E+31      0.99999998E+31      0.99999998E+31
      0.99999998E+31      0.99999998E+31      0.99999998E+31      0.99999998E+31      0.99999998E+31      0.99999998E+31      0.99999998E+31      0.99999998E+31      0.99999998E+31      0.99999998E+31
      0.99999998E+31      0.99999998E+31      0.99999998E+31      0.99999998E+31      0.99999998E+31      0.99999998E+31      0.99999998E+31      0.99999998E+31      0.99999998E+31      0.99999998E+31
      0.99999998E+31      0.99999998E+31      0.99999998E+31      0.99999998E+31      0.99999998E+31      0.99999998E+31      0.99999998E+31      0.99999998E+31      0.99999998E+31      0.99999998E+31
      0.99999998E+31      0.99999998E+31      0.99999998E+31      0.99999998E+31      0.99999998E+31      0.99999998E+31      0.99999998E+31      0.99999998E+31      0.99999998E+31      0.99999998E+31
      0.99999998E+31      0.99999998E+31      0.99999998E+31      0.99999998E+31      0.99999998E+31      0.99999998E+31      0.99999998E+31      0.99999998E+31      0.99999998E+31      0.99999998E+31
      0.99999998E+31       1568.4727           1559.3108           1546.8149           1535.2167           1515.3188           1531.0009           1586.0002           1604.0002           1573.0005    
       1573.0002           1525.0005           1525.0004           1525.0004           1525.0004           1620.0002           1616.0006           1612.0010           1614.0006           1608.0013    
       1633.0005           1668.0000           1689.0000           1685.0000           1664.0000          0.99999998E+31      0.99999998E+31      0.99999998E+31      0.99999998E+31      0.99999998E+31
      0.99999998E+31      0.99999998E+31      0.99999998E+31      0.99999998E+31      0.99999998E+31      0.99999998E+31      0.99999998E+31      0.99999998E+31      0.99999998E+31      0.99999998E+31
      0.99999998E+31      0.99999998E+31      0.99999998E+31      0.99999998E+31      0.99999998E+31      0.99999998E+31      0.99999998E+31      0.99999998E+31      0.99999998E+31      0.99999998E+31
      0.99999998E+31       1418.7738           1420.1130           1422.1089           1424.5564           1428.0656           1435.2612           1440.7048           1445.0215           1448.5188    
       1451.9994           1453.6648           1455.2744           1459.5895           1472.1616           1491.8695           1502.5227          0.99999998E+31      0.99999998E+31      0.99999998E+31
      0.99999998E+31      0.99999998E+31      0.99999998E+31      0.99999998E+31      0.99999998E+31      0.99999998E+31      0.99999998E+31      0.99999998E+31      0.99999998E+31      0.99999998E+31
      0.99999998E+31      0.99999998E+31      0.99999998E+31      0.99999998E+31      0.99999998E+31      0.99999998E+31      0.99999998E+31      0.99999998E+31      0.99999998E+31      0.99999998E+31
      0.99999998E+31      0.99999998E+31      0.99999998E+31      0.99999998E+31      0.99999998E+31      0.99999998E+31      0.99999998E+31      0.99999998E+31      0.99999998E+31      0.99999998E+31
      0.99999998E+31      0.99999998E+31      0.99999998E+31      0.99999998E+31      0.99999998E+31      0.99999998E+31      0.99999998E+31      0.99999998E+31      0.99999998E+31      0.99999998E+31
      0.99999998E+31      0.99999998E+31      0.99999998E+31      0.99999998E+31      0.99999998E+31      0.99999998E+31      0.99999998E+31      0.99999998E+31      0.99999998E+31      0.99999998E+31
      0.99999998E+31      0.99999998E+31      0.99999998E+31      0.99999998E+31      0.99999998E+31      0.99999998E+31      0.99999998E+31      0.99999998E+31      0.99999998E+31      0.99999998E+31
      0.99999998E+31      0.99999998E+31      0.99999998E+31      0.99999998E+31      0.99999998E+31      0.99999998E+31      0.99999998E+31      0.99999998E+31      0.99999998E+31      0.99999998E+31
      0.99999998E+31      0.99999998E+31      0.99999998E+31      0.99999998E+31      0.99999998E+31      0.99999998E+31      0.99999998E+31      0.99999998E+31      0.99999998E+31      0.99999998E+31
      0.99999998E+31      0.99999998E+31      0.99999998E+31      0.99999998E+31      0.99999998E+31      0.99999998E+31      0.99999998E+31      0.99999998E+31      0.99999998E+31      0.99999998E+31
      0.99999998E+31      0.99999998E+31
      0.99999998E+31      0.99999998E+31      0.99999998E+31      0.99999998E+31      0.99999998E+31      0.99999998E+31      0.99999998E+31      0.99999998E+31      0.99999998E+31      0.99999998E+31
      0.99999998E+31      0.99999998E+31      0.99999998E+31      0.99999998E+31      0.99999998E+31      0.99999998E+31      0.99999998E+31      0.99999998E+31      0.99999998E+31      0.99999998E+31
      0.99999998E+31      0.99999998E+31      0.99999998E+31      0.99999998E+31      0.99999998E+31      0.99999998E+31      0.99999998E+31      0.99999998E+31      0.99999998E+31      0.99999998E+31
      0.99999998E+31      0.99999998E+31      0.99999998E+31      0.99999998E+31      0.99999998E+31      0.99999998E+31      0.99999998E+31      0.99999998E+31      0.99999998E+31      0.99999998E+31
      0.99999998E+31      0.99999998E+31      0.99999998E+31      0.99999998E+31      0.99999998E+31      0.99999998E+31      0.99999998E+31      0.99999998E+31      0.99999998E+31      0.99999998E+31
      0.99999998E+31      0.99999998E+31      0.99999998E+31      0.99999998E+31      0.99999998E+31      0.99999998E+31      0.99999998E+31      0.99999998E+31      0.99999998E+31      0.99999998E+31
      0.99999998E+31       1540.1194           1527.5900           1511.4275           1498.6855           1488.3691           1479.9254           1478.3531           1479.0004           1476.0004    
       1433.0004           1383.0010           1378.0006           1332.0015           1330.0017           1473.0002           1566.0001           1572.0004           1566.0007           1573.0011    
       1593.0002           1618.0000           1632.0000           1626.0000           1612.0000          0.99999998E+31      0.99999998E+31      0.99999998E+31      0.99999998E+31      0.99999998E+31
      0.99999998E+31      0.99999998E+31      0.99999998E+31      0.99999998E+31      0.99999998E+31      0.99999998E+31      0.99999998E+31      0.99999998E+31      0.99999998E+31      0.99999998E+31
      0.99999998E+31      0.99999998E+31      0.99999998E+31      0.99999998E+31      0.99999998E+31      0.99999998E+31      0.99999998E+31       1404.8757           1405.6940           1407.3438    
       1410.0245           1413.4431           1415.3912           1417.2947           1419.0750           1420.6952          0.99999998E+31      0.99999998E+31      0.99999998E+31      0.99999998E+31
       1452.5135           1452.6644           1452.8182           1453.4832           1456.4865           1460.6605           1468.4409           1487.0273           1512.8845           1537.5327    
      0.99999998E+31      0.99999998E+31      0.99999998E+31      0.99999998E+31      0.99999998E+31      0.99999998E+31      0.99999998E+31      0.99999998E+31      0.99999998E+31      0.99999998E+31
      0.99999998E+31      0.99999998E+31      0.99999998E+31      0.99999998E+31      0.99999998E+31      0.99999998E+31      0.99999998E+31      0.99999998E+31      0.99999998E+31      0.99999998E+31
      0.99999998E+31      0.99999998E+31      0.99999998E+31      0.99999998E+31      0.99999998E+31      0.99999998E+31      0.99999998E+31      0.99999998E+31      0.99999998E+31      0.99999998E+31
      0.99999998E+31      0.99999998E+31      0.99999998E+31      0.99999998E+31      0.99999998E+31      0.99999998E+31      0.99999998E+31      0.99999998E+31      0.99999998E+31      0.99999998E+31
      0.99999998E+31      0.99999998E+31      0.99999998E+31      0.99999998E+31      0.99999998E+31      0.99999998E+31      0.99999998E+31      0.99999998E+31      0.99999998E+31      0.99999998E+31
      0.99999998E+31      0.99999998E+31      0.99999998E+31      0.99999998E+31      0.99999998E+31      0.99999998E+31      0.99999998E+31      0.99999998E+31      0.99999998E+31      0.99999998E+31
      0.99999998E+31      0.99999998E+31      0.99999998E+31      0.99999998E+31      0.99999998E+31      0.99999998E+31      0.99999998E+31      0.99999998E+31      0.99999998E+31      0.99999998E+31
      0.99999998E+31      0.99999998E+31      0.99999998E+31      0.99999998E+31      0.99999998E+31      0.99999998E+31      0.99999998E+31      0.99999998E+31      0.99999998E+31      0.99999998E+31
      0.99999998E+31      0.99999998E+31      0.99999998E+31      0.99999998E+31      0.99999998E+31      0.99999998E+31      0.99999998E+31      0.99999998E+31      0.99999998E+31      0.99999998E+31
      0.99999998E+31      0.99999998E+31
      0.99999998E+31      0.99999998E+31      0.99999998E+31      0.99999998E+31      0.99999998E+31      0.99999998E+31      0.99999998E+31      0.99999998E+31      0.99999998E+31      0.99999998E+31
      0.99999998E+31      0.99999998E+31      0.99999998E+31      0.99999998E+31      0.99999998E+31      0.99999998E+31      0.99999998E+31      0.99999998E+31      0.99999998E+31      0.99999998E+31
      0.99999998E+31      0.99999998E+31      0.99999998E+31      0.99999998E+31      0.99999998E+31      0.99999998E+31      0.99999998E+31      0.99999998E+31      0.99999998E+31      0.99999998E+31
      0.99999998E+31      0.99999998E+31      0.99999998E+31      0.99999998E+31      0.99999998E+31      0.99999998E+31      0.99999998E+31      0.99999998E+31      0.99999998E+31      0.99999998E+31
      0.99999998E+31      0.99999998E+31      0.99999998E+31      0.99999998E+31      0.99999998E+31      0.99999998E+31      0.99999998E+31      0.99999998E+31      0.99999998E+31      0.99999998E+31
      0.99999998E+31      0.99999998E+31      0.99999998E+31      0.99999998E+31      0.99999998E+31      0.99999998E+31      0.99999998E+31      0.99999998E+31      0.99999998E+31      0.99999998E+31
      0.99999998E+31       1522.1353           1499.8790           1482.1666           1465.4504           1449.9556           1428.8983           1408.2755           1388.5176           1357.1108    
       1322.9094           1306.0187           1301.9218           1285.6469           1280.1278           1278.3540           1327.0007           1448.0002           1513.0002           1532.0007    
       1534.0006           1565.0000           1560.0000           1580.0000           1563.0000           1543.0000          0.99999998E+31      0.99999998E+31      0.99999998E+31      0.99999998E+31
      0.99999998E+31      0.99999998E+31      0.99999998E+31      0.99999998E+31      0.99999998E+31      0.99999998E+31      0.99999998E+31      0.99999998E+31      0.99999998E+31      0.99999998E+31
      0.99999998E+31      0.99999998E+31      0.99999998E+31      0.99999998E+31      0.99999998E+31      0.99999998E+31       1403.6086           1403.8547           1404.3916           1405.4176    
       1407.0848           1409.2131           1410.8564           1411.9065           1412.8610           1413.8790          0.99999998E+31      0.99999998E+31      0.99999998E+31      0.99999998E+31
      0.99999998E+31       1451.5420           1449.6244           1446.6180           1444.4634           1442.7769           1442.3467           1445.3773           1459.8142           1477.9065    
      0.99999998E+31      0.99999998E+31      0.99999998E+31      0.99999998E+31      0.99999998E+31      0.99999998E+31      0.99999998E+31      0.99999998E+31      0.99999998E+31      0.99999998E+31
      0.99999998E+31      0.99999998E+31      0.99999998E+31      0.99999998E+31      0.99999998E+31      0.99999998E+31      0.99999998E+31      0.99999998E+31      0.99999998E+31      0.99999998E+31
      0.99999998E+31      0.99999998E+31      0.99999998E+31      0.99999998E+31      0.99999998E+31      0.99999998E+31      0.99999998E+31      0.99999998E+31      0.99999998E+31      0.99999998E+31
      0.99999998E+31      0.99999998E+31      0.99999998E+31      0.99999998E+31      0.99999998E+31      0.99999998E+31      0.99999998E+31      0.99999998E+31      0.99999998E+31      0.99999998E+31
      0.99999998E+31      0.99999998E+31      0.99999998E+31      0.99999998E+31      0.99999998E+31      0.99999998E+31      0.99999998E+31      0.99999998E+31      0.99999998E+31      0.99999998E+31
      0.99999998E+31      0.99999998E+31      0.99999998E+31      0.99999998E+31      0.99999998E+31      0.99999998E+31      0.99999998E+31      0.99999998E+31      0.99999998E+31      0.99999998E+31
      0.99999998E+31      0.99999998E+31      0.99999998E+31      0.99999998E+31      0.99999998E+31      0.99999998E+31      0.99999998E+31      0.99999998E+31      0.99999998E+31      0.99999998E+31
      0.99999998E+31      0.99999998E+31      0.99999998E+31      0.99999998E+31      0.99999998E+31      0.99999998E+31      0.99999998E+31      0.99999998E+31      0.99999998E+31      0.99999998E+31
      0.99999998E+31      0.99999998E+31      0.99999998E+31      0.99999998E+31      0.99999998E+31      0.99999998E+31      0.99999998E+31      0.99999998E+31      0.99999998E+31      0.99999998E+31
      0.99999998E+31      0.99999998E+31
      0.99999998E+31      0.99999998E+31      0.99999998E+31      0.99999998E+31      0.99999998E+31      0.99999998E+31      0.99999998E+31      0.99999998E+31      0.99999998E+31      0.99999998E+31
      0.99999998E+31      0.99999998E+31      0.99999998E+31      0.99999998E+31      0.99999998E+31      0.99999998E+31      0.99999998E+31      0.99999998E+31      0.99999998E+31      0.99999998E+31
      0.99999998E+31      0.99999998E+31      0.99999998E+31      0.99999998E+31      0.99999998E+31      0.99999998E+31      0.99999998E+31      0.99999998E+31      0.99999998E+31      0.99999998E+31
      0.99999998E+31      0.99999998E+31      0.99999998E+31      0.99999998E+31      0.99999998E+31      0.99999998E+31      0.99999998E+31      0.99999998E+31      0.99999998E+31      0.99999998E+31
      0.99999998E+31      0.99999998E+31      0.99999998E+31      0.99999998E+31      0.99999998E+31      0.99999998E+31      0.99999998E+31      0.99999998E+31      0.99999998E+31      0.99999998E+31
      0.99999998E+31      0.99999998E+31      0.99999998E+31      0.99999998E+31      0.99999998E+31      0.99999998E+31      0.99999998E+31      0.99999998E+31      0.99999998E+31      0.99999998E+31
      0.99999998E+31       1500.4597           1474.3444           1454.5657           1438.5238           1422.8652           1403.6198           1382.9551           1366.9006           1347.5250    
       1323.7982           1303.4482           1294.5272           1286.5876           1280.4012           1278.1307           1276.8336           1276.2366           1374.0004           1486.0002    
       1512.0001           1490.0001           1509.0000           1524.0000           1504.0000           1487.0000          0.99999998E+31      0.99999998E+31      0.99999998E+31      0.99999998E+31
      0.99999998E+31      0.99999998E+31      0.99999998E+31      0.99999998E+31      0.99999998E+31      0.99999998E+31      0.99999998E+31      0.99999998E+31      0.99999998E+31      0.99999998E+31
      0.99999998E+31      0.99999998E+31      0.99999998E+31      0.99999998E+31       1403.9210           1403.5477           1403.0192           1402.6941           1402.8735           1403.5085    
       1404.5200           1405.7491           1406.6418           1407.0128           1407.0562           1406.8378          0.99999998E+31      0.99999998E+31      0.99999998E+31      0.99999998E+31
      0.99999998E+31      0.99999998E+31       1446.2584           1439.9210           1434.1927           1427.2539           1418.3798           1404.2556           1398.1550           1383.7908    
       1345.5928          0.99999998E+31      0.99999998E+31      0.99999998E+31      0.99999998E+31      0.99999998E+31      0.99999998E+31      0.99999998E+31      0.99999998E+31      0.99999998E+31
      0.99999998E+31      0.99999998E+31      0.99999998E+31      0.99999998E+31      0.99999998E+31      0.99999998E+31      0.99999998E+31      0.99999998E+31      0.99999998E+31      0.99999998E+31
      0.99999998E+31      0.99999998E+31      0.99999998E+31      0.99999998E+31      0.99999998E+31      0.99999998E+31      0.99999998E+31      0.99999998E+31      0.99999998E+31      0.99999998E+31
      0.99999998E+31      0.99999998E+31      0.99999998E+31      0.99999998E+31      0.99999998E+31      0.99999998E+31      0.99999998E+31      0.99999998E+31      0.99999998E+31      0.99999998E+31
      0.99999998E+31      0.99999998E+31      0.99999998E+31      0.99999998E+31      0.99999998E+31      0.99999998E+31      0.99999998E+31      0.99999998E+31      0.99999998E+31      0.99999998E+31
      0.99999998E+31      0.99999998E+31      0.99999998E+31      0.99999998E+31      0.99999998E+31      0.99999998E+31      0.99999998E+31      0.99999998E+31      0.99999998E+31      0.99999998E+31
      0.99999998E+31      0.99999998E+31      0.99999998E+31      0.99999998E+31      0.99999998E+31      0.99999998E+31      0.99999998E+31      0.99999998E+31      0.99999998E+31      0.99999998E+31
      0.99999998E+31      0.99999998E+31      0.99999998E+31      0.99999998E+31      0.99999998E+31      0.99999998E+31      0.99999998E+31      0.99999998E+31      0.99999998E+31      0.99999998E+31
      0.99999998E+31      0.99999998E+31      0.99999998E+31      0.99999998E+31      0.99999998E+31      0.99999998E+31      0.99999998E+31      0.99999998E+31      0.99999998E+31      0.99999998E+31
      0.99999998E+31      0.99999998E+31
      0.99999998E+31      0.99999998E+31      0.99999998E+31      0.99999998E+31      0.99999998E+31      0.99999998E+31      0.99999998E+31      0.99999998E+31      0.99999998E+31      0.99999998E+31
      0.99999998E+31      0.99999998E+31      0.99999998E+31      0.99999998E+31      0.99999998E+31      0.99999998E+31      0.99999998E+31      0.99999998E+31      0.99999998E+31      0.99999998E+31
      0.99999998E+31      0.99999998E+31      0.99999998E+31      0.99999998E+31      0.99999998E+31      0.99999998E+31      0.99999998E+31      0.99999998E+31      0.99999998E+31      0.99999998E+31
      0.99999998E+31      0.99999998E+31      0.99999998E+31      0.99999998E+31      0.99999998E+31      0.99999998E+31      0.99999998E+31      0.99999998E+31      0.99999998E+31      0.99999998E+31
      0.99999998E+31      0.99999998E+31      0.99999998E+31      0.99999998E+31      0.99999998E+31      0.99999998E+31      0.99999998E+31      0.99999998E+31      0.99999998E+31      0.99999998E+31
      0.99999998E+31      0.99999998E+31      0.99999998E+31      0.99999998E+31      0.99999998E+31      0.99999998E+31      0.99999998E+31      0.99999998E+31      0.99999998E+31      0.99999998E+31
      0.99999998E+31       1466.2334           1445.8481           1429.5183           1415.6832           1401.6824           1388.1068           1372.4167           1354.2535           1335.3322    
       1317.0115           1302.1833           1293.1494           1285.9020           1280.7667           1278.2139           1276.8632           1276.0784           1275.8557           1345.0002    
       1460.0001           1460.0000           1453.0000           1463.0000           1460.0000           1445.0000          0.99999998E+31      0.99999998E+31      0.99999998E+31      0.99999998E+31
      0.99999998E+31      0.99999998E+31      0.99999998E+31      0.99999998E+31      0.99999998E+31      0.99999998E+31      0.99999998E+31      0.99999998E+31      0.99999998E+31      0.99999998E+31
      0.99999998E+31      0.99999998E+31      0.99999998E+31      0.99999998E+31       1403.1718           1402.7832           1401.8533           1401.3550           1401.3103           1401.4862    
       1401.8392           1402.1902           1402.2555           1401.8528           1400.9706           1399.5823           1397.3257          0.99999998E+31      0.99999998E+31      0.99999998E+31
      0.99999998E+31      0.99999998E+31      0.99999998E+31       1434.7300           1424.8431           1413.2057           1396.4801           1378.1764           1356.4919           1334.0200    
       1318.2408           1313.9999           1316.9812          0.99999998E+31      0.99999998E+31      0.99999998E+31      0.99999998E+31      0.99999998E+31      0.99999998E+31      0.99999998E+31
      0.99999998E+31      0.99999998E+31      0.99999998E+31      0.99999998E+31      0.99999998E+31      0.99999998E+31      0.99999998E+31      0.99999998E+31      0.99999998E+31      0.99999998E+31
      0.99999998E+31      0.99999998E+31      0.99999998E+31      0.99999998E+31      0.99999998E+31      0.99999998E+31      0.99999998E+31      0.99999998E+31      0.99999998E+31      0.99999998E+31
      0.99999998E+31      0.99999998E+31      0.99999998E+31      0.99999998E+31      0.99999998E+31      0.99999998E+31      0.99999998E+31      0.99999998E+31      0.99999998E+31      0.99999998E+31
      0.99999998E+31      0.99999998E+31      0.99999998E+31      0.99999998E+31      0.99999998E+31      0.99999998E+31      0.99999998E+31      0.99999998E+31      0.99999998E+31      0.99999998E+31
      0.99999998E+31      0.99999998E+31      0.99999998E+31      0.99999998E+31      0.99999998E+31      0.99999998E+31      0.99999998E+31      0.99999998E+31      0.99999998E+31      0.99999998E+31
      0.99999998E+31      0.99999998E+31      0.99999998E+31      0.99999998E+31      0.99999998E+31      0.99999998E+31      0.99999998E+31      0.99999998E+31      0.99999998E+31      0.99999998E+31
      0.99999998E+31      0.99999998E+31      0.99999998E+31      0.99999998E+31      0.99999998E+31      0.99999998E+31      0.99999998E+31      0.99999998E+31      0.99999998E+31      0.99999998E+31
      0.99999998E+31      0.99999998E+31      0.99999998E+31      0.99999998E+31      0.99999998E+31      0.99999998E+31      0.99999998E+31      0.99999998E+31      0.99999998E+31      0.99999998E+31
      0.99999998E+31      0.99999998E+31
      0.99999998E+31      0.99999998E+31      0.99999998E+31      0.99999998E+31      0.99999998E+31      0.99999998E+31      0.99999998E+31      0.99999998E+31      0.99999998E+31      0.99999998E+31
      0.99999998E+31      0.99999998E+31      0.99999998E+31      0.99999998E+31      0.99999998E+31      0.99999998E+31      0.99999998E+31      0.99999998E+31      0.99999998E+31      0.99999998E+31
      0.99999998E+31      0.99999998E+31      0.99999998E+31      0.99999998E+31      0.99999998E+31      0.99999998E+31      0.99999998E+31      0.99999998E+31      0.99999998E+31      0.99999998E+31
      0.99999998E+31      0.99999998E+31      0.99999998E+31      0.99999998E+31      0.99999998E+31      0.99999998E+31      0.99999998E+31      0.99999998E+31      0.99999998E+31      0.99999998E+31
      0.99999998E+31      0.99999998E+31      0.99999998E+31      0.99999998E+31      0.99999998E+31      0.99999998E+31      0.99999998E+31      0.99999998E+31      0.99999998E+31      0.99999998E+31
      0.99999998E+31      0.99999998E+31      0.99999998E+31      0.99999998E+31      0.99999998E+31      0.99999998E+31      0.99999998E+31       1572.4982           1546.3306           1513.2755    
       1498.0270           1445.3687           1424.5946           1406.2788           1394.1320           1382.4235           1370.0607           1356.1764           1339.5225           1322.7825    
       1309.6750           1299.3986           1291.7875           1285.0758           1280.8602           1278.3639           1276.9662           1276.5068           1276.9700           1278.8826    
       1281.6355           1285.4598           1290.3995           1296.2006           1301.7113           1305.2150          0.99999998E+31      0.99999998E+31      0.99999998E+31      0.99999998E+31
      0.99999998E+31      0.99999998E+31      0.99999998E+31      0.99999998E+31      0.99999998E+31      0.99999998E+31      0.99999998E+31      0.99999998E+31      0.99999998E+31      0.99999998E+31
      0.99999998E+31      0.99999998E+31      0.99999998E+31       1399.9464           1401.3424           1401.0940           1400.3463           1399.8309           1399.6494           1399.5300    
       1399.4281           1399.1356           1398.4192           1397.1324           1395.3218           1393.0846           1390.8845          0.99999998E+31      0.99999998E+31      0.99999998E+31
      0.99999998E+31      0.99999998E+31      0.99999998E+31      0.99999998E+31       1412.7327           1397.2230           1378.3281           1357.7135           1335.2603           1312.8004    
       1295.3412           1287.2882           1289.8849          0.99999998E+31      0.99999998E+31      0.99999998E+31      0.99999998E+31      0.99999998E+31      0.99999998E+31      0.99999998E+31
      0.99999998E+31      0.99999998E+31      0.99999998E+31      0.99999998E+31      0.99999998E+31      0.99999998E+31      0.99999998E+31      0.99999998E+31      0.99999998E+31      0.99999998E+31
      0.99999998E+31      0.99999998E+31      0.99999998E+31      0.99999998E+31      0.99999998E+31      0.99999998E+31      0.99999998E+31      0.99999998E+31      0.99999998E+31      0.99999998E+31
      0.99999998E+31      0.99999998E+31      0.99999998E+31      0.99999998E+31      0.99999998E+31      0.99999998E+31      0.99999998E+31      0.99999998E+31      0.99999998E+31      0.99999998E+31
      0.99999998E+31      0.99999998E+31      0.99999998E+31      0.99999998E+31      0.99999998E+31      0.99999998E+31      0.99999998E+31      0.99999998E+31      0.99999998E+31      0.99999998E+31
      0.99999998E+31      0.99999998E+31      0.99999998E+31      0.99999998E+31      0.99999998E+31      0.99999998E+31      0.99999998E+31      0.99999998E+31      0.99999998E+31      0.99999998E+31
      0.99999998E+31      0.99999998E+31      0.99999998E+31      0.99999998E+31      0.99999998E+31      0.99999998E+31      0.99999998E+31      0.99999998E+31      0.99999998E+31      0.99999998E+31
      0.99999998E+31      0.99999998E+31      0.99999998E+31      0.99999998E+31      0.99999998E+31      0.99999998E+31      0.99999998E+31      0.99999998E+31      0.99999998E+31      0.99999998E+31
      0.99999998E+31      0.99999998E+31      0.99999998E+31      0.99999998E+31      0.99999998E+31      0.99999998E+31      0.99999998E+31      0.99999998E+31      0.99999998E+31      0.99999998E+31
      0.99999998E+31      0.99999998E+31
      0.99999998E+31      0.99999998E+31      0.99999998E+31      0.99999998E+31      0.99999998E+31      0.99999998E+31      0.99999998E+31      0.99999998E+31      0.99999998E+31      0.99999998E+31
      0.99999998E+31      0.99999998E+31      0.99999998E+31      0.99999998E+31      0.99999998E+31      0.99999998E+31      0.99999998E+31      0.99999998E+31      0.99999998E+31      0.99999998E+31
      0.99999998E+31      0.99999998E+31      0.99999998E+31      0.99999998E+31      0.99999998E+31      0.99999998E+31       1236.2340           1236.2494           1236.3148           1236.4572    
       1236.6904           1237.1630           1237.9664           1239.0398           1240.4073           1243.2273           1247.8961           1250.6361           1252.2151           1253.0690    
       1252.4200           1249.5822           1247.8673           1247.9255           1248.3068           1249.0917           1250.7183           1253.0748           1255.3285          0.99999998E+31
      0.99999998E+31      0.99999998E+31      0.99999998E+31      0.99999998E+31      0.99999998E+31      0.99999998E+31      0.99999998E+31       1514.9388           1467.0251           1452.4559    
       1437.2963           1417.3871           1401.0652           1384.2317           1374.5334           1364.6206           1353.8544           1341.2616           1326.9413           1313.0070    
       1302.4807           1294.9258           1289.8582           1284.5308           1280.6302           1277.9713           1276.9716           1277.0464           1278.1719           1280.5599    
       1284.1643           1289.2937           1295.9043           1302.9222           1308.6443           1312.3241          0.99999998E+31      0.99999998E+31      0.99999998E+31      0.99999998E+31
      0.99999998E+31      0.99999998E+31      0.99999998E+31      0.99999998E+31      0.99999998E+31      0.99999998E+31      0.99999998E+31      0.99999998E+31      0.99999998E+31      0.99999998E+31
      0.99999998E+31      0.99999998E+31      0.99999998E+31       1397.5359           1398.3119           1398.7534           1398.3911           1398.0994           1397.9508           1397.6316    
       1397.2937           1396.6672           1395.2550           1393.1312           1390.1322           1386.5283           1383.2737          0.99999998E+31      0.99999998E+31      0.99999998E+31
      0.99999998E+31      0.99999998E+31      0.99999998E+31      0.99999998E+31      0.99999998E+31       1382.1760           1363.8644           1344.5797           1320.6979           1295.4786    
       1272.5892           1256.3191           1242.6014           1225.5742           1219.0618           1212.2325          0.99999998E+31      0.99999998E+31      0.99999998E+31      0.99999998E+31
      0.99999998E+31      0.99999998E+31      0.99999998E+31      0.99999998E+31      0.99999998E+31      0.99999998E+31      0.99999998E+31      0.99999998E+31      0.99999998E+31      0.99999998E+31
      0.99999998E+31      0.99999998E+31      0.99999998E+31      0.99999998E+31      0.99999998E+31      0.99999998E+31      0.99999998E+31      0.99999998E+31      0.99999998E+31      0.99999998E+31
      0.99999998E+31      0.99999998E+31      0.99999998E+31      0.99999998E+31      0.99999998E+31      0.99999998E+31      0.99999998E+31      0.99999998E+31      0.99999998E+31      0.99999998E+31
      0.99999998E+31      0.99999998E+31      0.99999998E+31      0.99999998E+31      0.99999998E+31      0.99999998E+31      0.99999998E+31      0.99999998E+31      0.99999998E+31      0.99999998E+31
      0.99999998E+31      0.99999998E+31      0.99999998E+31      0.99999998E+31      0.99999998E+31      0.99999998E+31      0.99999998E+31      0.99999998E+31      0.99999998E+31      0.99999998E+31
      0.99999998E+31      0.99999998E+31      0.99999998E+31      0.99999998E+31      0.99999998E+31      0.99999998E+31      0.99999998E+31      0.99999998E+31      0.99999998E+31      0.99999998E+31
      0.99999998E+31      0.99999998E+31      0.99999998E+31      0.99999998E+31      0.99999998E+31      0.99999998E+31      0.99999998E+31      0.99999998E+31      0.99999998E+31      0.99999998E+31
      0.99999998E+31      0.99999998E+31      0.99999998E+31      0.99999998E+31      0.99999998E+31      0.99999998E+31      0.99999998E+31      0.99999998E+31      0.99999998E+31      0.99999998E+31
      0.99999998E+31      0.99999998E+31
      0.99999998E+31      0.99999998E+31      0.99999998E+31      0.99999998E+31      0.99999998E+31      0.99999998E+31      0.99999998E+31      0.99999998E+31      0.99999998E+31      0.99999998E+31
      0.99999998E+31      0.99999998E+31      0.99999998E+31      0.99999998E+31      0.99999998E+31      0.99999998E+31      0.99999998E+31      0.99999998E+31      0.99999998E+31      0.99999998E+31
      0.99999998E+31      0.99999998E+31      0.99999998E+31      0.99999998E+31      0.99999998E+31      0.99999998E+31       1235.7605           1235.7725           1235.8176           1235.9183    
       1236.1118           1236.4069           1236.9408           1237.9236           1239.3091           1240.6660           1243.2213           1245.5927           1246.7977           1247.2164    
       1247.3435           1246.1543           1246.3718           1246.8042           1247.3964           1248.2089           1249.5677           1252.4574           1256.8673           1267.4843    
       1270.4075           1276.3944           1292.3264           1302.2305           1312.2731           1323.8955           1339.0768           1387.3505           1397.0928           1400.2567    
       1394.1178           1386.6787           1376.4275           1364.3339           1356.6460           1348.4376           1339.4877           1328.5380           1315.6704           1304.6736    
       1296.1628           1290.0206           1285.7048           1282.7633           1279.9479           1277.4863           1277.0300           1277.6694           1279.1803           1282.3418    
       1287.3530           1294.1528           1302.7997           1312.0731           1320.2126           1324.9763          0.99999998E+31      0.99999998E+31      0.99999998E+31      0.99999998E+31
      0.99999998E+31      0.99999998E+31      0.99999998E+31      0.99999998E+31      0.99999998E+31      0.99999998E+31      0.99999998E+31      0.99999998E+31      0.99999998E+31      0.99999998E+31
      0.99999998E+31      0.99999998E+31      0.99999998E+31       1394.6477           1395.4558           1395.8845           1395.9015           1395.8645           1395.6262           1395.4565    
       1395.0629           1394.2579           1392.4812           1389.5640           1385.1151           1379.3629           1373.1211           1364.4694           1357.8593          0.99999998E+31
      0.99999998E+31      0.99999998E+31      0.99999998E+31      0.99999998E+31      0.99999998E+31      0.99999998E+31       1351.0001           1337.2919           1309.4742           1285.4724    
       1252.6002           1232.8214           1217.9963           1207.0583           1199.1417           1196.6738           1195.3145           1194.4629           1200.5977           1211.7963    
      0.99999998E+31      0.99999998E+31      0.99999998E+31      0.99999998E+31      0.99999998E+31      0.99999998E+31      0.99999998E+31      0.99999998E+31      0.99999998E+31      0.99999998E+31
      0.99999998E+31      0.99999998E+31      0.99999998E+31      0.99999998E+31      0.99999998E+31      0.99999998E+31      0.99999998E+31      0.99999998E+31      0.99999998E+31      0.99999998E+31
      0.99999998E+31      0.99999998E+31      0.99999998E+31      0.99999998E+31      0.99999998E+31      0.99999998E+31      0.99999998E+31      0.99999998E+31      0.99999998E+31      0.99999998E+31
      0.99999998E+31      0.99999998E+31      0.99999998E+31      0.99999998E+31      0.99999998E+31      0.99999998E+31      0.99999998E+31      0.99999998E+31      0.99999998E+31      0.99999998E+31
      0.99999998E+31      0.99999998E+31      0.99999998E+31      0.99999998E+31      0.99999998E+31      0.99999998E+31      0.99999998E+31      0.99999998E+31      0.99999998E+31      0.99999998E+31
      0.99999998E+31      0.99999998E+31      0.99999998E+31      0.99999998E+31      0.99999998E+31      0.99999998E+31      0.99999998E+31      0.99999998E+31      0.99999998E+31      0.99999998E+31
      0.99999998E+31      0.99999998E+31      0.99999998E+31      0.99999998E+31      0.99999998E+31      0.99999998E+31      0.99999998E+31      0.99999998E+31      0.99999998E+31      0.99999998E+31
      0.99999998E+31      0.99999998E+31      0.99999998E+31      0.99999998E+31      0.99999998E+31      0.99999998E+31      0.99999998E+31      0.99999998E+31      0.99999998E+31      0.99999998E+31
      0.99999998E+31      0.99999998E+31
      0.99999998E+31      0.99999998E+31      0.99999998E+31      0.99999998E+31      0.99999998E+31      0.99999998E+31      0.99999998E+31      0.99999998E+31      0.99999998E+31      0.99999998E+31
      0.99999998E+31      0.99999998E+31      0.99999998E+31      0.99999998E+31      0.99999998E+31      0.99999998E+31      0.99999998E+31      0.99999998E+31      0.99999998E+31      0.99999998E+31
      0.99999998E+31      0.99999998E+31      0.99999998E+31      0.99999998E+31      0.99999998E+31      0.99999998E+31       1235.3038           1235.2748           1235.2656           1235.2916    
       1235.3596           1235.4663           1235.6426           1236.4863           1237.1194           1237.6431           1238.6423           1240.3386           1242.2928           1243.3396    
       1243.5721           1243.9940           1244.6664           1245.4573           1246.3175           1247.3169           1248.6777           1250.9510           1256.6910           1261.8822    
       1265.9241           1272.0906           1282.5273           1292.0879           1299.2784           1310.0637           1323.7729           1339.5283           1351.6505           1359.4691    
       1359.8494           1356.7405           1352.1438           1347.6720           1341.4946           1333.9492           1325.8931           1316.6671           1306.4779           1297.8312    
       1291.1349           1286.2686           1282.7915           1280.1556           1278.1636           1276.9248           1276.9116           1277.9344           1280.1472           1283.9497    
       1290.1904           1299.4148           1310.7393           1323.3073           1334.7478           1342.6882          0.99999998E+31      0.99999998E+31      0.99999998E+31      0.99999998E+31
      0.99999998E+31      0.99999998E+31      0.99999998E+31      0.99999998E+31      0.99999998E+31      0.99999998E+31      0.99999998E+31      0.99999998E+31      0.99999998E+31      0.99999998E+31
      0.99999998E+31      0.99999998E+31      0.99999998E+31       1390.7842           1391.3983           1391.8942           1392.1874           1392.8226           1392.9233           1392.8119    
       1392.4891           1391.7456           1390.1073           1386.6058           1380.8728           1373.0334           1364.9014           1356.0912           1347.7960           1335.4900    
       1324.4520           1316.1040           1309.9136          0.99999998E+31      0.99999998E+31      0.99999998E+31      0.99999998E+31      0.99999998E+31      0.99999998E+31      0.99999998E+31
       1225.9233           1213.3787           1201.8667           1193.6273           1187.9097           1182.6947           1178.5106           1176.3108           1176.3914           1183.1074    
       1211.2432           1301.3591           1366.0658           1397.0092          0.99999998E+31      0.99999998E+31      0.99999998E+31      0.99999998E+31      0.99999998E+31      0.99999998E+31
      0.99999998E+31      0.99999998E+31      0.99999998E+31      0.99999998E+31      0.99999998E+31      0.99999998E+31      0.99999998E+31      0.99999998E+31      0.99999998E+31      0.99999998E+31
      0.99999998E+31      0.99999998E+31      0.99999998E+31      0.99999998E+31      0.99999998E+31      0.99999998E+31      0.99999998E+31      0.99999998E+31      0.99999998E+31      0.99999998E+31
      0.99999998E+31      0.99999998E+31      0.99999998E+31      0.99999998E+31      0.99999998E+31      0.99999998E+31      0.99999998E+31      0.99999998E+31      0.99999998E+31      0.99999998E+31
      0.99999998E+31      0.99999998E+31      0.99999998E+31      0.99999998E+31      0.99999998E+31      0.99999998E+31      0.99999998E+31      0.99999998E+31      0.99999998E+31      0.99999998E+31
      0.99999998E+31      0.99999998E+31      0.99999998E+31      0.99999998E+31      0.99999998E+31      0.99999998E+31      0.99999998E+31      0.99999998E+31      0.99999998E+31      0.99999998E+31
      0.99999998E+31      0.99999998E+31      0.99999998E+31      0.99999998E+31      0.99999998E+31      0.99999998E+31      0.99999998E+31      0.99999998E+31      0.99999998E+31      0.99999998E+31
      0.99999998E+31      0.99999998E+31      0.99999998E+31      0.99999998E+31      0.99999998E+31      0.99999998E+31      0.99999998E+31      0.99999998E+31      0.99999998E+31      0.99999998E+31
      0.99999998E+31      0.99999998E+31
      0.99999998E+31      0.99999998E+31      0.99999998E+31      0.99999998E+31      0.99999998E+31      0.99999998E+31      0.99999998E+31      0.99999998E+31      0.99999998E+31      0.99999998E+31
      0.99999998E+31      0.99999998E+31      0.99999998E+31      0.99999998E+31      0.99999998E+31      0.99999998E+31      0.99999998E+31      0.99999998E+31      0.99999998E+31      0.99999998E+31
      0.99999998E+31      0.99999998E+31      0.99999998E+31      0.99999998E+31      0.99999998E+31      0.99999998E+31       1234.7971           1234.7566           1234.6820           1234.5852    
       1234.5074           1234.4421           1234.4568           1234.6149           1234.6685           1234.5515           1234.6688           1235.1849           1236.9940           1238.7612    
       1240.2913           1241.5161           1242.6825           1243.8939           1244.9825           1246.2589           1247.8138           1250.1565           1254.1438           1258.7639    
       1263.4243           1269.5103           1276.8241           1284.1968           1291.6229           1300.4833           1311.0656           1321.8748           1331.4694           1338.5393    
       1341.6537           1341.4036           1338.9502           1334.7664           1329.0201           1321.7188           1314.1923           1306.5022           1298.9396           1292.2390    
       1286.8535           1282.9576           1280.1455           1277.9320           1276.4497           1275.8606           1276.3235           1277.8197           1280.5610           1285.2845    
       1293.1018           1305.0378           1319.6655           1336.0106           1351.4100           1363.9521          0.99999998E+31      0.99999998E+31      0.99999998E+31      0.99999998E+31
      0.99999998E+31      0.99999998E+31      0.99999998E+31      0.99999998E+31      0.99999998E+31      0.99999998E+31      0.99999998E+31      0.99999998E+31      0.99999998E+31      0.99999998E+31
      0.99999998E+31      0.99999998E+31      0.99999998E+31       1386.6420           1386.9624           1386.4326           1386.5707           1387.5874           1388.2184           1388.3617    
       1388.7277           1388.9742           1388.2145           1384.6410           1378.2681           1366.4852           1357.3638           1347.9244           1339.1718           1330.6317    
       1321.7294           1311.8937           1301.6008           1290.5652           1284.0110          0.99999998E+31      0.99999998E+31      0.99999998E+31      0.99999998E+31      0.99999998E+31
       1214.7803           1201.2766           1190.2144           1183.2772           1178.2094           1174.6716           1171.6707           1169.6981           1169.1443           1172.0315    
       1184.0085           1222.2622           1295.1992           1337.9587          0.99999998E+31      0.99999998E+31      0.99999998E+31      0.99999998E+31      0.99999998E+31      0.99999998E+31
      0.99999998E+31      0.99999998E+31      0.99999998E+31      0.99999998E+31      0.99999998E+31      0.99999998E+31      0.99999998E+31      0.99999998E+31      0.99999998E+31      0.99999998E+31
      0.99999998E+31      0.99999998E+31      0.99999998E+31      0.99999998E+31      0.99999998E+31      0.99999998E+31      0.99999998E+31      0.99999998E+31      0.99999998E+31      0.99999998E+31
      0.99999998E+31      0.99999998E+31      0.99999998E+31      0.99999998E+31      0.99999998E+31      0.99999998E+31      0.99999998E+31      0.99999998E+31      0.99999998E+31      0.99999998E+31
      0.99999998E+31      0.99999998E+31      0.99999998E+31      0.99999998E+31      0.99999998E+31      0.99999998E+31      0.99999998E+31      0.99999998E+31      0.99999998E+31      0.99999998E+31
      0.99999998E+31      0.99999998E+31      0.99999998E+31      0.99999998E+31      0.99999998E+31      0.99999998E+31      0.99999998E+31      0.99999998E+31      0.99999998E+31      0.99999998E+31
      0.99999998E+31      0.99999998E+31      0.99999998E+31      0.99999998E+31      0.99999998E+31      0.99999998E+31      0.99999998E+31      0.99999998E+31      0.99999998E+31      0.99999998E+31
      0.99999998E+31      0.99999998E+31      0.99999998E+31      0.99999998E+31      0.99999998E+31      0.99999998E+31      0.99999998E+31      0.99999998E+31      0.99999998E+31      0.99999998E+31
      0.99999998E+31      0.99999998E+31
      0.99999998E+31      0.99999998E+31      0.99999998E+31      0.99999998E+31      0.99999998E+31      0.99999998E+31      0.99999998E+31      0.99999998E+31      0.99999998E+31      0.99999998E+31
      0.99999998E+31      0.99999998E+31      0.99999998E+31      0.99999998E+31      0.99999998E+31      0.99999998E+31      0.99999998E+31      0.99999998E+31      0.99999998E+31      0.99999998E+31
      0.99999998E+31      0.99999998E+31      0.99999998E+31      0.99999998E+31      0.99999998E+31      0.99999998E+31       1234.3634           1234.2941           1234.1501           1233.8988    
       1233.5519           1233.0505           1232.5469           1232.1903           1232.0009           1232.1843           1232.5092           1233.1490           1234.2560           1235.8815    
       1237.4666           1239.0044           1240.5387           1242.0841           1243.3706           1244.8682           1246.7190           1249.0667           1252.3678           1256.3663    
       1260.9006           1265.9760           1271.8010           1278.1981           1284.7344           1291.9529           1300.1365           1308.3616           1315.2688           1321.8590    
       1326.2455           1327.7290           1326.8054           1323.5992           1317.8226           1310.9830           1304.0701           1297.8213           1292.2155           1287.1516    
       1282.9521           1279.8051           1277.4409           1275.6852           1274.3945           1274.3870           1275.3373           1277.2021           1280.3890           1286.4174    
       1295.6992           1309.3386           1327.4849           1347.1296           1367.8561           1388.2008           1413.4185           1429.4113          0.99999998E+31      0.99999998E+31
      0.99999998E+31      0.99999998E+31      0.99999998E+31      0.99999998E+31      0.99999998E+31      0.99999998E+31      0.99999998E+31      0.99999998E+31      0.99999998E+31      0.99999998E+31
      0.99999998E+31      0.99999998E+31      0.99999998E+31       1382.3042           1381.4440           1380.1512           1378.8774           1379.6429           1381.1459           1381.8273    
       1382.6174           1386.1796          0.99999998E+31      0.99999998E+31      0.99999998E+31       1358.0879           1350.7863           1342.2185           1333.6366           1324.7367    
       1315.8381           1305.1780           1292.9465           1282.5587           1274.5272           1268.2896           1260.8982          0.99999998E+31      0.99999998E+31      0.99999998E+31
      0.99999998E+31       1192.2789           1180.3536           1175.1479           1170.5472           1167.3920           1164.8864           1162.9379           1161.9591           1162.5005    
       1165.3063           1175.8861           1217.4213           1259.7131           1287.6495           1318.8386          0.99999998E+31      0.99999998E+31      0.99999998E+31      0.99999998E+31
      0.99999998E+31      0.99999998E+31      0.99999998E+31      0.99999998E+31      0.99999998E+31      0.99999998E+31      0.99999998E+31      0.99999998E+31      0.99999998E+31      0.99999998E+31
      0.99999998E+31      0.99999998E+31      0.99999998E+31      0.99999998E+31      0.99999998E+31      0.99999998E+31      0.99999998E+31      0.99999998E+31      0.99999998E+31      0.99999998E+31
      0.99999998E+31      0.99999998E+31      0.99999998E+31      0.99999998E+31      0.99999998E+31      0.99999998E+31      0.99999998E+31      0.99999998E+31      0.99999998E+31      0.99999998E+31
      0.99999998E+31      0.99999998E+31      0.99999998E+31      0.99999998E+31      0.99999998E+31      0.99999998E+31      0.99999998E+31      0.99999998E+31      0.99999998E+31      0.99999998E+31
      0.99999998E+31      0.99999998E+31      0.99999998E+31      0.99999998E+31      0.99999998E+31      0.99999998E+31      0.99999998E+31      0.99999998E+31      0.99999998E+31      0.99999998E+31
      0.99999998E+31      0.99999998E+31      0.99999998E+31      0.99999998E+31      0.99999998E+31      0.99999998E+31      0.99999998E+31      0.99999998E+31      0.99999998E+31      0.99999998E+31
      0.99999998E+31      0.99999998E+31      0.99999998E+31      0.99999998E+31      0.99999998E+31      0.99999998E+31      0.99999998E+31      0.99999998E+31      0.99999998E+31      0.99999998E+31
      0.99999998E+31      0.99999998E+31
      0.99999998E+31      0.99999998E+31      0.99999998E+31      0.99999998E+31      0.99999998E+31      0.99999998E+31      0.99999998E+31      0.99999998E+31      0.99999998E+31      0.99999998E+31
      0.99999998E+31      0.99999998E+31      0.99999998E+31      0.99999998E+31      0.99999998E+31      0.99999998E+31      0.99999998E+31      0.99999998E+31      0.99999998E+31      0.99999998E+31
      0.99999998E+31      0.99999998E+31      0.99999998E+31      0.99999998E+31      0.99999998E+31      0.99999998E+31       1234.0203           1233.9280           1233.7456           1233.3864    
       1232.6953           1231.8950           1231.2070           1230.7150           1230.4791           1230.5223           1230.7473           1231.2496           1232.1433           1233.4800    
       1235.1027           1236.5483           1237.9409           1239.5746           1241.2317           1243.0291           1245.2094           1247.7152           1250.7289           1254.2007    
       1258.1643           1262.5222           1267.1886           1272.3361           1278.0902           1284.5198           1291.0203           1298.3314           1304.0215           1308.6968    
       1312.4510           1314.6527           1314.0668           1310.9659           1305.5911           1299.3903           1294.0360           1289.7372           1285.8798           1282.2021    
       1278.9329           1276.4290           1274.5447           1273.2681           1272.5815           1272.6263           1273.6279           1276.1224           1279.8619           1286.5756    
       1297.7111           1313.0825           1332.4650           1353.5427           1375.7546           1397.4845           1417.4835           1430.4366          0.99999998E+31      0.99999998E+31
      0.99999998E+31      0.99999998E+31      0.99999998E+31      0.99999998E+31      0.99999998E+31      0.99999998E+31      0.99999998E+31      0.99999998E+31      0.99999998E+31      0.99999998E+31
      0.99999998E+31      0.99999998E+31      0.99999998E+31       1375.4902           1373.9961           1372.1456           1366.9896           1371.2758           1372.6973           1372.8085    
       1373.1014          0.99999998E+31      0.99999998E+31      0.99999998E+31      0.99999998E+31       1351.4663           1345.1754           1337.3912           1328.3597           1318.9161    
       1306.8607           1296.5123           1283.4738           1274.2393           1267.8558           1260.1118           1252.1313           1245.7230           1243.9186          0.99999998E+31
      0.99999998E+31      0.99999998E+31       1171.0651           1166.5619           1163.4293           1160.7408           1158.4187           1156.3644           1155.3068           1155.4346    
       1156.6393           1162.3359           1183.1901           1215.1335           1253.0455           1298.4114          0.99999998E+31      0.99999998E+31      0.99999998E+31      0.99999998E+31
      0.99999998E+31      0.99999998E+31      0.99999998E+31      0.99999998E+31      0.99999998E+31      0.99999998E+31      0.99999998E+31      0.99999998E+31      0.99999998E+31      0.99999998E+31
      0.99999998E+31      0.99999998E+31      0.99999998E+31      0.99999998E+31      0.99999998E+31      0.99999998E+31      0.99999998E+31      0.99999998E+31      0.99999998E+31      0.99999998E+31
      0.99999998E+31      0.99999998E+31      0.99999998E+31      0.99999998E+31      0.99999998E+31      0.99999998E+31      0.99999998E+31      0.99999998E+31      0.99999998E+31      0.99999998E+31
      0.99999998E+31      0.99999998E+31      0.99999998E+31      0.99999998E+31      0.99999998E+31      0.99999998E+31      0.99999998E+31      0.99999998E+31      0.99999998E+31      0.99999998E+31
      0.99999998E+31      0.99999998E+31      0.99999998E+31      0.99999998E+31      0.99999998E+31      0.99999998E+31      0.99999998E+31      0.99999998E+31      0.99999998E+31      0.99999998E+31
      0.99999998E+31      0.99999998E+31      0.99999998E+31      0.99999998E+31      0.99999998E+31      0.99999998E+31      0.99999998E+31      0.99999998E+31      0.99999998E+31      0.99999998E+31
      0.99999998E+31      0.99999998E+31      0.99999998E+31      0.99999998E+31      0.99999998E+31      0.99999998E+31      0.99999998E+31      0.99999998E+31      0.99999998E+31      0.99999998E+31
      0.99999998E+31      0.99999998E+31
      0.99999998E+31      0.99999998E+31      0.99999998E+31      0.99999998E+31      0.99999998E+31      0.99999998E+31      0.99999998E+31      0.99999998E+31      0.99999998E+31      0.99999998E+31
      0.99999998E+31      0.99999998E+31      0.99999998E+31      0.99999998E+31      0.99999998E+31      0.99999998E+31      0.99999998E+31      0.99999998E+31      0.99999998E+31      0.99999998E+31
      0.99999998E+31      0.99999998E+31      0.99999998E+31      0.99999998E+31      0.99999998E+31      0.99999998E+31       1233.7543           1233.6255           1233.3921           1232.8596    
       1231.8477           1230.9238           1230.1823           1229.5702           1229.2274           1229.0912           1229.1989           1229.6115           1230.1837           1231.0958    
       1232.4983           1233.8695           1235.4707           1236.9825           1238.8046           1240.8765           1243.3059           1246.0190           1248.9250           1252.0767    
       1255.5236           1259.2549           1263.2833           1267.6356           1272.3547           1277.6012           1283.2386           1288.9343           1294.3326           1298.7609    
       1301.0098           1301.3834           1299.6648           1296.1749           1292.8011           1288.7417           1284.7722           1282.1820           1279.8391           1277.2588    
       1274.8057           1272.9529           1271.5823           1270.6812           1270.2672           1270.3796           1271.2665           1273.4889           1278.2408           1285.7406    
       1297.6290           1315.8096           1333.9998           1355.7074           1377.5918           1398.4602           1417.3278           1429.9114          0.99999998E+31      0.99999998E+31
      0.99999998E+31      0.99999998E+31      0.99999998E+31      0.99999998E+31      0.99999998E+31      0.99999998E+31      0.99999998E+31      0.99999998E+31      0.99999998E+31      0.99999998E+31
      0.99999998E+31      0.99999998E+31      0.99999998E+31       1362.7808           1364.5231           1365.1605           1364.1115           1364.5464           1363.4269           1363.3718    
       1363.7903          0.99999998E+31      0.99999998E+31      0.99999998E+31      0.99999998E+31      0.99999998E+31       1338.5250           1331.6959           1323.8184           1312.3384    
       1298.5416           1284.5670           1270.7672           1263.1077           1262.5392           1256.5662           1246.6981           1238.4266           1225.8864           1211.2069    
       1191.5856           1168.9417           1164.4124           1159.8982           1157.3711           1155.0767           1152.7163           1149.9436           1150.0392           1150.1920    
       1150.8678           1153.5776           1163.0690           1181.0334           1215.6674           1266.7448          0.99999998E+31      0.99999998E+31      0.99999998E+31      0.99999998E+31
      0.99999998E+31      0.99999998E+31      0.99999998E+31      0.99999998E+31      0.99999998E+31      0.99999998E+31      0.99999998E+31      0.99999998E+31      0.99999998E+31      0.99999998E+31
      0.99999998E+31      0.99999998E+31      0.99999998E+31      0.99999998E+31      0.99999998E+31      0.99999998E+31      0.99999998E+31      0.99999998E+31      0.99999998E+31      0.99999998E+31
      0.99999998E+31      0.99999998E+31      0.99999998E+31      0.99999998E+31      0.99999998E+31      0.99999998E+31      0.99999998E+31      0.99999998E+31      0.99999998E+31      0.99999998E+31
      0.99999998E+31      0.99999998E+31      0.99999998E+31      0.99999998E+31      0.99999998E+31      0.99999998E+31      0.99999998E+31      0.99999998E+31      0.99999998E+31      0.99999998E+31
      0.99999998E+31      0.99999998E+31      0.99999998E+31      0.99999998E+31      0.99999998E+31      0.99999998E+31      0.99999998E+31      0.99999998E+31      0.99999998E+31      0.99999998E+31
      0.99999998E+31      0.99999998E+31      0.99999998E+31      0.99999998E+31      0.99999998E+31      0.99999998E+31      0.99999998E+31      0.99999998E+31      0.99999998E+31      0.99999998E+31
      0.99999998E+31      0.99999998E+31      0.99999998E+31      0.99999998E+31      0.99999998E+31      0.99999998E+31      0.99999998E+31      0.99999998E+31      0.99999998E+31      0.99999998E+31
      0.99999998E+31      0.99999998E+31
      0.99999998E+31      0.99999998E+31      0.99999998E+31      0.99999998E+31      0.99999998E+31      0.99999998E+31      0.99999998E+31      0.99999998E+31      0.99999998E+31      0.99999998E+31
      0.99999998E+31      0.99999998E+31      0.99999998E+31      0.99999998E+31      0.99999998E+31      0.99999998E+31      0.99999998E+31      0.99999998E+31      0.99999998E+31      0.99999998E+31
      0.99999998E+31      0.99999998E+31      0.99999998E+31      0.99999998E+31      0.99999998E+31      0.99999998E+31       1233.5914           1233.3929           1233.1112           1232.3317    
       1231.0961           1229.9276           1229.0742           1228.5259           1228.1741           1227.9900           1227.9678           1228.1517           1228.5453           1229.1482    
       1230.0613           1231.3368           1232.7195           1234.3193           1236.2256           1238.4827           1241.1135           1243.9655           1246.8097           1249.6826    
       1252.7177           1255.9630           1259.4253           1263.1675           1267.1499           1271.5385           1276.0582           1280.1975           1284.4971           1288.1107    
       1289.8833           1289.3698           1287.0895           1284.1521           1281.4952           1279.3401           1277.2488           1275.7341           1274.2233           1272.5715    
       1271.0302           1269.7048           1268.7258           1268.0881           1267.6952           1267.6760           1268.2201           1269.7062           1273.3650           1282.8391    
       1296.6250           1312.1078           1329.1171           1349.0183           1369.8998           1388.9625           1405.7443           1424.1246          0.99999998E+31      0.99999998E+31
      0.99999998E+31      0.99999998E+31      0.99999998E+31      0.99999998E+31      0.99999998E+31      0.99999998E+31      0.99999998E+31      0.99999998E+31      0.99999998E+31      0.99999998E+31
      0.99999998E+31      0.99999998E+31       1342.6959           1349.8820           1352.0453           1353.6948           1357.0704           1356.9882           1354.1062           1352.3195    
       1354.2261          0.99999998E+31      0.99999998E+31      0.99999998E+31      0.99999998E+31      0.99999998E+31      0.99999998E+31       1325.5039           1319.5389           1308.3148    
       1292.0648           1265.7274           1251.6318           1244.8005          0.99999998E+31      0.99999998E+31       1238.8240           1230.3250           1207.2219           1184.2329    
       1169.4692           1161.2623           1157.1283           1154.6471           1152.5636           1150.5708           1148.5403           1146.1138           1146.1488           1146.2141    
       1146.6721           1148.1510           1153.4646           1164.9308           1183.9779           1217.0334          0.99999998E+31      0.99999998E+31      0.99999998E+31      0.99999998E+31
      0.99999998E+31      0.99999998E+31      0.99999998E+31      0.99999998E+31      0.99999998E+31      0.99999998E+31      0.99999998E+31      0.99999998E+31      0.99999998E+31      0.99999998E+31
      0.99999998E+31      0.99999998E+31      0.99999998E+31      0.99999998E+31      0.99999998E+31      0.99999998E+31      0.99999998E+31      0.99999998E+31      0.99999998E+31      0.99999998E+31
      0.99999998E+31      0.99999998E+31      0.99999998E+31      0.99999998E+31      0.99999998E+31      0.99999998E+31      0.99999998E+31      0.99999998E+31      0.99999998E+31      0.99999998E+31
      0.99999998E+31      0.99999998E+31      0.99999998E+31      0.99999998E+31      0.99999998E+31      0.99999998E+31      0.99999998E+31      0.99999998E+31      0.99999998E+31      0.99999998E+31
      0.99999998E+31      0.99999998E+31      0.99999998E+31      0.99999998E+31      0.99999998E+31      0.99999998E+31      0.99999998E+31      0.99999998E+31      0.99999998E+31      0.99999998E+31
      0.99999998E+31      0.99999998E+31      0.99999998E+31      0.99999998E+31      0.99999998E+31      0.99999998E+31      0.99999998E+31      0.99999998E+31      0.99999998E+31      0.99999998E+31
      0.99999998E+31      0.99999998E+31      0.99999998E+31      0.99999998E+31      0.99999998E+31      0.99999998E+31      0.99999998E+31      0.99999998E+31      0.99999998E+31      0.99999998E+31
      0.99999998E+31      0.99999998E+31
      0.99999998E+31      0.99999998E+31      0.99999998E+31      0.99999998E+31      0.99999998E+31      0.99999998E+31      0.99999998E+31      0.99999998E+31      0.99999998E+31      0.99999998E+31
      0.99999998E+31      0.99999998E+31      0.99999998E+31      0.99999998E+31      0.99999998E+31      0.99999998E+31      0.99999998E+31      0.99999998E+31      0.99999998E+31      0.99999998E+31
      0.99999998E+31      0.99999998E+31      0.99999998E+31      0.99999998E+31      0.99999998E+31      0.99999998E+31      0.99999998E+31       1233.2325           1232.8914           1232.0406    
       1230.7428           1229.0857           1228.2307           1227.6940           1227.2863           1226.9779           1226.8136           1226.8024           1226.9899           1227.3942    
       1228.0746           1229.0511           1230.1919           1231.6107           1233.4198           1235.7390           1238.5039           1241.5867           1244.3966           1246.9666    
       1249.6602           1252.4796           1255.4935           1258.7363           1262.1990           1265.8246           1269.1553           1272.1628           1275.9722           1279.0649    
       1280.2538           1279.7505           1278.2316           1276.4828           1275.1793           1273.4714           1271.9344           1270.7932           1269.7601           1268.7649    
       1267.7322           1266.6782           1266.0220           1265.4824           1265.0126           1264.7173           1264.6467           1265.1785           1267.2325           1273.4961    
       1288.6639           1303.2885           1317.7687           1334.8214           1350.8855           1366.9612           1381.2836           1390.0868          0.99999998E+31      0.99999998E+31
      0.99999998E+31      0.99999998E+31      0.99999998E+31      0.99999998E+31      0.99999998E+31      0.99999998E+31      0.99999998E+31      0.99999998E+31      0.99999998E+31      0.99999998E+31
      0.99999998E+31      0.99999998E+31       1316.9333           1327.3840           1327.4113           1332.5096           1348.7590           1350.1053           1342.7212           1338.0980    
       1346.2510          0.99999998E+31      0.99999998E+31      0.99999998E+31      0.99999998E+31      0.99999998E+31      0.99999998E+31      0.99999998E+31      0.99999998E+31      0.99999998E+31
      0.99999998E+31       1229.3715           1223.8313           1221.1483          0.99999998E+31      0.99999998E+31      0.99999998E+31      0.99999998E+31       1193.9839           1180.3661    
       1167.2432           1158.4305           1153.2509           1150.7692           1148.7272           1147.0266           1145.2986           1143.4781           1143.0942           1143.0264    
       1143.2961           1144.1088           1146.8792           1154.2378           1168.3706           1197.4515           1259.0757           1303.0973           1350.3829           1381.8470    
      0.99999998E+31      0.99999998E+31      0.99999998E+31      0.99999998E+31      0.99999998E+31      0.99999998E+31      0.99999998E+31      0.99999998E+31      0.99999998E+31      0.99999998E+31
      0.99999998E+31      0.99999998E+31      0.99999998E+31      0.99999998E+31      0.99999998E+31      0.99999998E+31      0.99999998E+31      0.99999998E+31      0.99999998E+31      0.99999998E+31
      0.99999998E+31      0.99999998E+31      0.99999998E+31      0.99999998E+31      0.99999998E+31      0.99999998E+31      0.99999998E+31      0.99999998E+31      0.99999998E+31      0.99999998E+31
      0.99999998E+31      0.99999998E+31      0.99999998E+31      0.99999998E+31      0.99999998E+31      0.99999998E+31      0.99999998E+31      0.99999998E+31      0.99999998E+31      0.99999998E+31
      0.99999998E+31      0.99999998E+31      0.99999998E+31      0.99999998E+31      0.99999998E+31      0.99999998E+31      0.99999998E+31      0.99999998E+31      0.99999998E+31      0.99999998E+31
      0.99999998E+31      0.99999998E+31      0.99999998E+31      0.99999998E+31      0.99999998E+31      0.99999998E+31      0.99999998E+31      0.99999998E+31      0.99999998E+31      0.99999998E+31
      0.99999998E+31      0.99999998E+31      0.99999998E+31      0.99999998E+31      0.99999998E+31      0.99999998E+31      0.99999998E+31      0.99999998E+31      0.99999998E+31      0.99999998E+31
      0.99999998E+31      0.99999998E+31
      0.99999998E+31      0.99999998E+31      0.99999998E+31      0.99999998E+31      0.99999998E+31      0.99999998E+31      0.99999998E+31      0.99999998E+31      0.99999998E+31      0.99999998E+31
      0.99999998E+31      0.99999998E+31      0.99999998E+31      0.99999998E+31      0.99999998E+31      0.99999998E+31      0.99999998E+31      0.99999998E+31      0.99999998E+31      0.99999998E+31
      0.99999998E+31      0.99999998E+31      0.99999998E+31      0.99999998E+31      0.99999998E+31      0.99999998E+31      0.99999998E+31      0.99999998E+31      0.99999998E+31      0.99999998E+31
      0.99999998E+31       1228.3352           1227.4836           1226.8719           1226.4584           1226.1296           1225.8833           1225.7509           1225.7823           1225.9930    
       1226.4012           1227.0419           1227.8960           1228.9935           1230.5717           1232.7064           1235.5679           1238.7115           1241.4890           1243.9246    
       1246.2889           1248.7439           1251.4188           1254.3214           1257.4614           1260.5238           1263.3049           1265.7374           1268.8612           1270.6790    
       1271.8169           1272.0256           1271.5217           1270.6974           1269.5813           1268.6412           1268.0355           1267.3267           1266.4393           1265.6887    
       1264.8602           1263.9869           1263.2726           1262.5662           1261.8325           1261.0912           1260.3568           1259.7955           1260.2588           1263.7245    
       1273.9683           1288.8601           1300.1034           1313.8562           1324.2488           1334.1833           1341.9126           1346.3872          0.99999998E+31      0.99999998E+31
      0.99999998E+31      0.99999998E+31      0.99999998E+31      0.99999998E+31      0.99999998E+31      0.99999998E+31      0.99999998E+31      0.99999998E+31      0.99999998E+31      0.99999998E+31
      0.99999998E+31      0.99999998E+31       1255.2467           1266.0464           1280.8619           1286.5785          0.99999998E+31      0.99999998E+31       1331.9519           1310.5874    
      0.99999998E+31      0.99999998E+31      0.99999998E+31      0.99999998E+31      0.99999998E+31      0.99999998E+31      0.99999998E+31      0.99999998E+31      0.99999998E+31      0.99999998E+31
      0.99999998E+31       1190.3083           1188.9100           1188.3945          0.99999998E+31      0.99999998E+31      0.99999998E+31      0.99999998E+31      0.99999998E+31      0.99999998E+31
       1165.2754           1155.7280           1149.7395           1147.5245           1145.6554           1144.2482           1142.7111           1141.2985           1140.3882           1140.1068    
       1140.2064           1140.7668           1141.7756           1144.8136           1157.3260           1177.6683           1222.5341           1268.9817           1325.5677           1362.4821    
      0.99999998E+31      0.99999998E+31      0.99999998E+31      0.99999998E+31      0.99999998E+31      0.99999998E+31      0.99999998E+31      0.99999998E+31      0.99999998E+31      0.99999998E+31
      0.99999998E+31      0.99999998E+31      0.99999998E+31      0.99999998E+31      0.99999998E+31      0.99999998E+31      0.99999998E+31      0.99999998E+31      0.99999998E+31      0.99999998E+31
      0.99999998E+31      0.99999998E+31      0.99999998E+31      0.99999998E+31      0.99999998E+31      0.99999998E+31      0.99999998E+31      0.99999998E+31      0.99999998E+31      0.99999998E+31
      0.99999998E+31      0.99999998E+31      0.99999998E+31      0.99999998E+31      0.99999998E+31      0.99999998E+31      0.99999998E+31      0.99999998E+31      0.99999998E+31      0.99999998E+31
      0.99999998E+31      0.99999998E+31      0.99999998E+31      0.99999998E+31      0.99999998E+31      0.99999998E+31      0.99999998E+31      0.99999998E+31      0.99999998E+31      0.99999998E+31
      0.99999998E+31      0.99999998E+31      0.99999998E+31      0.99999998E+31      0.99999998E+31      0.99999998E+31      0.99999998E+31      0.99999998E+31      0.99999998E+31      0.99999998E+31
      0.99999998E+31      0.99999998E+31      0.99999998E+31      0.99999998E+31      0.99999998E+31      0.99999998E+31      0.99999998E+31      0.99999998E+31      0.99999998E+31      0.99999998E+31
      0.99999998E+31      0.99999998E+31
      0.99999998E+31      0.99999998E+31      0.99999998E+31      0.99999998E+31      0.99999998E+31      0.99999998E+31      0.99999998E+31      0.99999998E+31      0.99999998E+31      0.99999998E+31
      0.99999998E+31      0.99999998E+31      0.99999998E+31      0.99999998E+31      0.99999998E+31      0.99999998E+31      0.99999998E+31      0.99999998E+31      0.99999998E+31      0.99999998E+31
      0.99999998E+31      0.99999998E+31      0.99999998E+31      0.99999998E+31      0.99999998E+31      0.99999998E+31      0.99999998E+31      0.99999998E+31      0.99999998E+31      0.99999998E+31
      0.99999998E+31      0.99999998E+31       1226.8201           1225.9719           1225.5656           1225.2655           1225.0275           1224.8610           1224.8022           1224.8536    
       1225.0188           1225.3535           1225.9006           1226.6831           1227.8350           1229.5520           1232.0204           1235.1112           1237.8540           1240.2214    
       1242.4594           1244.7748           1247.1978           1249.8536           1252.6310           1255.4716           1258.1371           1260.0887           1262.2024           1263.8496    
       1264.9175           1265.6633           1266.0381           1266.0582           1265.6696           1265.2574           1264.8795           1264.3113           1263.6166           1262.8120    
       1262.0216           1261.2106           1260.3802           1259.4335           1258.3129           1256.9858           1255.4309           1253.5902           1252.7843           1253.5087    
       1258.4081           1268.6670           1278.3523           1288.0201           1296.8352           1300.8231           1300.6914           1296.3398          0.99999998E+31      0.99999998E+31
      0.99999998E+31      0.99999998E+31      0.99999998E+31      0.99999998E+31      0.99999998E+31      0.99999998E+31       920.81622           921.19824           922.47174           931.13922    
       993.04980           1092.6094           1175.3744           1218.7648           1236.8750           1239.8751          0.99999998E+31      0.99999998E+31      0.99999998E+31       1226.4789    
      0.99999998E+31      0.99999998E+31      0.99999998E+31      0.99999998E+31      0.99999998E+31      0.99999998E+31      0.99999998E+31      0.99999998E+31      0.99999998E+31      0.99999998E+31
      0.99999998E+31       1155.0709           1151.3861           1147.6492          0.99999998E+31      0.99999998E+31      0.99999998E+31      0.99999998E+31      0.99999998E+31      0.99999998E+31
       1155.9645           1152.2865           1146.9890           1144.9314           1143.2477           1141.9199           1140.4873           1139.1274           1138.1249           1137.6738    
       1137.8500           1138.3436           1139.1903           1140.5474           1144.7294           1161.1753           1193.1868           1248.3418           1290.5481           1335.5708    
      0.99999998E+31      0.99999998E+31      0.99999998E+31      0.99999998E+31      0.99999998E+31      0.99999998E+31      0.99999998E+31      0.99999998E+31      0.99999998E+31      0.99999998E+31
      0.99999998E+31      0.99999998E+31      0.99999998E+31      0.99999998E+31      0.99999998E+31      0.99999998E+31      0.99999998E+31      0.99999998E+31      0.99999998E+31      0.99999998E+31
      0.99999998E+31      0.99999998E+31      0.99999998E+31      0.99999998E+31      0.99999998E+31      0.99999998E+31      0.99999998E+31      0.99999998E+31      0.99999998E+31      0.99999998E+31
      0.99999998E+31      0.99999998E+31      0.99999998E+31      0.99999998E+31      0.99999998E+31      0.99999998E+31      0.99999998E+31      0.99999998E+31      0.99999998E+31      0.99999998E+31
      0.99999998E+31      0.99999998E+31      0.99999998E+31      0.99999998E+31      0.99999998E+31      0.99999998E+31      0.99999998E+31      0.99999998E+31      0.99999998E+31      0.99999998E+31
      0.99999998E+31      0.99999998E+31      0.99999998E+31      0.99999998E+31      0.99999998E+31      0.99999998E+31      0.99999998E+31      0.99999998E+31      0.99999998E+31      0.99999998E+31
      0.99999998E+31      0.99999998E+31      0.99999998E+31      0.99999998E+31      0.99999998E+31      0.99999998E+31      0.99999998E+31      0.99999998E+31      0.99999998E+31      0.99999998E+31
      0.99999998E+31      0.99999998E+31
      0.99999998E+31      0.99999998E+31      0.99999998E+31      0.99999998E+31      0.99999998E+31      0.99999998E+31      0.99999998E+31      0.99999998E+31      0.99999998E+31      0.99999998E+31
      0.99999998E+31      0.99999998E+31      0.99999998E+31      0.99999998E+31      0.99999998E+31      0.99999998E+31      0.99999998E+31      0.99999998E+31      0.99999998E+31      0.99999998E+31
      0.99999998E+31      0.99999998E+31      0.99999998E+31      0.99999998E+31      0.99999998E+31      0.99999998E+31      0.99999998E+31      0.99999998E+31      0.99999998E+31      0.99999998E+31
      0.99999998E+31      0.99999998E+31      0.99999998E+31       1224.8848           1224.6061           1224.3594           1224.1230           1223.9214           1223.7808           1223.7152    
       1223.7371           1223.8571           1224.1024           1224.5265           1225.2427           1226.4463           1228.3855           1230.7377           1233.4147           1235.8113    
       1238.1517           1240.4486           1242.8228           1245.2506           1247.8884           1250.6782           1253.1101           1255.0214           1256.5227           1258.1376    
       1259.5612           1260.6921           1261.5809           1262.1661           1262.3773           1262.3259           1262.0836           1261.6663           1261.0065           1260.2010    
       1259.3514           1258.4597           1257.4312           1256.1650           1254.5793           1252.5912           1250.1754           1247.3588           1244.5487           1242.5996    
       1242.7211           1246.9850           1256.5917           1261.2714           1263.5519           1261.3527           1256.0470           1246.5961          0.99999998E+31      0.99999998E+31
      0.99999998E+31      0.99999998E+31      0.99999998E+31      0.99999998E+31      0.99999998E+31      0.99999998E+31       920.46393           920.22644           929.88507           950.36591    
       995.34064           1057.5327           1124.9069           1174.0668           1186.3887           1180.6755          0.99999998E+31      0.99999998E+31      0.99999998E+31       1126.0022    
       1090.9236           1067.3524          0.99999998E+31      0.99999998E+31      0.99999998E+31      0.99999998E+31      0.99999998E+31      0.99999998E+31      0.99999998E+31      0.99999998E+31
      0.99999998E+31       1121.1268           1105.5519           1103.8008           1103.1653          0.99999998E+31      0.99999998E+31      0.99999998E+31      0.99999998E+31      0.99999998E+31
       1151.5012           1148.2355           1145.0823           1142.8063           1141.1144           1139.7539           1138.3983           1137.1831           1136.1459           1135.6791    
       1135.7712           1136.6504           1137.5782           1138.7683           1140.8510           1146.9537           1173.7505           1216.5817           1263.7212           1292.4060    
      0.99999998E+31      0.99999998E+31      0.99999998E+31      0.99999998E+31      0.99999998E+31      0.99999998E+31      0.99999998E+31      0.99999998E+31      0.99999998E+31      0.99999998E+31
      0.99999998E+31      0.99999998E+31      0.99999998E+31      0.99999998E+31      0.99999998E+31      0.99999998E+31      0.99999998E+31      0.99999998E+31      0.99999998E+31      0.99999998E+31
      0.99999998E+31      0.99999998E+31      0.99999998E+31      0.99999998E+31      0.99999998E+31      0.99999998E+31      0.99999998E+31      0.99999998E+31      0.99999998E+31      0.99999998E+31
      0.99999998E+31      0.99999998E+31      0.99999998E+31      0.99999998E+31      0.99999998E+31      0.99999998E+31      0.99999998E+31      0.99999998E+31      0.99999998E+31      0.99999998E+31
      0.99999998E+31      0.99999998E+31      0.99999998E+31      0.99999998E+31      0.99999998E+31      0.99999998E+31      0.99999998E+31      0.99999998E+31      0.99999998E+31      0.99999998E+31
      0.99999998E+31      0.99999998E+31      0.99999998E+31      0.99999998E+31      0.99999998E+31      0.99999998E+31      0.99999998E+31      0.99999998E+31      0.99999998E+31      0.99999998E+31
      0.99999998E+31      0.99999998E+31      0.99999998E+31      0.99999998E+31      0.99999998E+31      0.99999998E+31      0.99999998E+31      0.99999998E+31      0.99999998E+31      0.99999998E+31
      0.99999998E+31      0.99999998E+31
      0.99999998E+31      0.99999998E+31      0.99999998E+31      0.99999998E+31      0.99999998E+31      0.99999998E+31      0.99999998E+31      0.99999998E+31      0.99999998E+31      0.99999998E+31
      0.99999998E+31      0.99999998E+31      0.99999998E+31      0.99999998E+31      0.99999998E+31      0.99999998E+31      0.99999998E+31      0.99999998E+31      0.99999998E+31      0.99999998E+31
      0.99999998E+31      0.99999998E+31      0.99999998E+31      0.99999998E+31      0.99999998E+31      0.99999998E+31      0.99999998E+31      0.99999998E+31      0.99999998E+31      0.99999998E+31
      0.99999998E+31      0.99999998E+31      0.99999998E+31       1223.9026           1223.6901           1223.4642           1223.2054           1222.9473           1222.7163           1222.5328    
       1222.4127           1222.3685           1222.4099           1222.5292           1222.8344           1223.5269           1224.7561           1226.6078           1228.7285           1231.0126    
       1233.3752           1235.7720           1238.1283           1240.5055           1243.2098           1245.9155           1248.4481           1250.5837           1252.3319           1253.9645    
       1255.5048           1256.7678           1257.8341           1258.7745           1259.4587           1259.7606           1259.6560           1259.2921           1258.6814           1257.8573    
       1256.9072           1255.8004           1254.4608           1252.8042           1250.6743           1247.9016           1244.4021           1240.1079           1235.2513           1230.4753    
       1226.7999           1225.8092           1228.2264           1231.3636           1229.3325           1221.6360           1213.8585           1184.3563           1098.3976           1062.0435    
       1035.7767           1011.1317           986.69269           931.53314           923.56091           920.83795           920.47333           923.64081           935.96234           958.40283    
       988.42975           1028.9529           1067.5663           1131.2753           1125.3291           1123.2625          0.99999998E+31      0.99999998E+31      0.99999998E+31       1069.3118    
       1056.8390           1041.8251           1035.7854          0.99999998E+31      0.99999998E+31      0.99999998E+31      0.99999998E+31      0.99999998E+31      0.99999998E+31      0.99999998E+31
      0.99999998E+31       1083.6067           1064.1163           1052.4550           1040.4692           1150.5135          0.99999998E+31      0.99999998E+31      0.99999998E+31      0.99999998E+31
      0.99999998E+31      0.99999998E+31       1143.6526           1140.9470           1139.1527           1137.7632           1136.4777           1135.3994           1134.4159           1134.0508    
       1134.0381           1134.8070           1136.0023           1137.0273           1138.5975           1141.8458           1153.3719           1192.9833           1228.8657           1242.6038    
      0.99999998E+31      0.99999998E+31      0.99999998E+31      0.99999998E+31      0.99999998E+31      0.99999998E+31      0.99999998E+31      0.99999998E+31      0.99999998E+31      0.99999998E+31
      0.99999998E+31      0.99999998E+31      0.99999998E+31      0.99999998E+31      0.99999998E+31      0.99999998E+31      0.99999998E+31      0.99999998E+31      0.99999998E+31      0.99999998E+31
      0.99999998E+31      0.99999998E+31      0.99999998E+31      0.99999998E+31      0.99999998E+31      0.99999998E+31      0.99999998E+31      0.99999998E+31      0.99999998E+31      0.99999998E+31
      0.99999998E+31      0.99999998E+31      0.99999998E+31      0.99999998E+31      0.99999998E+31      0.99999998E+31      0.99999998E+31      0.99999998E+31      0.99999998E+31      0.99999998E+31
      0.99999998E+31      0.99999998E+31      0.99999998E+31      0.99999998E+31      0.99999998E+31      0.99999998E+31      0.99999998E+31      0.99999998E+31      0.99999998E+31      0.99999998E+31
      0.99999998E+31      0.99999998E+31      0.99999998E+31      0.99999998E+31      0.99999998E+31      0.99999998E+31      0.99999998E+31      0.99999998E+31      0.99999998E+31      0.99999998E+31
      0.99999998E+31      0.99999998E+31      0.99999998E+31      0.99999998E+31      0.99999998E+31      0.99999998E+31      0.99999998E+31      0.99999998E+31      0.99999998E+31      0.99999998E+31
      0.99999998E+31      0.99999998E+31
      0.99999998E+31      0.99999998E+31      0.99999998E+31      0.99999998E+31      0.99999998E+31      0.99999998E+31      0.99999998E+31      0.99999998E+31      0.99999998E+31      0.99999998E+31
      0.99999998E+31      0.99999998E+31      0.99999998E+31      0.99999998E+31      0.99999998E+31      0.99999998E+31      0.99999998E+31      0.99999998E+31      0.99999998E+31      0.99999998E+31
      0.99999998E+31      0.99999998E+31      0.99999998E+31      0.99999998E+31      0.99999998E+31      0.99999998E+31      0.99999998E+31      0.99999998E+31      0.99999998E+31      0.99999998E+31
      0.99999998E+31      0.99999998E+31      0.99999998E+31       1223.0529           1222.8638           1222.6245           1222.3162           1221.9731           1221.6371           1221.3281    
       1221.0675           1220.8690           1220.7394           1220.6788           1220.6852           1220.9343           1221.6158           1222.7749           1224.4434           1226.4377    
       1228.5941           1230.8307           1232.9933           1235.3804           1238.3022           1241.1050           1243.8202           1246.5243           1248.7061           1250.6793    
       1252.3268           1253.5403           1254.5170           1255.5422           1256.4851           1257.1133           1257.2955           1257.0957           1256.5427           1255.6525    
       1254.5354           1253.1670           1251.4298           1249.3767           1246.6376           1242.9169           1238.0148           1231.7190           1224.4219           1216.5879    
       1209.1940           1203.4152           1200.0728           1199.3718           1199.4769           1183.4960           1155.7189           1124.6691           1079.9828           1048.3092    
       1023.5947           1000.6478           978.51715           926.99347           919.84186           916.18787           915.31830           919.98059           930.87134           949.65771    
       972.05029           988.79181           967.62103           1063.2378           1039.2684           1037.4852          0.99999998E+31      0.99999998E+31      0.99999998E+31       1022.4847    
       1004.4075           1021.8093           1027.3048          0.99999998E+31      0.99999998E+31      0.99999998E+31      0.99999998E+31      0.99999998E+31      0.99999998E+31      0.99999998E+31
       1006.0363           1027.5859           1033.3418           1028.9473           1021.7542           1016.2881           1028.9595          0.99999998E+31      0.99999998E+31      0.99999998E+31
      0.99999998E+31      0.99999998E+31      0.99999998E+31       1139.0118           1137.3594           1136.0443           1134.8352           1133.7441           1132.9418           1132.7742    
       1132.7031           1133.1752           1134.3821           1135.2347           1136.2048           1137.7958           1142.3818           1159.2997           1194.9460           1206.6229    
      0.99999998E+31      0.99999998E+31      0.99999998E+31      0.99999998E+31      0.99999998E+31      0.99999998E+31      0.99999998E+31      0.99999998E+31      0.99999998E+31      0.99999998E+31
      0.99999998E+31      0.99999998E+31      0.99999998E+31      0.99999998E+31      0.99999998E+31      0.99999998E+31      0.99999998E+31      0.99999998E+31      0.99999998E+31      0.99999998E+31
      0.99999998E+31      0.99999998E+31      0.99999998E+31      0.99999998E+31      0.99999998E+31      0.99999998E+31      0.99999998E+31      0.99999998E+31      0.99999998E+31      0.99999998E+31
      0.99999998E+31      0.99999998E+31      0.99999998E+31      0.99999998E+31      0.99999998E+31      0.99999998E+31      0.99999998E+31      0.99999998E+31      0.99999998E+31      0.99999998E+31
      0.99999998E+31      0.99999998E+31      0.99999998E+31      0.99999998E+31      0.99999998E+31      0.99999998E+31      0.99999998E+31      0.99999998E+31      0.99999998E+31      0.99999998E+31
      0.99999998E+31      0.99999998E+31      0.99999998E+31      0.99999998E+31      0.99999998E+31      0.99999998E+31      0.99999998E+31      0.99999998E+31      0.99999998E+31      0.99999998E+31
      0.99999998E+31      0.99999998E+31      0.99999998E+31      0.99999998E+31      0.99999998E+31      0.99999998E+31      0.99999998E+31      0.99999998E+31      0.99999998E+31      0.99999998E+31
      0.99999998E+31      0.99999998E+31
      0.99999998E+31      0.99999998E+31      0.99999998E+31      0.99999998E+31      0.99999998E+31      0.99999998E+31      0.99999998E+31      0.99999998E+31      0.99999998E+31      0.99999998E+31
      0.99999998E+31      0.99999998E+31      0.99999998E+31      0.99999998E+31      0.99999998E+31      0.99999998E+31      0.99999998E+31      0.99999998E+31      0.99999998E+31      0.99999998E+31
      0.99999998E+31      0.99999998E+31      0.99999998E+31      0.99999998E+31      0.99999998E+31      0.99999998E+31      0.99999998E+31      0.99999998E+31      0.99999998E+31      0.99999998E+31
      0.99999998E+31      0.99999998E+31      0.99999998E+31       1222.3491           1222.1698           1221.8748           1221.4814           1221.0250           1220.5636           1220.1205    
       1219.7172           1219.3740           1219.0980           1218.8866           1218.7303           1218.6791           1218.9335           1219.6545           1220.8519           1222.4365    
       1224.1768           1226.0964           1228.0740           1230.2567           1232.9614           1235.9452           1239.3069           1242.8182           1245.7203           1248.1658    
       1249.9120           1250.9636           1251.6815           1252.4587           1253.4783           1254.3937           1254.9110           1254.9073           1254.4303           1253.5758    
       1252.3458           1250.6124           1248.1533           1245.9177           1242.5078           1237.6351           1230.9613           1221.9747           1211.6439           1200.4977    
       1188.9087           1178.0137           1167.6091           1153.8966           1139.7585           1121.5797           1079.2754           1075.5813           1049.5322           1023.9407    
       999.38043           975.28613           956.45837           921.60931           910.88690           906.08435           903.95166           909.23712           918.23389           933.56000    
       946.64789           953.79889           953.51697           997.88007           1001.9227           984.98389           944.09314           935.72168           927.29510           944.60718    
       954.51947           952.77881           1001.8204          0.99999998E+31      0.99999998E+31      0.99999998E+31       935.26794           936.99512           941.17804           950.56689    
       971.61322           987.08899           999.82007           1003.0563           1002.0901           1000.2700           1080.6160          0.99999998E+31      0.99999998E+31      0.99999998E+31
      0.99999998E+31      0.99999998E+31       1137.6165           1137.4615           1135.8175           1134.5284           1133.2531           1132.3016           1131.6760           1131.4493    
       1131.3468           1131.4990           1132.3448           1133.2129           1133.7588           1135.0264           1137.7175           1144.0277           1165.3701           1178.8950    
      0.99999998E+31      0.99999998E+31      0.99999998E+31      0.99999998E+31      0.99999998E+31      0.99999998E+31      0.99999998E+31      0.99999998E+31      0.99999998E+31      0.99999998E+31
      0.99999998E+31      0.99999998E+31      0.99999998E+31      0.99999998E+31      0.99999998E+31      0.99999998E+31      0.99999998E+31      0.99999998E+31      0.99999998E+31      0.99999998E+31
      0.99999998E+31      0.99999998E+31      0.99999998E+31      0.99999998E+31      0.99999998E+31      0.99999998E+31      0.99999998E+31      0.99999998E+31      0.99999998E+31      0.99999998E+31
      0.99999998E+31      0.99999998E+31      0.99999998E+31      0.99999998E+31      0.99999998E+31      0.99999998E+31      0.99999998E+31      0.99999998E+31      0.99999998E+31      0.99999998E+31
      0.99999998E+31      0.99999998E+31      0.99999998E+31      0.99999998E+31      0.99999998E+31      0.99999998E+31      0.99999998E+31      0.99999998E+31      0.99999998E+31      0.99999998E+31
      0.99999998E+31      0.99999998E+31      0.99999998E+31      0.99999998E+31      0.99999998E+31      0.99999998E+31      0.99999998E+31      0.99999998E+31      0.99999998E+31      0.99999998E+31
      0.99999998E+31      0.99999998E+31      0.99999998E+31      0.99999998E+31      0.99999998E+31      0.99999998E+31      0.99999998E+31      0.99999998E+31      0.99999998E+31      0.99999998E+31
      0.99999998E+31      0.99999998E+31
      0.99999998E+31      0.99999998E+31      0.99999998E+31      0.99999998E+31      0.99999998E+31      0.99999998E+31      0.99999998E+31      0.99999998E+31      0.99999998E+31      0.99999998E+31
      0.99999998E+31      0.99999998E+31      0.99999998E+31      0.99999998E+31      0.99999998E+31      0.99999998E+31      0.99999998E+31      0.99999998E+31      0.99999998E+31      0.99999998E+31
      0.99999998E+31      0.99999998E+31      0.99999998E+31      0.99999998E+31      0.99999998E+31      0.99999998E+31      0.99999998E+31      0.99999998E+31      0.99999998E+31      0.99999998E+31
      0.99999998E+31      0.99999998E+31      0.99999998E+31       1221.8187           1221.6353           1221.2638           1220.7330           1220.1096           1219.5079           1218.9193    
       1218.3618           1217.8837           1217.4824           1217.1565           1216.9071           1216.7402           1216.7543           1217.1188           1217.8678           1218.9858    
       1220.3462           1221.8530           1223.5298           1225.4417           1228.1793           1231.2737           1234.9318           1238.9578           1242.8049           1245.8656    
       1247.9259           1248.8142           1249.4722           1250.1935           1250.9591           1252.0050           1252.7057           1252.8016           1252.3853           1251.5491    
       1250.2538           1248.3143           1245.7627           1242.6143           1238.2235           1231.9088           1222.9565           1210.6371           1196.4586           1181.6342    
       1166.6573           1151.9387           1136.0988           1123.8389           1104.2209           1076.6688           1050.9203           1034.9756           1012.8110           989.04865    
       962.70752           945.05029           928.08649           904.35144           896.85486           893.51056           892.99164           896.15320           902.14941           912.08997    
       919.64935           921.32794           917.74030           923.81946           902.17102           898.10944           880.70221           870.26721           875.49451           888.43353    
       909.95276           919.06018           916.10931          0.99999998E+31      0.99999998E+31      0.99999998E+31       933.40564           933.57147           935.42725           940.04163    
       949.71564           959.33527           969.60925           976.02002           983.08087           989.02295           1028.4404          0.99999998E+31      0.99999998E+31      0.99999998E+31
      0.99999998E+31      0.99999998E+31       1137.4252           1136.4045           1134.4227           1133.0664           1131.7714           1130.9076           1130.3300           1130.0161    
       1129.8143           1129.6779           1130.0778           1131.2550           1131.2997           1133.0013           1135.2274           1138.3915           1150.1215           1161.8744    
      0.99999998E+31      0.99999998E+31      0.99999998E+31      0.99999998E+31      0.99999998E+31      0.99999998E+31      0.99999998E+31      0.99999998E+31      0.99999998E+31      0.99999998E+31
      0.99999998E+31      0.99999998E+31      0.99999998E+31      0.99999998E+31      0.99999998E+31      0.99999998E+31      0.99999998E+31      0.99999998E+31      0.99999998E+31      0.99999998E+31
      0.99999998E+31      0.99999998E+31      0.99999998E+31      0.99999998E+31      0.99999998E+31      0.99999998E+31      0.99999998E+31      0.99999998E+31      0.99999998E+31      0.99999998E+31
      0.99999998E+31      0.99999998E+31      0.99999998E+31      0.99999998E+31      0.99999998E+31      0.99999998E+31      0.99999998E+31      0.99999998E+31      0.99999998E+31      0.99999998E+31
      0.99999998E+31      0.99999998E+31      0.99999998E+31      0.99999998E+31      0.99999998E+31      0.99999998E+31      0.99999998E+31      0.99999998E+31      0.99999998E+31      0.99999998E+31
      0.99999998E+31      0.99999998E+31      0.99999998E+31      0.99999998E+31      0.99999998E+31      0.99999998E+31      0.99999998E+31      0.99999998E+31      0.99999998E+31      0.99999998E+31
      0.99999998E+31      0.99999998E+31      0.99999998E+31      0.99999998E+31      0.99999998E+31      0.99999998E+31      0.99999998E+31      0.99999998E+31      0.99999998E+31      0.99999998E+31
      0.99999998E+31      0.99999998E+31
      0.99999998E+31      0.99999998E+31      0.99999998E+31      0.99999998E+31      0.99999998E+31      0.99999998E+31      0.99999998E+31      0.99999998E+31      0.99999998E+31      0.99999998E+31
      0.99999998E+31      0.99999998E+31      0.99999998E+31      0.99999998E+31      0.99999998E+31      0.99999998E+31      0.99999998E+31      0.99999998E+31      0.99999998E+31      0.99999998E+31
      0.99999998E+31      0.99999998E+31      0.99999998E+31      0.99999998E+31      0.99999998E+31      0.99999998E+31      0.99999998E+31      0.99999998E+31      0.99999998E+31      0.99999998E+31
      0.99999998E+31      0.99999998E+31      0.99999998E+31       1221.4210           1221.1743           1220.7263           1220.0856           1219.2716           1218.4818           1217.7323    
       1216.9879           1216.3876           1215.8766           1215.4525           1215.1199           1214.8943           1214.8065           1214.9136           1215.3621           1216.0897    
       1217.0387           1218.2134           1219.5811           1221.3081           1224.0354           1227.3845           1230.9281           1234.9337           1239.1472           1242.7076    
       1245.5719           1246.6738           1247.4597           1248.1534           1249.0011           1250.0231           1250.7493           1250.9552           1250.5498           1249.6157    
       1248.2195           1246.0511           1242.9841           1239.0325           1233.4796           1225.2244           1212.1482           1196.1221           1178.4452           1160.9091    
       1144.3654           1126.9550           1106.2631           1083.2811           1058.1573           1024.2374           995.42291           976.61224           959.78253           945.92621    
       927.56158           912.82703           897.43396           889.92279           884.84131           882.42432           881.60687           883.42206           885.11230           893.25665    
       898.58691           898.77307           894.70087           889.96460           873.02930           860.33356           847.05597           849.06018           851.81976           854.47186    
       856.83014           888.34753           898.36829          0.99999998E+31      0.99999998E+31      0.99999998E+31       932.47168           930.69409           930.66364           932.03607    
       936.88824           943.16272           949.18414           954.59283           959.98566           971.78198           987.43982          0.99999998E+31      0.99999998E+31      0.99999998E+31
      0.99999998E+31      0.99999998E+31       1137.1920           1135.6704           1133.1390           1131.7823           1130.3783           1129.4650           1128.9202           1128.4829    
       1128.1747           1127.9320           1127.9403           1129.3280           1129.8508           1131.3158           1133.3896           1135.9144           1142.9343           1152.1661    
      0.99999998E+31      0.99999998E+31      0.99999998E+31      0.99999998E+31      0.99999998E+31      0.99999998E+31      0.99999998E+31      0.99999998E+31      0.99999998E+31      0.99999998E+31
      0.99999998E+31      0.99999998E+31      0.99999998E+31      0.99999998E+31      0.99999998E+31      0.99999998E+31      0.99999998E+31      0.99999998E+31      0.99999998E+31      0.99999998E+31
      0.99999998E+31      0.99999998E+31      0.99999998E+31      0.99999998E+31      0.99999998E+31      0.99999998E+31      0.99999998E+31      0.99999998E+31      0.99999998E+31      0.99999998E+31
      0.99999998E+31      0.99999998E+31      0.99999998E+31      0.99999998E+31      0.99999998E+31      0.99999998E+31      0.99999998E+31      0.99999998E+31      0.99999998E+31      0.99999998E+31
      0.99999998E+31      0.99999998E+31      0.99999998E+31      0.99999998E+31      0.99999998E+31      0.99999998E+31      0.99999998E+31      0.99999998E+31      0.99999998E+31      0.99999998E+31
      0.99999998E+31      0.99999998E+31      0.99999998E+31      0.99999998E+31      0.99999998E+31      0.99999998E+31      0.99999998E+31      0.99999998E+31      0.99999998E+31      0.99999998E+31
      0.99999998E+31      0.99999998E+31      0.99999998E+31      0.99999998E+31      0.99999998E+31      0.99999998E+31      0.99999998E+31      0.99999998E+31      0.99999998E+31      0.99999998E+31
      0.99999998E+31      0.99999998E+31
      0.99999998E+31      0.99999998E+31      0.99999998E+31      0.99999998E+31      0.99999998E+31      0.99999998E+31      0.99999998E+31      0.99999998E+31      0.99999998E+31      0.99999998E+31
      0.99999998E+31      0.99999998E+31      0.99999998E+31      0.99999998E+31      0.99999998E+31      0.99999998E+31      0.99999998E+31      0.99999998E+31      0.99999998E+31      0.99999998E+31
      0.99999998E+31      0.99999998E+31      0.99999998E+31      0.99999998E+31      0.99999998E+31      0.99999998E+31      0.99999998E+31      0.99999998E+31      0.99999998E+31      0.99999998E+31
      0.99999998E+31      0.99999998E+31      0.99999998E+31       1221.1672           1220.7612           1220.1802           1219.3641           1218.3419           1217.4753           1216.5892    
       1215.5715           1214.8735           1214.2686           1213.7533           1213.3341           1213.0283           1212.8611           1212.8591           1213.0719           1213.5306    
       1214.1813           1215.0488           1216.0908           1217.3643           1220.0178           1223.0269           1226.2543           1230.9034           1235.5024           1239.0382    
       1242.7207           1244.5496           1245.6158           1246.0734           1247.1523           1248.2710           1249.0740           1249.3352           1248.8754           1247.8058    
       1246.1309           1243.6365           1239.9105           1234.3486           1227.0271           1215.1779           1196.9727           1178.7501           1158.3193           1139.6774    
       1123.7610           1102.2675           1077.7494           1053.2253           1023.0092           992.91553           968.89325           951.83331           939.27588           921.10663    
       906.43756           896.00397           885.32245           878.23022           873.79437           872.81818           872.52460           873.53375           875.62421           879.12659    
       881.00500           879.53845           873.81134           867.28705           856.84448           849.17853           841.19025           844.52594           846.77740           848.04559    
       850.27399           851.61462           874.88245          0.99999998E+31      0.99999998E+31      0.99999998E+31      0.99999998E+31       928.31140           926.02264           926.69061    
       929.46594           933.37567           937.41986           941.20844           944.47803           947.33942           956.65973           980.00012          0.99999998E+31      0.99999998E+31
      0.99999998E+31      0.99999998E+31       1136.2527           1134.4164           1131.8419           1130.2689           1128.9446           1127.8491           1127.4200           1126.8765    
       1126.4775           1126.1625           1126.0422           1126.2871           1127.3873           1129.1696           1131.3402           1134.1891           1138.5576           1144.9524    
      0.99999998E+31      0.99999998E+31      0.99999998E+31      0.99999998E+31      0.99999998E+31      0.99999998E+31      0.99999998E+31      0.99999998E+31      0.99999998E+31      0.99999998E+31
      0.99999998E+31      0.99999998E+31      0.99999998E+31      0.99999998E+31      0.99999998E+31      0.99999998E+31      0.99999998E+31      0.99999998E+31      0.99999998E+31      0.99999998E+31
      0.99999998E+31      0.99999998E+31      0.99999998E+31      0.99999998E+31      0.99999998E+31      0.99999998E+31      0.99999998E+31      0.99999998E+31      0.99999998E+31      0.99999998E+31
      0.99999998E+31      0.99999998E+31      0.99999998E+31      0.99999998E+31      0.99999998E+31      0.99999998E+31      0.99999998E+31      0.99999998E+31      0.99999998E+31      0.99999998E+31
      0.99999998E+31      0.99999998E+31      0.99999998E+31      0.99999998E+31      0.99999998E+31      0.99999998E+31      0.99999998E+31      0.99999998E+31      0.99999998E+31      0.99999998E+31
      0.99999998E+31      0.99999998E+31      0.99999998E+31      0.99999998E+31      0.99999998E+31      0.99999998E+31      0.99999998E+31      0.99999998E+31      0.99999998E+31      0.99999998E+31
      0.99999998E+31      0.99999998E+31      0.99999998E+31      0.99999998E+31      0.99999998E+31      0.99999998E+31      0.99999998E+31      0.99999998E+31      0.99999998E+31      0.99999998E+31
      0.99999998E+31      0.99999998E+31
      0.99999998E+31      0.99999998E+31      0.99999998E+31      0.99999998E+31      0.99999998E+31      0.99999998E+31      0.99999998E+31      0.99999998E+31      0.99999998E+31      0.99999998E+31
      0.99999998E+31      0.99999998E+31      0.99999998E+31      0.99999998E+31      0.99999998E+31      0.99999998E+31      0.99999998E+31      0.99999998E+31      0.99999998E+31      0.99999998E+31
      0.99999998E+31      0.99999998E+31      0.99999998E+31      0.99999998E+31      0.99999998E+31      0.99999998E+31      0.99999998E+31      0.99999998E+31      0.99999998E+31      0.99999998E+31
      0.99999998E+31      0.99999998E+31      0.99999998E+31      0.99999998E+31       1220.3372           1219.5228           1218.4783           1217.2968           1216.1852           1215.1188    
       1214.1846           1213.3651           1212.6638           1212.0493           1211.5360           1211.1371           1210.8716           1210.7509           1210.7996           1211.0363    
       1211.4773           1212.0884           1212.9836           1214.1611           1216.0615           1218.3850           1221.2231           1225.7570           1230.6388           1235.3333    
       1239.5511           1242.6765           1243.9037           1242.9023           1245.5331           1247.0259           1247.8805           1248.0637           1247.5054           1246.2004    
       1244.1552           1241.1864           1236.7211           1228.8363           1218.5302           1203.6184           1184.9105           1164.1755           1140.3109           1118.3671    
       1096.1023           1074.0160           1049.9949           1025.8861           996.96912           970.36481           949.58478           931.14075           917.41382           901.10071    
       886.62079           879.38080           873.66400           868.11096           865.10052           864.22424           864.30481           865.67743           866.78644           868.11652    
       868.23578           866.15674           861.68469           855.64410           846.94196           844.30212           840.03168           842.97894           845.18250           846.94885    
       848.63269           851.08533           873.41382           889.45081           906.39282           915.02148          0.99999998E+31      0.99999998E+31       919.09290           920.53546    
       923.27771           926.51501           929.64856           932.35797           934.36072           935.38934           934.57776           950.91223          0.99999998E+31      0.99999998E+31
      0.99999998E+31      0.99999998E+31       1133.7025           1132.3026           1130.5066           1128.7410           1127.5168           1126.4788           1125.8839           1125.2628    
       1124.6545           1124.1818           1123.9056           1123.6920           1124.1283           1126.0812           1128.7209           1131.8497           1134.6790           1138.4249    
      0.99999998E+31      0.99999998E+31      0.99999998E+31      0.99999998E+31      0.99999998E+31      0.99999998E+31      0.99999998E+31      0.99999998E+31      0.99999998E+31      0.99999998E+31
      0.99999998E+31      0.99999998E+31      0.99999998E+31      0.99999998E+31      0.99999998E+31      0.99999998E+31      0.99999998E+31      0.99999998E+31      0.99999998E+31      0.99999998E+31
      0.99999998E+31      0.99999998E+31      0.99999998E+31      0.99999998E+31      0.99999998E+31      0.99999998E+31      0.99999998E+31      0.99999998E+31      0.99999998E+31      0.99999998E+31
      0.99999998E+31      0.99999998E+31      0.99999998E+31      0.99999998E+31      0.99999998E+31      0.99999998E+31      0.99999998E+31      0.99999998E+31      0.99999998E+31      0.99999998E+31
      0.99999998E+31      0.99999998E+31      0.99999998E+31      0.99999998E+31      0.99999998E+31      0.99999998E+31      0.99999998E+31      0.99999998E+31      0.99999998E+31      0.99999998E+31
      0.99999998E+31      0.99999998E+31      0.99999998E+31      0.99999998E+31      0.99999998E+31      0.99999998E+31      0.99999998E+31      0.99999998E+31      0.99999998E+31      0.99999998E+31
      0.99999998E+31      0.99999998E+31      0.99999998E+31      0.99999998E+31      0.99999998E+31      0.99999998E+31      0.99999998E+31      0.99999998E+31      0.99999998E+31      0.99999998E+31
      0.99999998E+31      0.99999998E+31
      0.99999998E+31      0.99999998E+31      0.99999998E+31      0.99999998E+31      0.99999998E+31      0.99999998E+31      0.99999998E+31      0.99999998E+31      0.99999998E+31      0.99999998E+31
      0.99999998E+31      0.99999998E+31      0.99999998E+31      0.99999998E+31      0.99999998E+31      0.99999998E+31      0.99999998E+31      0.99999998E+31      0.99999998E+31      0.99999998E+31
      0.99999998E+31      0.99999998E+31      0.99999998E+31      0.99999998E+31      0.99999998E+31      0.99999998E+31      0.99999998E+31      0.99999998E+31      0.99999998E+31      0.99999998E+31
      0.99999998E+31      0.99999998E+31      0.99999998E+31      0.99999998E+31      0.99999998E+31       1218.8644           1217.5815           1216.2777           1215.0226           1213.8748    
       1212.8606           1211.8953           1211.0424           1210.3307           1209.7197           1209.2195           1208.8442           1208.6074           1208.4927           1208.5356    
       1208.7592           1209.1434           1209.6696           1210.4752           1211.9424           1213.8103           1216.3422           1219.8944           1225.2386           1231.1932    
       1236.5626           1240.9327           1243.2917           1243.9418           1245.3120           1246.5830           1247.2365           1247.2816           1246.6412           1245.2023    
       1242.4789           1238.7548           1233.0601           1224.7135           1210.9159           1194.6506           1173.3743           1148.0819           1123.3835           1097.0588    
       1072.3164           1047.6404           1021.3679           997.67499           972.17706           948.90753           926.95758           910.26074           897.79962           884.91962    
       873.43024           864.33551           861.20801           854.43933           855.11761           855.53259           857.13800           857.63483           858.88770           859.39819    
       858.77136           856.58105           853.29706           849.83582           845.80121           843.37946           842.16339           843.23865           844.83948           846.51147    
       848.19983           850.85864           863.92999           874.32825           884.82043           892.03021          0.99999998E+31      0.99999998E+31       911.04150           913.69629    
       917.09473           920.61444           923.66516           926.03632           927.68536           928.48547           928.39050           930.27423           955.04181          0.99999998E+31
      0.99999998E+31      0.99999998E+31       1130.2799           1129.4749           1128.4630           1127.2532           1125.9993           1124.9185           1124.2063           1123.5142    
       1122.7729           1122.1945           1121.7506           1121.5365           1121.4572           1121.8932           1125.8075           1129.1445           1131.5872           1133.6395    
      0.99999998E+31      0.99999998E+31      0.99999998E+31      0.99999998E+31      0.99999998E+31      0.99999998E+31      0.99999998E+31      0.99999998E+31      0.99999998E+31      0.99999998E+31
      0.99999998E+31      0.99999998E+31      0.99999998E+31      0.99999998E+31      0.99999998E+31      0.99999998E+31      0.99999998E+31      0.99999998E+31      0.99999998E+31      0.99999998E+31
      0.99999998E+31      0.99999998E+31      0.99999998E+31      0.99999998E+31      0.99999998E+31      0.99999998E+31      0.99999998E+31      0.99999998E+31      0.99999998E+31      0.99999998E+31
      0.99999998E+31      0.99999998E+31      0.99999998E+31      0.99999998E+31      0.99999998E+31      0.99999998E+31      0.99999998E+31      0.99999998E+31      0.99999998E+31      0.99999998E+31
      0.99999998E+31      0.99999998E+31      0.99999998E+31      0.99999998E+31      0.99999998E+31      0.99999998E+31      0.99999998E+31      0.99999998E+31      0.99999998E+31      0.99999998E+31
      0.99999998E+31      0.99999998E+31      0.99999998E+31      0.99999998E+31      0.99999998E+31      0.99999998E+31      0.99999998E+31      0.99999998E+31      0.99999998E+31      0.99999998E+31
      0.99999998E+31      0.99999998E+31      0.99999998E+31      0.99999998E+31      0.99999998E+31      0.99999998E+31      0.99999998E+31      0.99999998E+31      0.99999998E+31      0.99999998E+31
      0.99999998E+31      0.99999998E+31
      0.99999998E+31      0.99999998E+31      0.99999998E+31      0.99999998E+31      0.99999998E+31      0.99999998E+31      0.99999998E+31      0.99999998E+31      0.99999998E+31      0.99999998E+31
      0.99999998E+31      0.99999998E+31      0.99999998E+31      0.99999998E+31      0.99999998E+31      0.99999998E+31      0.99999998E+31      0.99999998E+31      0.99999998E+31      0.99999998E+31
      0.99999998E+31      0.99999998E+31      0.99999998E+31      0.99999998E+31      0.99999998E+31      0.99999998E+31      0.99999998E+31      0.99999998E+31      0.99999998E+31      0.99999998E+31
      0.99999998E+31      0.99999998E+31      0.99999998E+31      0.99999998E+31      0.99999998E+31      0.99999998E+31       1216.8260           1215.3328           1213.9017           1212.6124    
       1211.4702           1210.4447           1209.4371           1208.5917           1207.8828           1207.2760           1206.7780           1206.3976           1206.1431           1206.0093    
       1205.9983           1206.1278           1206.3729           1206.9409           1208.0176           1209.3370           1211.4694           1214.7545           1219.1298           1226.3892    
       1233.5400           1239.8632           1274.0331           1244.6313           1246.1244           1246.6787           1247.1050           1247.0303           1246.2107           1244.4897    
       1241.6068           1237.2377           1230.2505           1220.4200           1205.8192           1186.2406           1162.6223           1129.0576           1094.2876           1069.1293    
       1045.0304           1019.6794           996.04944           973.89594           951.76141           929.75055           905.90778           879.66138           876.62769           867.49738    
       858.75220           854.36395           851.50525           849.04437           849.39136           850.27985           851.06909           851.49518           852.12866           852.12408    
       851.16992           849.28558           846.71710           845.53180           843.69287           841.97522           842.19061           843.19391           844.64380           846.24573    
       847.95227           849.11267           851.37701           865.81714           875.78955           881.92365           884.32465           890.03656           899.72314           905.64697    
       910.81140           915.17804           918.59644           921.15497           922.92383           923.94189           924.47375           925.76904           950.04193           945.39093    
      0.99999998E+31      0.99999998E+31       1126.6232           1126.1733           1125.5179           1125.0736           1124.6277           1123.0720           1122.3026           1121.6573    
       1120.7794           1120.1091           1119.6056           1119.1995           1118.3208           1120.4100           1123.1492           1126.6797           1128.3466           1130.1592    
       1130.5085           1129.7200          0.99999998E+31      0.99999998E+31      0.99999998E+31      0.99999998E+31      0.99999998E+31      0.99999998E+31      0.99999998E+31      0.99999998E+31
      0.99999998E+31      0.99999998E+31      0.99999998E+31      0.99999998E+31      0.99999998E+31      0.99999998E+31      0.99999998E+31      0.99999998E+31      0.99999998E+31      0.99999998E+31
      0.99999998E+31      0.99999998E+31      0.99999998E+31      0.99999998E+31      0.99999998E+31      0.99999998E+31      0.99999998E+31      0.99999998E+31      0.99999998E+31      0.99999998E+31
      0.99999998E+31      0.99999998E+31      0.99999998E+31      0.99999998E+31      0.99999998E+31      0.99999998E+31      0.99999998E+31      0.99999998E+31      0.99999998E+31      0.99999998E+31
      0.99999998E+31      0.99999998E+31      0.99999998E+31      0.99999998E+31      0.99999998E+31      0.99999998E+31      0.99999998E+31      0.99999998E+31      0.99999998E+31      0.99999998E+31
      0.99999998E+31      0.99999998E+31      0.99999998E+31      0.99999998E+31      0.99999998E+31      0.99999998E+31      0.99999998E+31      0.99999998E+31      0.99999998E+31      0.99999998E+31
      0.99999998E+31      0.99999998E+31      0.99999998E+31      0.99999998E+31      0.99999998E+31      0.99999998E+31      0.99999998E+31      0.99999998E+31      0.99999998E+31      0.99999998E+31
      0.99999998E+31      0.99999998E+31
      0.99999998E+31      0.99999998E+31      0.99999998E+31      0.99999998E+31      0.99999998E+31      0.99999998E+31      0.99999998E+31      0.99999998E+31      0.99999998E+31      0.99999998E+31
      0.99999998E+31      0.99999998E+31      0.99999998E+31      0.99999998E+31      0.99999998E+31      0.99999998E+31      0.99999998E+31      0.99999998E+31      0.99999998E+31      0.99999998E+31
      0.99999998E+31      0.99999998E+31      0.99999998E+31      0.99999998E+31      0.99999998E+31      0.99999998E+31      0.99999998E+31      0.99999998E+31      0.99999998E+31      0.99999998E+31
      0.99999998E+31      0.99999998E+31      0.99999998E+31      0.99999998E+31      0.99999998E+31      0.99999998E+31      0.99999998E+31       1214.4783           1212.8187           1211.2888    
       1210.0071           1208.9247           1207.8649           1206.8524           1206.0316           1205.3186           1204.6985           1204.1874           1203.7687           1203.4574    
       1203.1958           1203.0614           1203.0875           1203.2220           1203.9962           1204.9556           1206.5162           1208.3170           1211.1384           1221.4266    
       1230.6096           1281.0692           1322.0608           1368.0323           1409.0253           1418.0315           1417.0297           1365.0667           1339.1018           1321.1317    
       1298.2534           1289.2196           1263.3057           1218.8099           1201.8857           1176.2671           1149.5564           1118.6742           1068.9719           1042.0543    
       1015.7429           994.03687           970.88373           950.89020           932.35938           910.07727           887.45355           864.65399           858.09662           852.36853    
       848.37677           845.81366           842.58069           841.65546           843.39075           844.99792           845.82843           845.75073           846.87885           846.92346    
       845.78918           844.25470           843.58228           842.68091           841.97028           841.14343           841.79529           842.86353           844.40692           846.01630    
       847.54663           847.66577           852.82129           860.56964           870.30286           876.72107           881.44116           886.63763           892.78375           896.79224    
       904.79498           910.39154           914.26178           917.14667           919.23529           920.57751           921.27216           921.81848           935.69415           939.88361    
      0.99999998E+31      0.99999998E+31       1123.0408           1122.8348           1122.3572           1121.7332           1121.0759           1120.7107           1119.9059           1119.6970    
       1118.5298           1117.8264           1117.2972           1117.0510           1116.8185           1118.5815           1120.6514           1121.8749           1123.7285           1126.5057    
       1129.4177           1130.6678          0.99999998E+31      0.99999998E+31      0.99999998E+31      0.99999998E+31      0.99999998E+31      0.99999998E+31      0.99999998E+31      0.99999998E+31
      0.99999998E+31      0.99999998E+31      0.99999998E+31      0.99999998E+31      0.99999998E+31      0.99999998E+31      0.99999998E+31      0.99999998E+31      0.99999998E+31      0.99999998E+31
      0.99999998E+31      0.99999998E+31      0.99999998E+31      0.99999998E+31      0.99999998E+31      0.99999998E+31      0.99999998E+31      0.99999998E+31      0.99999998E+31      0.99999998E+31
      0.99999998E+31      0.99999998E+31      0.99999998E+31      0.99999998E+31      0.99999998E+31      0.99999998E+31      0.99999998E+31      0.99999998E+31      0.99999998E+31      0.99999998E+31
      0.99999998E+31      0.99999998E+31      0.99999998E+31      0.99999998E+31      0.99999998E+31      0.99999998E+31      0.99999998E+31      0.99999998E+31      0.99999998E+31      0.99999998E+31
      0.99999998E+31      0.99999998E+31      0.99999998E+31      0.99999998E+31      0.99999998E+31      0.99999998E+31      0.99999998E+31      0.99999998E+31      0.99999998E+31      0.99999998E+31
      0.99999998E+31      0.99999998E+31      0.99999998E+31      0.99999998E+31      0.99999998E+31      0.99999998E+31      0.99999998E+31      0.99999998E+31      0.99999998E+31      0.99999998E+31
      0.99999998E+31      0.99999998E+31
      0.99999998E+31      0.99999998E+31      0.99999998E+31      0.99999998E+31      0.99999998E+31      0.99999998E+31      0.99999998E+31      0.99999998E+31      0.99999998E+31      0.99999998E+31
      0.99999998E+31      0.99999998E+31      0.99999998E+31      0.99999998E+31      0.99999998E+31      0.99999998E+31      0.99999998E+31      0.99999998E+31      0.99999998E+31      0.99999998E+31
      0.99999998E+31      0.99999998E+31      0.99999998E+31      0.99999998E+31      0.99999998E+31      0.99999998E+31      0.99999998E+31      0.99999998E+31      0.99999998E+31      0.99999998E+31
      0.99999998E+31      0.99999998E+31      0.99999998E+31      0.99999998E+31      0.99999998E+31      0.99999998E+31      0.99999998E+31      0.99999998E+31       1211.9402           1210.0431    
       1208.4744           1207.3411           1206.2468           1205.1670           1204.1807           1203.3607           1202.6095           1201.9631           1201.3689           1200.7803    
       1200.2582           1199.8422           1199.6012           1199.5708           1199.8364           1200.6526           1202.0364           1203.6672           1205.7473           1218.2922    
       1281.0327          0.99999998E+31      0.99999998E+31      0.99999998E+31      0.99999998E+31      0.99999998E+31      0.99999998E+31      0.99999998E+31      0.99999998E+31      0.99999998E+31
      0.99999998E+31      0.99999998E+31      0.99999998E+31      0.99999998E+31      0.99999998E+31      0.99999998E+31      0.99999998E+31      0.99999998E+31       1027.3545           1005.1514    
       978.24152           960.02887           946.50677           927.65869           911.10339           890.75500           865.32739           821.27686           826.26447           838.67883    
       839.99896           839.29932           838.85388           838.45654           839.86517           840.81573           842.01428           842.70996           843.35895           843.51044    
       843.04651           842.19177           841.22632           840.27826           840.78625           840.86816           841.29669           842.30481           844.26807           846.19849    
       848.44415           850.80719           854.73376           860.17334           867.13312           873.69336           878.51465           882.77502           888.51276           894.32581    
       900.57910           905.96454           910.25739           913.64618           916.24200           918.05865           919.18524           919.87177           940.58960           950.34003    
      0.99999998E+31       1118.4161           1119.6569           1119.7520           1119.3394           1118.4944           1117.2167           1117.7986           1117.5270           1117.8739    
       1115.7704           1115.3778           1114.8822           1114.6219           1114.5383           1114.9431           1116.1946           1114.6136           1116.8530           1119.8149    
       1126.1543           1130.0127          0.99999998E+31      0.99999998E+31      0.99999998E+31      0.99999998E+31      0.99999998E+31      0.99999998E+31      0.99999998E+31      0.99999998E+31
      0.99999998E+31      0.99999998E+31      0.99999998E+31      0.99999998E+31      0.99999998E+31      0.99999998E+31      0.99999998E+31      0.99999998E+31      0.99999998E+31      0.99999998E+31
      0.99999998E+31      0.99999998E+31      0.99999998E+31      0.99999998E+31      0.99999998E+31      0.99999998E+31      0.99999998E+31      0.99999998E+31      0.99999998E+31      0.99999998E+31
      0.99999998E+31      0.99999998E+31      0.99999998E+31      0.99999998E+31      0.99999998E+31      0.99999998E+31      0.99999998E+31      0.99999998E+31      0.99999998E+31      0.99999998E+31
      0.99999998E+31      0.99999998E+31      0.99999998E+31      0.99999998E+31      0.99999998E+31      0.99999998E+31      0.99999998E+31      0.99999998E+31      0.99999998E+31      0.99999998E+31
      0.99999998E+31      0.99999998E+31      0.99999998E+31      0.99999998E+31      0.99999998E+31      0.99999998E+31      0.99999998E+31      0.99999998E+31      0.99999998E+31      0.99999998E+31
      0.99999998E+31      0.99999998E+31      0.99999998E+31      0.99999998E+31      0.99999998E+31      0.99999998E+31      0.99999998E+31      0.99999998E+31      0.99999998E+31      0.99999998E+31
      0.99999998E+31      0.99999998E+31
      0.99999998E+31      0.99999998E+31      0.99999998E+31      0.99999998E+31      0.99999998E+31      0.99999998E+31      0.99999998E+31      0.99999998E+31      0.99999998E+31      0.99999998E+31
      0.99999998E+31      0.99999998E+31      0.99999998E+31      0.99999998E+31      0.99999998E+31      0.99999998E+31      0.99999998E+31      0.99999998E+31      0.99999998E+31      0.99999998E+31
      0.99999998E+31      0.99999998E+31      0.99999998E+31      0.99999998E+31      0.99999998E+31      0.99999998E+31      0.99999998E+31      0.99999998E+31      0.99999998E+31      0.99999998E+31
      0.99999998E+31      0.99999998E+31      0.99999998E+31      0.99999998E+31      0.99999998E+31      0.99999998E+31      0.99999998E+31      0.99999998E+31      0.99999998E+31       1208.7792    
       1207.1414           1205.8529           1204.6539           1203.4672           1202.3917           1201.4216           1200.5166           1199.6698           1198.8489           1198.0205    
       1197.2390           1196.6257           1196.1342           1195.8652           1195.9204           1196.4812           1196.9908           1198.3639           1199.6232           1240.0598    
      0.99999998E+31      0.99999998E+31      0.99999998E+31      0.99999998E+31      0.99999998E+31      0.99999998E+31      0.99999998E+31      0.99999998E+31      0.99999998E+31      0.99999998E+31
      0.99999998E+31      0.99999998E+31      0.99999998E+31      0.99999998E+31      0.99999998E+31      0.99999998E+31      0.99999998E+31      0.99999998E+31       1000.5294           971.28101    
       949.87720           931.71503           920.76166           907.12408           893.17133           876.23254           856.87927           835.50616           828.83612           831.41150    
       834.14783           834.77557           835.56647           836.21271           837.12329           837.74725           839.15289           840.04596           840.68921           840.97626    
       840.84259           840.33685           839.48163           839.75879           840.27228           840.80823           841.57672           842.75970           844.51495           846.67181    
       849.55438           852.81879           856.82312           861.30463           866.29376           871.98712           876.05005           879.47870           884.74060           890.83069    
       896.76129           902.10242           906.68085           910.52728           913.77478           916.12695           917.61102           918.39154           940.45325           955.05908    
      0.99999998E+31       1117.2393           1117.4288           1117.2202           1116.6440           1115.6910           1114.4493           1114.4125           1114.2340           1113.7310    
       1113.1260           1112.9346           1112.5444           1112.2063           1112.1113           1111.6792           1111.9469           1113.2469           1113.7444           1113.9154    
       1120.1661           1124.2330           1118.0500           1115.4800          0.99999998E+31      0.99999998E+31      0.99999998E+31      0.99999998E+31      0.99999998E+31      0.99999998E+31
      0.99999998E+31      0.99999998E+31      0.99999998E+31      0.99999998E+31      0.99999998E+31      0.99999998E+31      0.99999998E+31      0.99999998E+31      0.99999998E+31      0.99999998E+31
      0.99999998E+31      0.99999998E+31      0.99999998E+31      0.99999998E+31      0.99999998E+31      0.99999998E+31      0.99999998E+31      0.99999998E+31      0.99999998E+31      0.99999998E+31
      0.99999998E+31      0.99999998E+31      0.99999998E+31      0.99999998E+31      0.99999998E+31      0.99999998E+31      0.99999998E+31      0.99999998E+31      0.99999998E+31      0.99999998E+31
      0.99999998E+31      0.99999998E+31      0.99999998E+31      0.99999998E+31      0.99999998E+31      0.99999998E+31      0.99999998E+31      0.99999998E+31      0.99999998E+31      0.99999998E+31
      0.99999998E+31      0.99999998E+31      0.99999998E+31      0.99999998E+31      0.99999998E+31      0.99999998E+31      0.99999998E+31      0.99999998E+31      0.99999998E+31      0.99999998E+31
      0.99999998E+31      0.99999998E+31      0.99999998E+31      0.99999998E+31      0.99999998E+31      0.99999998E+31      0.99999998E+31      0.99999998E+31      0.99999998E+31      0.99999998E+31
      0.99999998E+31      0.99999998E+31
      0.99999998E+31      0.99999998E+31      0.99999998E+31      0.99999998E+31      0.99999998E+31      0.99999998E+31      0.99999998E+31      0.99999998E+31      0.99999998E+31      0.99999998E+31
      0.99999998E+31      0.99999998E+31      0.99999998E+31      0.99999998E+31      0.99999998E+31      0.99999998E+31      0.99999998E+31      0.99999998E+31      0.99999998E+31      0.99999998E+31
      0.99999998E+31      0.99999998E+31      0.99999998E+31      0.99999998E+31      0.99999998E+31      0.99999998E+31      0.99999998E+31      0.99999998E+31      0.99999998E+31      0.99999998E+31
      0.99999998E+31      0.99999998E+31      0.99999998E+31      0.99999998E+31      0.99999998E+31      0.99999998E+31      0.99999998E+31      0.99999998E+31      0.99999998E+31      0.99999998E+31
       1206.1261           1204.4977           1203.1439           1201.8065           1200.6218           1199.5216           1198.4023           1197.2765           1196.1989           1195.1440    
       1194.0652           1193.1738           1192.3600           1191.9296           1191.8699           1192.2371           1192.7373           1193.2263           1194.1913          0.99999998E+31
      0.99999998E+31      0.99999998E+31      0.99999998E+31      0.99999998E+31      0.99999998E+31      0.99999998E+31      0.99999998E+31      0.99999998E+31      0.99999998E+31      0.99999998E+31
      0.99999998E+31      0.99999998E+31      0.99999998E+31      0.99999998E+31      0.99999998E+31      0.99999998E+31      0.99999998E+31      0.99999998E+31       1001.1373           929.90747    
       920.15759           910.25061           900.28998           889.01544           878.90509           866.30737           851.07568           837.33026           830.40338           827.93909    
       830.06305           829.86694           832.34515           833.64337           834.77393           835.77704           836.85455           837.66388           838.42303           838.90564    
       839.05518           838.91693           838.70728           839.10718           839.86328           840.69104           841.70667           843.06152           844.88422           847.28137    
       850.69421           854.56464           858.85980           863.06537           867.22400           871.04370           873.80969           874.87274           880.85364           887.58911    
       893.63055           898.96924           903.62885           907.54504           911.83655           914.71362           916.19366           918.04407           940.81714           950.90649    
      0.99999998E+31       1115.9518           1115.8176           1115.1056           1114.2256           1113.1592           1111.8118           1111.2186           1110.9401           1110.3619    
       1110.4064           1110.4607           1110.1835           1109.8558           1109.8717           1109.6619           1109.6587           1110.0099           1110.6571           1110.1855    
       1111.3621           1114.3344           1111.2761           1111.4120          0.99999998E+31      0.99999998E+31      0.99999998E+31      0.99999998E+31      0.99999998E+31      0.99999998E+31
      0.99999998E+31      0.99999998E+31      0.99999998E+31      0.99999998E+31      0.99999998E+31      0.99999998E+31      0.99999998E+31      0.99999998E+31      0.99999998E+31      0.99999998E+31
      0.99999998E+31      0.99999998E+31      0.99999998E+31      0.99999998E+31      0.99999998E+31      0.99999998E+31      0.99999998E+31      0.99999998E+31      0.99999998E+31      0.99999998E+31
      0.99999998E+31      0.99999998E+31      0.99999998E+31      0.99999998E+31      0.99999998E+31      0.99999998E+31      0.99999998E+31      0.99999998E+31      0.99999998E+31      0.99999998E+31
      0.99999998E+31      0.99999998E+31      0.99999998E+31      0.99999998E+31      0.99999998E+31      0.99999998E+31      0.99999998E+31      0.99999998E+31      0.99999998E+31      0.99999998E+31
      0.99999998E+31      0.99999998E+31      0.99999998E+31      0.99999998E+31      0.99999998E+31      0.99999998E+31      0.99999998E+31      0.99999998E+31      0.99999998E+31      0.99999998E+31
      0.99999998E+31      0.99999998E+31      0.99999998E+31      0.99999998E+31      0.99999998E+31      0.99999998E+31      0.99999998E+31      0.99999998E+31      0.99999998E+31      0.99999998E+31
      0.99999998E+31      0.99999998E+31
      0.99999998E+31      0.99999998E+31      0.99999998E+31      0.99999998E+31      0.99999998E+31      0.99999998E+31      0.99999998E+31      0.99999998E+31      0.99999998E+31      0.99999998E+31
      0.99999998E+31      0.99999998E+31      0.99999998E+31      0.99999998E+31      0.99999998E+31      0.99999998E+31      0.99999998E+31      0.99999998E+31      0.99999998E+31      0.99999998E+31
      0.99999998E+31      0.99999998E+31      0.99999998E+31      0.99999998E+31      0.99999998E+31      0.99999998E+31      0.99999998E+31      0.99999998E+31      0.99999998E+31      0.99999998E+31
      0.99999998E+31      0.99999998E+31      0.99999998E+31      0.99999998E+31      0.99999998E+31      0.99999998E+31      0.99999998E+31      0.99999998E+31      0.99999998E+31      0.99999998E+31
      0.99999998E+31       1203.4299           1201.6931           1200.2576           1198.9364           1197.5858           1196.1586           1194.6469           1193.1971           1191.6942    
       1190.2377           1189.0781           1188.1575           1187.6101           1187.1425           1186.8772           1186.5544           1186.5762           1187.2257          0.99999998E+31
      0.99999998E+31      0.99999998E+31      0.99999998E+31      0.99999998E+31      0.99999998E+31      0.99999998E+31      0.99999998E+31      0.99999998E+31      0.99999998E+31      0.99999998E+31
      0.99999998E+31      0.99999998E+31      0.99999998E+31      0.99999998E+31      0.99999998E+31      0.99999998E+31      0.99999998E+31       1066.0557           896.92572           901.93774    
       897.97021           891.65576           883.23999           875.50415           867.95374           858.27820           846.06238           835.89923           830.05811           828.02271    
       828.26617           828.58765           829.81543           830.95972           832.43018           833.72937           834.81256           835.77606           836.43188           837.17847    
       837.54083           837.53571           838.04572           838.72711           839.53918           840.59021           841.79761           843.37073           845.39233           848.00507    
       851.74939           856.17517           860.84192           865.12769           868.66748           871.65125           873.26294           870.72742           876.77655           885.64569    
       891.68176           896.71777           901.21948           905.32623           910.56702           913.80096           915.35046           917.02722          0.99999998E+31      0.99999998E+31
      0.99999998E+31       1115.5232           1114.8080           1113.3042           1112.0732           1110.8369           1109.0437           1108.5043           1108.2291           1107.9854    
       1108.1050           1108.1079           1107.8845           1107.5560           1107.3497           1107.3260           1107.3129           1107.2389           1107.6938           1106.4385    
       1105.7300           1106.8459           1104.2607           1104.1647          0.99999998E+31      0.99999998E+31      0.99999998E+31      0.99999998E+31      0.99999998E+31      0.99999998E+31
      0.99999998E+31      0.99999998E+31      0.99999998E+31      0.99999998E+31      0.99999998E+31      0.99999998E+31      0.99999998E+31      0.99999998E+31      0.99999998E+31      0.99999998E+31
      0.99999998E+31      0.99999998E+31      0.99999998E+31      0.99999998E+31      0.99999998E+31      0.99999998E+31      0.99999998E+31      0.99999998E+31      0.99999998E+31      0.99999998E+31
      0.99999998E+31      0.99999998E+31      0.99999998E+31      0.99999998E+31      0.99999998E+31      0.99999998E+31      0.99999998E+31      0.99999998E+31      0.99999998E+31      0.99999998E+31
      0.99999998E+31      0.99999998E+31      0.99999998E+31      0.99999998E+31      0.99999998E+31      0.99999998E+31      0.99999998E+31      0.99999998E+31      0.99999998E+31      0.99999998E+31
      0.99999998E+31      0.99999998E+31      0.99999998E+31      0.99999998E+31      0.99999998E+31      0.99999998E+31      0.99999998E+31      0.99999998E+31      0.99999998E+31      0.99999998E+31
      0.99999998E+31      0.99999998E+31      0.99999998E+31      0.99999998E+31      0.99999998E+31      0.99999998E+31      0.99999998E+31      0.99999998E+31      0.99999998E+31      0.99999998E+31
      0.99999998E+31      0.99999998E+31
      0.99999998E+31      0.99999998E+31      0.99999998E+31      0.99999998E+31      0.99999998E+31      0.99999998E+31      0.99999998E+31      0.99999998E+31      0.99999998E+31      0.99999998E+31
      0.99999998E+31      0.99999998E+31      0.99999998E+31      0.99999998E+31      0.99999998E+31      0.99999998E+31      0.99999998E+31      0.99999998E+31      0.99999998E+31      0.99999998E+31
      0.99999998E+31      0.99999998E+31      0.99999998E+31      0.99999998E+31      0.99999998E+31      0.99999998E+31      0.99999998E+31      0.99999998E+31      0.99999998E+31      0.99999998E+31
      0.99999998E+31      0.99999998E+31      0.99999998E+31      0.99999998E+31      0.99999998E+31      0.99999998E+31      0.99999998E+31      0.99999998E+31      0.99999998E+31      0.99999998E+31
      0.99999998E+31      0.99999998E+31       1200.3987           1198.7930           1197.2366           1195.5529           1193.6550           1191.5536           1189.5431           1187.3853    
       1185.6942           1184.3243           1183.4242           1182.6891           1181.8279           1181.1987           1181.2024           1181.4221           1183.9484          0.99999998E+31
      0.99999998E+31      0.99999998E+31      0.99999998E+31      0.99999998E+31      0.99999998E+31      0.99999998E+31      0.99999998E+31      0.99999998E+31      0.99999998E+31      0.99999998E+31
      0.99999998E+31      0.99999998E+31      0.99999998E+31      0.99999998E+31      0.99999998E+31      0.99999998E+31      0.99999998E+31       881.65997           882.62872           883.77850    
       881.72601           877.37982           871.55670           866.09271           859.31061           850.70691           841.55933           833.03577           828.49249           826.86951    
       826.53888           826.34662           827.34210           827.80292           830.04517           831.75751           832.84357           834.23169           835.15631           835.92468    
       836.49365           836.89600           837.22156           838.29120           839.10291           840.59155           841.97510           843.82751           846.22223           849.18085    
       853.08801           858.32812           863.82733           867.17554           870.38770           873.22290           875.37958           877.22229           881.45514           887.35956    
       891.34979           895.34308           899.27283           901.81281          0.99999998E+31      0.99999998E+31      0.99999998E+31      0.99999998E+31      0.99999998E+31      0.99999998E+31
      0.99999998E+31      0.99999998E+31      0.99999998E+31       1111.4377           1109.9714           1108.8359           1107.2510           1106.4720           1105.9657           1105.8909    
       1105.9297           1105.8252           1105.5778           1105.2050           1104.7817           1104.7346           1104.3937           1103.6926           1103.1957           1102.5999    
       1101.4177           1102.1469           1099.7722           1098.5403          0.99999998E+31      0.99999998E+31      0.99999998E+31      0.99999998E+31      0.99999998E+31      0.99999998E+31
      0.99999998E+31      0.99999998E+31      0.99999998E+31      0.99999998E+31      0.99999998E+31      0.99999998E+31      0.99999998E+31      0.99999998E+31      0.99999998E+31      0.99999998E+31
      0.99999998E+31      0.99999998E+31      0.99999998E+31      0.99999998E+31      0.99999998E+31      0.99999998E+31      0.99999998E+31      0.99999998E+31      0.99999998E+31      0.99999998E+31
      0.99999998E+31      0.99999998E+31      0.99999998E+31      0.99999998E+31      0.99999998E+31      0.99999998E+31      0.99999998E+31      0.99999998E+31      0.99999998E+31      0.99999998E+31
      0.99999998E+31      0.99999998E+31      0.99999998E+31      0.99999998E+31      0.99999998E+31      0.99999998E+31      0.99999998E+31      0.99999998E+31      0.99999998E+31      0.99999998E+31
      0.99999998E+31      0.99999998E+31      0.99999998E+31      0.99999998E+31      0.99999998E+31      0.99999998E+31      0.99999998E+31      0.99999998E+31      0.99999998E+31      0.99999998E+31
      0.99999998E+31      0.99999998E+31      0.99999998E+31      0.99999998E+31      0.99999998E+31      0.99999998E+31      0.99999998E+31      0.99999998E+31      0.99999998E+31      0.99999998E+31
      0.99999998E+31      0.99999998E+31
      0.99999998E+31      0.99999998E+31      0.99999998E+31      0.99999998E+31      0.99999998E+31      0.99999998E+31      0.99999998E+31      0.99999998E+31      0.99999998E+31      0.99999998E+31
      0.99999998E+31      0.99999998E+31      0.99999998E+31      0.99999998E+31       1000.4265           997.08905           995.51965           994.13892           993.07819           992.27002    
       991.51971           991.10156           990.95789          0.99999998E+31      0.99999998E+31      0.99999998E+31      0.99999998E+31      0.99999998E+31      0.99999998E+31      0.99999998E+31
      0.99999998E+31      0.99999998E+31      0.99999998E+31      0.99999998E+31      0.99999998E+31      0.99999998E+31      0.99999998E+31      0.99999998E+31      0.99999998E+31      0.99999998E+31
      0.99999998E+31      0.99999998E+31      0.99999998E+31       1197.4827           1195.5503           1193.1340           1190.1920           1187.2231           1184.7416           1182.4381    
       1180.2758           1178.5251           1177.3456           1176.2845           1175.6010           1174.7863           1174.6676           1174.5162           1174.4912          0.99999998E+31
      0.99999998E+31      0.99999998E+31      0.99999998E+31      0.99999998E+31      0.99999998E+31      0.99999998E+31      0.99999998E+31      0.99999998E+31      0.99999998E+31      0.99999998E+31
      0.99999998E+31      0.99999998E+31      0.99999998E+31      0.99999998E+31      0.99999998E+31      0.99999998E+31      0.99999998E+31       880.14502           871.22461           871.23175    
       869.55646           866.20221           862.55804           855.91980           851.03802           844.42053           835.90131           829.02911           826.36761           825.36627    
       825.09369           825.20367           825.80273           826.57257           827.87897           830.13849           831.87384           833.13434           834.10913           834.95361    
       835.72809           836.43579           837.19342           838.24731           839.45306           841.01556           842.77710           844.82935           847.42389           850.74396    
       854.70831           859.57251           865.33984           868.68164           871.78540           874.70575           877.69891           880.31384           884.19885           888.46588    
       892.79755           894.66681           898.55548           900.71307          0.99999998E+31      0.99999998E+31      0.99999998E+31      0.99999998E+31      0.99999998E+31      0.99999998E+31
      0.99999998E+31      0.99999998E+31      0.99999998E+31      0.99999998E+31       1108.3669           1107.2523           1105.9117           1104.8632           1103.9913           1103.8915    
       1103.8469           1103.6210           1103.2504           1102.7942           1102.0933           1101.3914           1100.6589           1099.2290           1097.8812           1098.1521    
       1097.3083           1097.5164           1096.1478           1094.8942          0.99999998E+31      0.99999998E+31      0.99999998E+31      0.99999998E+31      0.99999998E+31      0.99999998E+31
      0.99999998E+31      0.99999998E+31      0.99999998E+31      0.99999998E+31      0.99999998E+31      0.99999998E+31      0.99999998E+31      0.99999998E+31      0.99999998E+31      0.99999998E+31
      0.99999998E+31      0.99999998E+31      0.99999998E+31      0.99999998E+31      0.99999998E+31      0.99999998E+31      0.99999998E+31      0.99999998E+31      0.99999998E+31      0.99999998E+31
      0.99999998E+31      0.99999998E+31      0.99999998E+31      0.99999998E+31      0.99999998E+31      0.99999998E+31      0.99999998E+31      0.99999998E+31      0.99999998E+31      0.99999998E+31
      0.99999998E+31      0.99999998E+31      0.99999998E+31      0.99999998E+31      0.99999998E+31      0.99999998E+31      0.99999998E+31      0.99999998E+31      0.99999998E+31      0.99999998E+31
      0.99999998E+31      0.99999998E+31      0.99999998E+31      0.99999998E+31      0.99999998E+31      0.99999998E+31      0.99999998E+31      0.99999998E+31      0.99999998E+31      0.99999998E+31
      0.99999998E+31      0.99999998E+31      0.99999998E+31      0.99999998E+31      0.99999998E+31      0.99999998E+31      0.99999998E+31      0.99999998E+31      0.99999998E+31      0.99999998E+31
      0.99999998E+31      0.99999998E+31
      0.99999998E+31      0.99999998E+31      0.99999998E+31      0.99999998E+31      0.99999998E+31      0.99999998E+31      0.99999998E+31      0.99999998E+31      0.99999998E+31      0.99999998E+31
      0.99999998E+31      0.99999998E+31      0.99999998E+31      0.99999998E+31       996.35535           994.67108           992.89093           992.06885           991.43188           990.84039    
       990.18121           989.41858           988.53198           987.69855           987.24738          0.99999998E+31      0.99999998E+31      0.99999998E+31      0.99999998E+31      0.99999998E+31
      0.99999998E+31      0.99999998E+31      0.99999998E+31      0.99999998E+31      0.99999998E+31      0.99999998E+31      0.99999998E+31      0.99999998E+31      0.99999998E+31      0.99999998E+31
      0.99999998E+31      0.99999998E+31      0.99999998E+31      0.99999998E+31       1193.6000           1190.5248           1186.9581           1182.1340           1179.5068           1176.9961    
       1174.0934           1171.6771           1170.2136           1169.6649           1169.4775           1169.1577           1168.9491           1168.7440           1167.9932          0.99999998E+31
      0.99999998E+31      0.99999998E+31      0.99999998E+31      0.99999998E+31      0.99999998E+31      0.99999998E+31      0.99999998E+31      0.99999998E+31      0.99999998E+31      0.99999998E+31
      0.99999998E+31      0.99999998E+31      0.99999998E+31      0.99999998E+31      0.99999998E+31      0.99999998E+31      0.99999998E+31       874.96130           863.43048           862.22375    
       860.11572           857.55920           853.47784           848.10797           843.43719           837.09113           830.19965           826.28625           824.43848           823.70789    
       823.52234           823.62561           823.92126           824.47870           824.09113           828.24292           831.00031           832.31006           833.33063           834.17432    
       835.18597           836.10168           837.09698           838.31940           839.83331           841.67548           843.76324           846.13043           849.00336           852.47534    
       856.50494           861.09180           866.18036           869.90015           872.66907           875.15753           879.64362           883.21326           886.57275           890.40082    
       894.17194           897.13617           899.45837           901.09076          0.99999998E+31      0.99999998E+31      0.99999998E+31      0.99999998E+31      0.99999998E+31      0.99999998E+31
      0.99999998E+31      0.99999998E+31      0.99999998E+31       1107.5392           1107.2849           1106.3376           1104.8424           1103.5713           1101.9010           1101.8667    
       1101.7117           1101.3662           1100.8264           1100.2645           1099.5618           1098.5138           1097.1205           1095.1606           1093.5085           1092.3727    
       1091.9440           1091.6067           1091.4880           1091.3691          0.99999998E+31      0.99999998E+31      0.99999998E+31      0.99999998E+31      0.99999998E+31      0.99999998E+31
      0.99999998E+31      0.99999998E+31      0.99999998E+31      0.99999998E+31      0.99999998E+31      0.99999998E+31      0.99999998E+31      0.99999998E+31      0.99999998E+31      0.99999998E+31
      0.99999998E+31      0.99999998E+31      0.99999998E+31      0.99999998E+31      0.99999998E+31      0.99999998E+31      0.99999998E+31      0.99999998E+31      0.99999998E+31      0.99999998E+31
      0.99999998E+31      0.99999998E+31      0.99999998E+31      0.99999998E+31      0.99999998E+31      0.99999998E+31      0.99999998E+31      0.99999998E+31      0.99999998E+31      0.99999998E+31
      0.99999998E+31      0.99999998E+31      0.99999998E+31      0.99999998E+31      0.99999998E+31      0.99999998E+31      0.99999998E+31      0.99999998E+31      0.99999998E+31      0.99999998E+31
      0.99999998E+31      0.99999998E+31      0.99999998E+31      0.99999998E+31      0.99999998E+31      0.99999998E+31      0.99999998E+31      0.99999998E+31      0.99999998E+31      0.99999998E+31
      0.99999998E+31      0.99999998E+31      0.99999998E+31      0.99999998E+31      0.99999998E+31      0.99999998E+31      0.99999998E+31      0.99999998E+31      0.99999998E+31      0.99999998E+31
      0.99999998E+31      0.99999998E+31
      0.99999998E+31      0.99999998E+31      0.99999998E+31      0.99999998E+31      0.99999998E+31      0.99999998E+31      0.99999998E+31      0.99999998E+31      0.99999998E+31      0.99999998E+31
      0.99999998E+31      0.99999998E+31      0.99999998E+31      0.99999998E+31       994.03595           992.42480           991.89465           991.41522           990.90088           990.33856    
       989.68402           988.86078           987.88568           986.76538           985.64117           984.87225           980.71442           978.87860           977.62415          0.99999998E+31
      0.99999998E+31      0.99999998E+31      0.99999998E+31      0.99999998E+31      0.99999998E+31      0.99999998E+31      0.99999998E+31      0.99999998E+31      0.99999998E+31      0.99999998E+31
      0.99999998E+31      0.99999998E+31      0.99999998E+31      0.99999998E+31      0.99999998E+31       1186.0178           1179.7548           1176.7032           1174.1064           1171.4707    
       1167.3356           1164.1157           1162.9696           1162.6763           1162.3234           1161.8141           1160.9114           1160.0884           1159.2152          0.99999998E+31
      0.99999998E+31      0.99999998E+31      0.99999998E+31      0.99999998E+31      0.99999998E+31      0.99999998E+31      0.99999998E+31      0.99999998E+31      0.99999998E+31      0.99999998E+31
      0.99999998E+31      0.99999998E+31      0.99999998E+31      0.99999998E+31      0.99999998E+31      0.99999998E+31      0.99999998E+31       928.11755           859.19696           856.42590    
       852.28473           849.82178           845.88599           841.06952           835.71692           831.15790           826.64026           823.96899           822.61652           822.10883    
       822.01306           822.01343           821.78058           823.22321           824.26715           826.66638           830.05841           831.39307           832.71686           833.78485    
       834.84259           835.89020           837.07495           838.51904           840.34515           842.57806           845.09674           847.82727           850.99298           854.56775    
       858.53790           862.98029           867.49420           871.13538           873.30316           872.31110           881.48315           885.98975           889.48224           892.83594    
       896.06049           899.01300           900.56488           902.39447          0.99999998E+31      0.99999998E+31      0.99999998E+31      0.99999998E+31      0.99999998E+31      0.99999998E+31
      0.99999998E+31      0.99999998E+31       1108.4166           1107.8396           1107.0258           1105.8765           1104.1246           1102.8011           1101.2112           1100.0510    
       1099.4695           1098.9570           1098.1420           1097.7065           1097.0397           1095.8531           1093.9877           1091.8457           1090.2428           1089.0068    
       1088.0133           1087.1053           1087.0557           1087.3464          0.99999998E+31      0.99999998E+31      0.99999998E+31      0.99999998E+31      0.99999998E+31      0.99999998E+31
      0.99999998E+31      0.99999998E+31      0.99999998E+31      0.99999998E+31      0.99999998E+31      0.99999998E+31      0.99999998E+31      0.99999998E+31      0.99999998E+31      0.99999998E+31
      0.99999998E+31      0.99999998E+31      0.99999998E+31      0.99999998E+31      0.99999998E+31      0.99999998E+31      0.99999998E+31      0.99999998E+31      0.99999998E+31      0.99999998E+31
      0.99999998E+31      0.99999998E+31      0.99999998E+31      0.99999998E+31      0.99999998E+31      0.99999998E+31      0.99999998E+31      0.99999998E+31      0.99999998E+31      0.99999998E+31
      0.99999998E+31      0.99999998E+31      0.99999998E+31      0.99999998E+31      0.99999998E+31      0.99999998E+31      0.99999998E+31      0.99999998E+31      0.99999998E+31      0.99999998E+31
      0.99999998E+31      0.99999998E+31      0.99999998E+31      0.99999998E+31      0.99999998E+31      0.99999998E+31      0.99999998E+31      0.99999998E+31      0.99999998E+31      0.99999998E+31
      0.99999998E+31      0.99999998E+31      0.99999998E+31      0.99999998E+31      0.99999998E+31      0.99999998E+31      0.99999998E+31      0.99999998E+31      0.99999998E+31      0.99999998E+31
      0.99999998E+31      0.99999998E+31
      0.99999998E+31      0.99999998E+31      0.99999998E+31      0.99999998E+31      0.99999998E+31      0.99999998E+31      0.99999998E+31      0.99999998E+31      0.99999998E+31      0.99999998E+31
      0.99999998E+31      0.99999998E+31      0.99999998E+31      0.99999998E+31       992.04395           991.66699           991.27533           990.88031           990.47144           989.97852    
       989.35492           988.53369           987.43652           986.01617           984.29248           982.11816           979.66003           977.49872           975.45465           973.30597    
       971.36469           969.79285           968.27881           967.32556           966.57098           965.97253           965.54816           965.26276           965.16388          0.99999998E+31
      0.99999998E+31      0.99999998E+31      0.99999998E+31      0.99999998E+31      0.99999998E+31      0.99999998E+31       1170.9869           1169.8003           1167.4980           1166.8850    
       1159.2136           1155.6831           1154.9150           1154.5248           1154.5796           1154.4502           1154.0762           1153.5656           1153.1055          0.99999998E+31
      0.99999998E+31      0.99999998E+31      0.99999998E+31      0.99999998E+31      0.99999998E+31      0.99999998E+31      0.99999998E+31      0.99999998E+31      0.99999998E+31      0.99999998E+31
      0.99999998E+31      0.99999998E+31      0.99999998E+31      0.99999998E+31      0.99999998E+31      0.99999998E+31      0.99999998E+31       904.35168           853.33850           847.20276    
       844.86627           842.67639           839.11908           834.66101           830.47955           826.99615           823.75537           821.87543           821.00653           820.74231    
       820.75391           820.85028           820.71204           822.30927           823.68091           825.66449           828.49451           830.77106           832.24487           833.48962    
       834.67572           835.87463           837.22339           838.89178           841.09277           843.88000           846.91681           850.05792           853.29681           856.96503    
       860.93921           865.12860           869.33197           873.35175           877.01373           879.82916           884.70197           888.58667           891.92908           895.13586    
       898.42511           901.82263           904.61505           906.13110          0.99999998E+31      0.99999998E+31      0.99999998E+31      0.99999998E+31      0.99999998E+31      0.99999998E+31
      0.99999998E+31      0.99999998E+31       1108.7983           1108.2642           1107.0254           1105.6622           1103.7516           1102.3055           1100.3540           1098.4598    
       1097.0107           1096.2311           1094.9015           1094.9148           1094.3855           1093.2260           1090.9883           1088.9653           1087.4672           1086.2942    
       1085.3643           1084.4832           1083.7566           1083.2606           1083.3513           1083.9141           1084.6406           1085.5856           1086.2869           1086.5638    
      0.99999998E+31      0.99999998E+31      0.99999998E+31      0.99999998E+31      0.99999998E+31      0.99999998E+31      0.99999998E+31      0.99999998E+31      0.99999998E+31      0.99999998E+31
      0.99999998E+31      0.99999998E+31      0.99999998E+31      0.99999998E+31      0.99999998E+31      0.99999998E+31      0.99999998E+31      0.99999998E+31      0.99999998E+31      0.99999998E+31
      0.99999998E+31      0.99999998E+31      0.99999998E+31      0.99999998E+31      0.99999998E+31      0.99999998E+31      0.99999998E+31      0.99999998E+31      0.99999998E+31      0.99999998E+31
      0.99999998E+31      0.99999998E+31      0.99999998E+31      0.99999998E+31      0.99999998E+31      0.99999998E+31      0.99999998E+31      0.99999998E+31      0.99999998E+31      0.99999998E+31
      0.99999998E+31      0.99999998E+31      0.99999998E+31      0.99999998E+31      0.99999998E+31      0.99999998E+31      0.99999998E+31      0.99999998E+31      0.99999998E+31      0.99999998E+31
      0.99999998E+31      0.99999998E+31      0.99999998E+31      0.99999998E+31      0.99999998E+31      0.99999998E+31      0.99999998E+31      0.99999998E+31      0.99999998E+31      0.99999998E+31
      0.99999998E+31      0.99999998E+31
      0.99999998E+31      0.99999998E+31      0.99999998E+31      0.99999998E+31      0.99999998E+31      0.99999998E+31      0.99999998E+31      0.99999998E+31      0.99999998E+31      0.99999998E+31
      0.99999998E+31      0.99999998E+31      0.99999998E+31      0.99999998E+31       991.33655           991.12000           990.81934           990.52319           990.18829           989.77911    
       989.23083           988.45917           987.27661           985.64520           983.65027           981.37720           978.97479           976.73566           974.56183           972.47803    
       970.55762           968.81866           967.44690           966.41174           965.60046           964.96826           964.54877           964.33868           964.30731           964.37695    
      0.99999998E+31      0.99999998E+31      0.99999998E+31      0.99999998E+31      0.99999998E+31      0.99999998E+31       1157.9698           1157.4087           1157.7545          0.99999998E+31
       1147.3615           1146.4578           1146.2487           1146.4275           1146.6919           1147.2229           1147.2220           1146.9160           1146.6040          0.99999998E+31
      0.99999998E+31      0.99999998E+31      0.99999998E+31      0.99999998E+31      0.99999998E+31      0.99999998E+31      0.99999998E+31      0.99999998E+31      0.99999998E+31      0.99999998E+31
      0.99999998E+31      0.99999998E+31      0.99999998E+31      0.99999998E+31      0.99999998E+31      0.99999998E+31      0.99999998E+31      0.99999998E+31       893.10712           839.55420    
       838.21082           836.40289           833.35944           829.55316           826.28864           823.55859           821.26569           820.17645           819.78119           819.70410    
       819.83850           820.17950           820.69562           821.75739           822.94000           824.49365           827.28540           829.81165           831.69086           833.29254    
       834.71881           836.12366           837.66418           839.57129           842.27277           845.86676           849.33899           852.65912           856.02063           859.57623    
       863.54260           867.40314           871.52106           875.77991           880.00647           883.48468           887.15363           890.46533           893.58258           896.93066    
       900.95233           905.37878           909.38257           912.04364          0.99999998E+31      0.99999998E+31      0.99999998E+31      0.99999998E+31      0.99999998E+31      0.99999998E+31
      0.99999998E+31      0.99999998E+31       1108.9193           1108.3322           1106.9790           1105.4692           1103.5197           1101.9722           1098.7206           1095.8420    
       1095.0817           1094.0601           1093.0498           1092.2721           1091.4526           1090.1609           1088.0453           1086.3955           1085.1813           1084.0530    
       1083.3893           1082.7068           1082.1232           1081.7977           1081.7970           1082.1565           1083.4552           1085.0507           1086.0887           1086.8649    
      0.99999998E+31      0.99999998E+31      0.99999998E+31      0.99999998E+31      0.99999998E+31      0.99999998E+31      0.99999998E+31      0.99999998E+31      0.99999998E+31      0.99999998E+31
      0.99999998E+31      0.99999998E+31      0.99999998E+31      0.99999998E+31      0.99999998E+31      0.99999998E+31      0.99999998E+31      0.99999998E+31      0.99999998E+31      0.99999998E+31
      0.99999998E+31      0.99999998E+31      0.99999998E+31      0.99999998E+31      0.99999998E+31      0.99999998E+31      0.99999998E+31      0.99999998E+31      0.99999998E+31      0.99999998E+31
      0.99999998E+31      0.99999998E+31      0.99999998E+31      0.99999998E+31      0.99999998E+31      0.99999998E+31      0.99999998E+31      0.99999998E+31      0.99999998E+31      0.99999998E+31
      0.99999998E+31      0.99999998E+31      0.99999998E+31      0.99999998E+31      0.99999998E+31      0.99999998E+31      0.99999998E+31      0.99999998E+31      0.99999998E+31      0.99999998E+31
      0.99999998E+31      0.99999998E+31      0.99999998E+31      0.99999998E+31      0.99999998E+31      0.99999998E+31      0.99999998E+31      0.99999998E+31      0.99999998E+31      0.99999998E+31
      0.99999998E+31      0.99999998E+31
      0.99999998E+31      0.99999998E+31      0.99999998E+31      0.99999998E+31      0.99999998E+31      0.99999998E+31      0.99999998E+31      0.99999998E+31      0.99999998E+31      0.99999998E+31
      0.99999998E+31      0.99999998E+31      0.99999998E+31      0.99999998E+31       990.82990           990.64673           990.44049           990.21460           989.96948           989.67163    
       989.18140           988.31256           987.00256           985.25403           983.16052           980.83563           978.42743           976.06573           973.77399           971.61646    
       969.63226           967.89313           966.47180           965.39734           964.60883           964.02448           963.67230           963.52325           963.55988           964.21521    
       964.52350           964.91858          0.99999998E+31      0.99999998E+31      0.99999998E+31      0.99999998E+31       1146.5439           1143.8109           1142.0820          0.99999998E+31
       1135.4664           1136.3884           1137.4557           1138.3350           1138.8296           1139.2579           1139.6379           1139.2426           1138.5333          0.99999998E+31
      0.99999998E+31      0.99999998E+31      0.99999998E+31      0.99999998E+31      0.99999998E+31      0.99999998E+31      0.99999998E+31      0.99999998E+31      0.99999998E+31      0.99999998E+31
      0.99999998E+31      0.99999998E+31      0.99999998E+31      0.99999998E+31      0.99999998E+31      0.99999998E+31      0.99999998E+31      0.99999998E+31       853.64734           833.80225    
       832.63574           831.28333           828.63708           826.12250           823.25330           821.07837           819.75275           819.16553           818.94281           818.94659    
       819.13977           819.58679           820.25354           821.22412           822.15887           822.59949           826.17670           828.95404           831.27722           833.35760    
       835.11200           836.83069           838.68933           840.97034           844.52130           848.82941           852.25574           855.51819           858.82574           862.28247    
       865.87073           869.54974           873.36249           877.13501           881.42328           885.07172           888.57251           891.75116           894.74213           898.46539    
       903.49640           909.20563           915.19690           922.33411           957.71545           982.09473           995.76282          0.99999998E+31      0.99999998E+31      0.99999998E+31
      0.99999998E+31      0.99999998E+31      0.99999998E+31      0.99999998E+31      0.99999998E+31      0.99999998E+31      0.99999998E+31      0.99999998E+31       1095.4430           1094.2378    
       1093.4357           1091.8188           1090.5024           1089.4095           1088.2261           1086.7943           1085.0494           1083.8124           1082.9050           1082.1384    
       1081.6477           1081.2449           1080.8682           1080.6375           1080.6252           1080.8771           1081.5972           1083.6809           1085.5361           1086.6344    
      0.99999998E+31      0.99999998E+31      0.99999998E+31      0.99999998E+31      0.99999998E+31      0.99999998E+31      0.99999998E+31      0.99999998E+31      0.99999998E+31      0.99999998E+31
      0.99999998E+31      0.99999998E+31      0.99999998E+31      0.99999998E+31      0.99999998E+31      0.99999998E+31      0.99999998E+31      0.99999998E+31      0.99999998E+31      0.99999998E+31
      0.99999998E+31      0.99999998E+31      0.99999998E+31      0.99999998E+31      0.99999998E+31      0.99999998E+31      0.99999998E+31      0.99999998E+31      0.99999998E+31      0.99999998E+31
      0.99999998E+31      0.99999998E+31      0.99999998E+31      0.99999998E+31      0.99999998E+31      0.99999998E+31      0.99999998E+31      0.99999998E+31      0.99999998E+31      0.99999998E+31
      0.99999998E+31      0.99999998E+31      0.99999998E+31      0.99999998E+31      0.99999998E+31      0.99999998E+31      0.99999998E+31      0.99999998E+31      0.99999998E+31      0.99999998E+31
      0.99999998E+31      0.99999998E+31      0.99999998E+31      0.99999998E+31      0.99999998E+31      0.99999998E+31      0.99999998E+31      0.99999998E+31      0.99999998E+31      0.99999998E+31
      0.99999998E+31      0.99999998E+31
      0.99999998E+31      0.99999998E+31      0.99999998E+31      0.99999998E+31      0.99999998E+31      0.99999998E+31      0.99999998E+31      0.99999998E+31      0.99999998E+31      0.99999998E+31
      0.99999998E+31      0.99999998E+31      0.99999998E+31      0.99999998E+31       990.36914           990.23309           990.06720           989.90338           989.71161           989.37146    
       988.76624           987.78235           986.37762           984.57037           982.43134           980.08331           977.66089           975.27466           972.94006           970.68958    
       968.62592           966.77374           965.24774           964.14624           963.39972           962.90796           962.62610           962.55322           962.67694           963.10193    
       964.02466           965.08893           966.05835          0.99999998E+31      0.99999998E+31      0.99999998E+31       1138.4807           1130.2196           1125.2390           1121.4117    
       1123.5732           1126.0579           1128.4747           1130.1729           1131.3239           1132.1342           1132.7118           1132.2656           1130.8921           1128.3466    
      0.99999998E+31      0.99999998E+31      0.99999998E+31      0.99999998E+31      0.99999998E+31      0.99999998E+31      0.99999998E+31      0.99999998E+31      0.99999998E+31      0.99999998E+31
      0.99999998E+31      0.99999998E+31      0.99999998E+31      0.99999998E+31      0.99999998E+31      0.99999998E+31      0.99999998E+31       977.05566           847.29865           828.67065    
       828.53918           827.40411           825.12054           822.77600           820.92303           819.61285           818.85504           818.47583           818.33392           818.39709    
       818.63123           819.04535           819.65985           820.80695           821.99780           823.35583           825.88269           828.51428           831.24255           833.91425    
       836.08917           838.21265           840.64789           843.62354           847.59125           851.59650           855.02942           858.20190           861.33533           864.56628    
       867.90820           871.29895           874.80731           878.38745           882.10034           885.63397           889.09644           892.43231           895.76373           900.37225    
       906.17523           912.86664           922.63232           938.54321           958.92108           987.20935           1003.2542           1012.6753          0.99999998E+31      0.99999998E+31
      0.99999998E+31      0.99999998E+31      0.99999998E+31      0.99999998E+31      0.99999998E+31      0.99999998E+31      0.99999998E+31      0.99999998E+31       1093.3038           1090.2067    
       1091.3228           1090.0125           1087.3787           1085.4446           1084.6611           1083.1060           1081.6276           1080.8823           1080.2985           1079.9528    
       1079.7969           1079.6738           1079.5890           1079.5486           1079.5490           1079.6404           1079.9810           1081.3745           1084.0558           1085.2750    
      0.99999998E+31      0.99999998E+31      0.99999998E+31      0.99999998E+31      0.99999998E+31      0.99999998E+31      0.99999998E+31      0.99999998E+31      0.99999998E+31      0.99999998E+31
      0.99999998E+31      0.99999998E+31      0.99999998E+31      0.99999998E+31      0.99999998E+31      0.99999998E+31      0.99999998E+31      0.99999998E+31      0.99999998E+31      0.99999998E+31
      0.99999998E+31      0.99999998E+31      0.99999998E+31      0.99999998E+31      0.99999998E+31      0.99999998E+31      0.99999998E+31      0.99999998E+31      0.99999998E+31      0.99999998E+31
      0.99999998E+31      0.99999998E+31      0.99999998E+31      0.99999998E+31      0.99999998E+31      0.99999998E+31      0.99999998E+31      0.99999998E+31      0.99999998E+31      0.99999998E+31
      0.99999998E+31      0.99999998E+31      0.99999998E+31      0.99999998E+31      0.99999998E+31      0.99999998E+31      0.99999998E+31      0.99999998E+31      0.99999998E+31      0.99999998E+31
      0.99999998E+31      0.99999998E+31      0.99999998E+31      0.99999998E+31      0.99999998E+31      0.99999998E+31      0.99999998E+31      0.99999998E+31      0.99999998E+31      0.99999998E+31
      0.99999998E+31      0.99999998E+31
      0.99999998E+31      0.99999998E+31      0.99999998E+31      0.99999998E+31      0.99999998E+31      0.99999998E+31      0.99999998E+31      0.99999998E+31      0.99999998E+31      0.99999998E+31
      0.99999998E+31      0.99999998E+31      0.99999998E+31      0.99999998E+31       989.86188           989.80475           989.66528           989.50513           989.19824           988.70337    
       987.94232           986.83405           985.34210           983.48706           981.32550           978.96869           976.53296           974.15741           971.81000           969.51190    
       967.33179           965.30591           963.68549           962.52716           961.97821           961.69434           961.60565           961.68945           961.97620           962.51971    
       963.88293           965.34589           966.58295           968.10126           968.85583          0.99999998E+31      0.99999998E+31       1118.2552           1115.4507           1114.2699    
       1115.3662           1117.5638           1119.9911           1122.4396           1124.5939           1126.3091           1127.4821           1127.5242           1126.5388           1125.4100    
      0.99999998E+31      0.99999998E+31      0.99999998E+31      0.99999998E+31      0.99999998E+31      0.99999998E+31      0.99999998E+31      0.99999998E+31      0.99999998E+31      0.99999998E+31
      0.99999998E+31      0.99999998E+31      0.99999998E+31      0.99999998E+31      0.99999998E+31      0.99999998E+31      0.99999998E+31       912.08832           827.29773           826.16058    
       825.53064           824.25879           822.55103           820.87610           819.42084           818.59845           818.13562           817.91968           817.87781           818.00366    
       818.26733           818.57892           818.67944           820.42657           821.77502           822.95392           825.63940           828.38000           831.76837           835.30701    
       837.97601           840.60120           843.34216           846.41534           850.12823           853.88281           857.24640           860.33710           863.33588           866.36218    
       869.47296           872.59393           875.71863           878.87592           882.13770           885.46924           889.12482           892.95715           897.22369           902.33600    
       908.68835           917.70410           937.93628           950.46362           975.50177           995.78876           1009.3134           1016.6107          0.99999998E+31      0.99999998E+31
      0.99999998E+31      0.99999998E+31      0.99999998E+31      0.99999998E+31      0.99999998E+31      0.99999998E+31      0.99999998E+31      0.99999998E+31      0.99999998E+31       1090.2983    
       1089.8661           1088.3673           1083.9249           1078.5981           1080.3214           1078.7883           1077.5984           1077.3424           1077.3777           1077.5527    
       1077.7859           1077.9999           1078.1938           1078.3676           1078.4965           1078.5750           1078.7520           1079.2948           1080.4908           1081.5016    
      0.99999998E+31      0.99999998E+31      0.99999998E+31      0.99999998E+31      0.99999998E+31      0.99999998E+31      0.99999998E+31      0.99999998E+31      0.99999998E+31      0.99999998E+31
      0.99999998E+31      0.99999998E+31      0.99999998E+31      0.99999998E+31      0.99999998E+31      0.99999998E+31      0.99999998E+31      0.99999998E+31      0.99999998E+31      0.99999998E+31
      0.99999998E+31      0.99999998E+31      0.99999998E+31      0.99999998E+31      0.99999998E+31      0.99999998E+31      0.99999998E+31      0.99999998E+31      0.99999998E+31      0.99999998E+31
      0.99999998E+31      0.99999998E+31      0.99999998E+31      0.99999998E+31      0.99999998E+31      0.99999998E+31      0.99999998E+31      0.99999998E+31      0.99999998E+31      0.99999998E+31
      0.99999998E+31      0.99999998E+31      0.99999998E+31      0.99999998E+31      0.99999998E+31      0.99999998E+31      0.99999998E+31      0.99999998E+31      0.99999998E+31      0.99999998E+31
      0.99999998E+31      0.99999998E+31      0.99999998E+31      0.99999998E+31      0.99999998E+31      0.99999998E+31      0.99999998E+31      0.99999998E+31      0.99999998E+31      0.99999998E+31
      0.99999998E+31      0.99999998E+31
      0.99999998E+31      0.99999998E+31      0.99999998E+31      0.99999998E+31      0.99999998E+31      0.99999998E+31      0.99999998E+31      0.99999998E+31      0.99999998E+31      0.99999998E+31
      0.99999998E+31      0.99999998E+31      0.99999998E+31      0.99999998E+31       989.21594           989.36743           989.21313           988.92120           988.39301           987.66168    
       986.71643           985.48383           983.90839           982.00635           979.81512           977.49396           975.11420           972.75769           970.42657           968.12189    
       965.82837           963.42603           961.59448           960.40741           960.38287           960.41736           960.53455           960.76550           961.18237           961.94269    
       963.51202           965.41998           966.92328           968.36652           969.48108          0.99999998E+31      0.99999998E+31       1113.5153           1108.4846           1107.6637    
       1108.7943           1110.3823           1112.5586           1115.2529           1118.0430           1120.5139           1122.2738           1123.2646           1122.7543           1121.6671    
       1120.3555          0.99999998E+31      0.99999998E+31      0.99999998E+31      0.99999998E+31      0.99999998E+31      0.99999998E+31      0.99999998E+31      0.99999998E+31      0.99999998E+31
      0.99999998E+31      0.99999998E+31      0.99999998E+31      0.99999998E+31      0.99999998E+31      0.99999998E+31      0.99999998E+31       844.60498           824.23529           823.82617    
       823.14655           822.28259           820.91962           819.46045           818.29578           817.70685           817.44830           817.39996           817.49323           817.74518    
       818.13965           818.65717           819.34369           820.55939           821.81183           823.17944           825.47205           828.81329           833.37280           837.61188    
       840.70819           843.38257           846.15338           849.04681           852.39386           855.79675           858.99091           861.97748           864.84601           867.69482    
       870.59497           873.48602           876.26617           878.92126           881.73993           884.78497           888.89386           893.62543           898.50360           904.29041    
       912.73602           932.28156           950.61133           962.45270           984.75385           1001.9763           1015.2011           1022.9741          0.99999998E+31      0.99999998E+31
      0.99999998E+31      0.99999998E+31      0.99999998E+31      0.99999998E+31      0.99999998E+31      0.99999998E+31      0.99999998E+31      0.99999998E+31      0.99999998E+31      0.99999998E+31
       1089.0841           1086.5725           1080.2656           1074.9872           1073.9927           1073.1415           1072.2031           1073.2076           1074.1185           1074.9382    
       1075.6245           1076.1992           1076.7057           1077.1025           1077.3818           1077.6003           1077.8400           1078.2593           1078.9498           1079.3716    
      0.99999998E+31      0.99999998E+31      0.99999998E+31      0.99999998E+31      0.99999998E+31      0.99999998E+31      0.99999998E+31      0.99999998E+31      0.99999998E+31      0.99999998E+31
      0.99999998E+31      0.99999998E+31      0.99999998E+31      0.99999998E+31      0.99999998E+31      0.99999998E+31      0.99999998E+31      0.99999998E+31      0.99999998E+31      0.99999998E+31
      0.99999998E+31      0.99999998E+31      0.99999998E+31      0.99999998E+31      0.99999998E+31      0.99999998E+31      0.99999998E+31      0.99999998E+31      0.99999998E+31      0.99999998E+31
      0.99999998E+31      0.99999998E+31      0.99999998E+31      0.99999998E+31      0.99999998E+31      0.99999998E+31      0.99999998E+31      0.99999998E+31      0.99999998E+31      0.99999998E+31
      0.99999998E+31      0.99999998E+31      0.99999998E+31      0.99999998E+31      0.99999998E+31      0.99999998E+31      0.99999998E+31      0.99999998E+31      0.99999998E+31      0.99999998E+31
      0.99999998E+31      0.99999998E+31      0.99999998E+31      0.99999998E+31      0.99999998E+31      0.99999998E+31      0.99999998E+31      0.99999998E+31      0.99999998E+31      0.99999998E+31
      0.99999998E+31      0.99999998E+31
      0.99999998E+31      0.99999998E+31      0.99999998E+31      0.99999998E+31      0.99999998E+31      0.99999998E+31      0.99999998E+31      0.99999998E+31      0.99999998E+31      0.99999998E+31
      0.99999998E+31      0.99999998E+31      0.99999998E+31      0.99999998E+31       988.77930           988.94037           988.69299           988.28674           987.36200           986.25232    
       985.10510           983.75867           982.09686           980.17072           978.01935           975.73163           973.41156           971.10608           968.84033           966.61127    
       964.42706           962.32452           960.41473           958.64642           958.83337           959.19659           959.52051           959.85291           960.36658           961.27710    
       963.03851           965.52448           967.35889           969.32800           970.42914           971.79901          0.99999998E+31      0.99999998E+31       1099.4579           1099.5651    
       1101.0016           1102.8715           1105.1494           1107.9215           1111.0125           1114.0819           1116.8027           1118.9620           1119.1694           1118.4594    
       1117.2299           1116.3030          0.99999998E+31      0.99999998E+31      0.99999998E+31      0.99999998E+31      0.99999998E+31      0.99999998E+31      0.99999998E+31      0.99999998E+31
      0.99999998E+31      0.99999998E+31      0.99999998E+31      0.99999998E+31      0.99999998E+31      0.99999998E+31      0.99999998E+31       837.27106           822.42639           821.92987    
       821.40900           820.72974           819.45404           818.16492           817.26520           816.84338           816.76923           816.90387           817.18597           817.59344    
       818.13672           818.82031           819.69098           820.79913           822.03455           823.44110           825.84637           831.60071           836.23682           841.22559    
       843.74274           846.27094           848.84943           851.45746           854.42419           857.48523           860.44958           863.27545           865.98834           868.66510    
       871.41779           874.12299           876.63348           878.90179           881.21136           883.31024           888.54700           893.88068           899.32147           906.91278    
       924.04791           942.43781           957.52051           972.50140           988.23785           1006.0538           1020.1486           1030.9381           1041.8967           1047.0435    
      0.99999998E+31      0.99999998E+31      0.99999998E+31      0.99999998E+31      0.99999998E+31      0.99999998E+31      0.99999998E+31      0.99999998E+31      0.99999998E+31      0.99999998E+31
      0.99999998E+31      0.99999998E+31       1074.6782           1066.9683           1065.9380           1066.9443           1067.5693           1068.9487           1070.7815           1072.2272    
       1073.3204           1074.2788           1075.1418           1075.8344           1076.3512           1076.7517           1077.0803           1077.4594           1078.0029           1078.3802    
       1078.7206          0.99999998E+31      0.99999998E+31      0.99999998E+31      0.99999998E+31      0.99999998E+31      0.99999998E+31      0.99999998E+31      0.99999998E+31      0.99999998E+31
      0.99999998E+31      0.99999998E+31      0.99999998E+31      0.99999998E+31      0.99999998E+31      0.99999998E+31      0.99999998E+31      0.99999998E+31      0.99999998E+31      0.99999998E+31
      0.99999998E+31      0.99999998E+31      0.99999998E+31      0.99999998E+31      0.99999998E+31      0.99999998E+31      0.99999998E+31      0.99999998E+31      0.99999998E+31      0.99999998E+31
      0.99999998E+31      0.99999998E+31      0.99999998E+31      0.99999998E+31      0.99999998E+31      0.99999998E+31      0.99999998E+31      0.99999998E+31      0.99999998E+31      0.99999998E+31
      0.99999998E+31      0.99999998E+31      0.99999998E+31      0.99999998E+31      0.99999998E+31      0.99999998E+31      0.99999998E+31      0.99999998E+31      0.99999998E+31      0.99999998E+31
      0.99999998E+31      0.99999998E+31      0.99999998E+31      0.99999998E+31      0.99999998E+31      0.99999998E+31      0.99999998E+31      0.99999998E+31      0.99999998E+31      0.99999998E+31
      0.99999998E+31      0.99999998E+31
      0.99999998E+31      0.99999998E+31      0.99999998E+31      0.99999998E+31      0.99999998E+31      0.99999998E+31      0.99999998E+31      0.99999998E+31      0.99999998E+31      0.99999998E+31
      0.99999998E+31      0.99999998E+31      0.99999998E+31      0.99999998E+31      0.99999998E+31       988.19415           988.05957           987.52747           986.12878           984.49097    
       983.23712           981.78741           980.07190           978.12457           975.99463           973.74957           971.49841           969.27203           967.11401           964.99628    
       962.96063           960.99951           959.01660           956.77563           957.44080           958.03906           958.49646           958.93622           959.48370           960.44110    
       962.34399           965.70874           968.05225           970.29053           971.73834           973.10828          0.99999998E+31      0.99999998E+31       1090.5629           1090.7798    
       1092.6882           1094.8007           1097.0731           1099.7345           1102.7711           1105.9603           1109.0508           1112.6289           1113.9093           1114.0840    
       1113.9469           1113.5933          0.99999998E+31      0.99999998E+31      0.99999998E+31      0.99999998E+31      0.99999998E+31      0.99999998E+31      0.99999998E+31      0.99999998E+31
      0.99999998E+31      0.99999998E+31      0.99999998E+31      0.99999998E+31      0.99999998E+31      0.99999998E+31      0.99999998E+31      0.99999998E+31       820.92676           820.33691    
       819.83191           819.12335           817.94629           816.84473           816.18170           815.97510           816.11072           816.49060           816.96637           817.53680    
       818.21008           819.05322           820.03308           821.21008           822.71619           824.31250           828.06567           832.28094           839.14417           844.03613    
       846.45648           848.85980           851.17468           853.54608           856.21039           858.97369           861.71204           864.35278           866.91327           869.35614    
       872.05530           874.61963           876.96661           879.09607           881.33386           884.18890           888.66418           893.68024           900.18353           910.29749    
       928.82574           946.68848           961.83618           976.59174           993.25183           1008.8847           1022.4126           1033.3448           1042.1825           1046.9365    
      0.99999998E+31      0.99999998E+31      0.99999998E+31      0.99999998E+31      0.99999998E+31      0.99999998E+31      0.99999998E+31      0.99999998E+31      0.99999998E+31      0.99999998E+31
      0.99999998E+31      0.99999998E+31       1067.0273           1062.5474           1058.9620           1059.5577           1062.1434           1064.6414           1067.4446           1069.7001    
       1071.2848           1072.5898           1073.7550           1074.7303           1075.4939           1076.0735           1076.5151           1076.8916           1077.3385           1077.7219    
       1077.8911          0.99999998E+31      0.99999998E+31      0.99999998E+31      0.99999998E+31      0.99999998E+31      0.99999998E+31      0.99999998E+31      0.99999998E+31      0.99999998E+31
      0.99999998E+31      0.99999998E+31      0.99999998E+31      0.99999998E+31      0.99999998E+31      0.99999998E+31      0.99999998E+31      0.99999998E+31      0.99999998E+31      0.99999998E+31
      0.99999998E+31      0.99999998E+31      0.99999998E+31      0.99999998E+31      0.99999998E+31      0.99999998E+31      0.99999998E+31      0.99999998E+31      0.99999998E+31      0.99999998E+31
      0.99999998E+31      0.99999998E+31      0.99999998E+31      0.99999998E+31      0.99999998E+31      0.99999998E+31      0.99999998E+31      0.99999998E+31      0.99999998E+31      0.99999998E+31
      0.99999998E+31      0.99999998E+31      0.99999998E+31      0.99999998E+31      0.99999998E+31      0.99999998E+31      0.99999998E+31      0.99999998E+31      0.99999998E+31      0.99999998E+31
      0.99999998E+31      0.99999998E+31      0.99999998E+31      0.99999998E+31      0.99999998E+31      0.99999998E+31      0.99999998E+31      0.99999998E+31      0.99999998E+31      0.99999998E+31
      0.99999998E+31      0.99999998E+31
      0.99999998E+31      0.99999998E+31      0.99999998E+31      0.99999998E+31      0.99999998E+31      0.99999998E+31      0.99999998E+31      0.99999998E+31      0.99999998E+31      0.99999998E+31
      0.99999998E+31      0.99999998E+31      0.99999998E+31      0.99999998E+31      0.99999998E+31      0.99999998E+31       987.17987           986.50378           984.64081           982.55634    
       981.22150           979.66357           977.86920           975.88733           973.78333           971.63965           969.50537           967.38605           965.32172           963.33386    
       961.43848           959.58148           957.74921           955.88104           956.40887           956.95624           957.47675           957.96484           958.51892           959.46967    
       961.40228           965.72894           969.22717           972.03491           973.83630           975.64807          0.99999998E+31      0.99999998E+31       1081.8275           1082.6134    
       1083.9690           1085.7832           1087.8464           1090.1506           1092.7579           1095.4053           1098.0890           1101.3196           1106.9174           1109.3402    
       1110.6838           1111.5494          0.99999998E+31      0.99999998E+31      0.99999998E+31      0.99999998E+31      0.99999998E+31      0.99999998E+31      0.99999998E+31      0.99999998E+31
      0.99999998E+31      0.99999998E+31      0.99999998E+31      0.99999998E+31      0.99999998E+31      0.99999998E+31      0.99999998E+31      0.99999998E+31       819.54364           818.68481    
       818.05774           817.35950           816.33173           815.50659           815.10144           815.15460           815.53369           816.18182           816.84576           817.55444    
       818.35278           819.40820           820.66394           822.07477           824.10114           826.53900           830.81238           836.44971           841.65167           845.72931    
       848.56451           850.94714           853.11963           855.35193           857.77838           860.28687           862.84265           865.32373           867.80859           870.26257    
       872.71344           875.10333           877.32648           879.39471           881.55078           884.42328           888.50885           893.33020           900.07043           912.65179    
       929.74542           946.73438           963.19922           978.74890           994.99805           1009.4163           1022.4474           1032.4276           1040.6848           1045.4479    
      0.99999998E+31      0.99999998E+31      0.99999998E+31      0.99999998E+31      0.99999998E+31      0.99999998E+31      0.99999998E+31      0.99999998E+31      0.99999998E+31      0.99999998E+31
      0.99999998E+31      0.99999998E+31       1061.5544           1057.5465           1050.3058           1049.8317           1057.1893           1060.9500           1064.6210           1067.6862    
       1069.7788           1071.3296           1072.7274           1073.8988           1074.8328           1075.5415           1076.0822           1076.5017           1076.8181           1077.1179    
       1077.3357          0.99999998E+31      0.99999998E+31      0.99999998E+31      0.99999998E+31      0.99999998E+31      0.99999998E+31      0.99999998E+31      0.99999998E+31      0.99999998E+31
      0.99999998E+31      0.99999998E+31      0.99999998E+31      0.99999998E+31      0.99999998E+31      0.99999998E+31      0.99999998E+31      0.99999998E+31      0.99999998E+31      0.99999998E+31
      0.99999998E+31      0.99999998E+31      0.99999998E+31      0.99999998E+31      0.99999998E+31      0.99999998E+31      0.99999998E+31      0.99999998E+31      0.99999998E+31      0.99999998E+31
      0.99999998E+31      0.99999998E+31      0.99999998E+31      0.99999998E+31      0.99999998E+31      0.99999998E+31      0.99999998E+31      0.99999998E+31      0.99999998E+31      0.99999998E+31
      0.99999998E+31      0.99999998E+31      0.99999998E+31      0.99999998E+31      0.99999998E+31      0.99999998E+31      0.99999998E+31      0.99999998E+31      0.99999998E+31      0.99999998E+31
      0.99999998E+31      0.99999998E+31      0.99999998E+31      0.99999998E+31      0.99999998E+31      0.99999998E+31      0.99999998E+31      0.99999998E+31      0.99999998E+31      0.99999998E+31
      0.99999998E+31      0.99999998E+31
      0.99999998E+31      0.99999998E+31      0.99999998E+31      0.99999998E+31      0.99999998E+31      0.99999998E+31      0.99999998E+31      0.99999998E+31      0.99999998E+31      0.99999998E+31
      0.99999998E+31      0.99999998E+31      0.99999998E+31      0.99999998E+31      0.99999998E+31      0.99999998E+31      0.99999998E+31       984.98682           982.99353           980.69226    
       979.25665           977.44977           975.52216           973.57458           971.53741           969.45349           967.37817           965.35309           963.39526           961.51923    
       959.70148           957.92255           956.28625           955.07990           955.27100           955.78632           956.36017           956.93164           957.52673           958.54022    
       960.64691           964.74878           970.00549           974.25842           976.93073           980.19604          0.99999998E+31      0.99999998E+31       1071.2972           1072.2125    
       1073.7438           1075.5830           1077.4093           1079.2545           1081.2795           1083.6459           1086.4673           1092.2188           1099.4614           1104.0264    
       1107.6556           1109.8938          0.99999998E+31      0.99999998E+31      0.99999998E+31      0.99999998E+31      0.99999998E+31      0.99999998E+31      0.99999998E+31      0.99999998E+31
      0.99999998E+31      0.99999998E+31      0.99999998E+31      0.99999998E+31      0.99999998E+31      0.99999998E+31      0.99999998E+31      0.99999998E+31       817.61499           816.87451    
       816.20929           815.51624           814.68207           814.14429           814.10889           814.54822           815.19135           816.02777           816.85565           817.67908    
       818.67700           820.06427           821.72266           823.78748           827.40558           830.48914           834.53925           838.81610           843.34857           847.19269    
       850.03619           852.56671           854.75018           856.86639           859.08673           861.45319           863.91016           866.25879           868.58752           870.93884    
       873.26294           875.54065           877.69458           879.72937           881.78943           884.55408           888.47766           893.31519           899.63495           909.66913    
       926.89526           943.94946           960.70752           977.69073           994.12903           1007.8617           1019.8537           1028.2384           1037.0912           1042.4449    
      0.99999998E+31      0.99999998E+31      0.99999998E+31      0.99999998E+31      0.99999998E+31      0.99999998E+31      0.99999998E+31      0.99999998E+31      0.99999998E+31      0.99999998E+31
      0.99999998E+31      0.99999998E+31       1056.9652           1052.4236           1042.4271           1037.5948           1051.7959           1057.8153           1062.5320           1066.3240    
       1068.9050           1070.6759           1072.1245           1073.3516           1074.3668           1075.1704           1075.7688           1076.1965           1076.4915           1076.7054    
       1076.9120          0.99999998E+31      0.99999998E+31      0.99999998E+31      0.99999998E+31      0.99999998E+31      0.99999998E+31      0.99999998E+31      0.99999998E+31      0.99999998E+31
      0.99999998E+31      0.99999998E+31      0.99999998E+31      0.99999998E+31      0.99999998E+31      0.99999998E+31      0.99999998E+31      0.99999998E+31      0.99999998E+31      0.99999998E+31
      0.99999998E+31      0.99999998E+31      0.99999998E+31      0.99999998E+31      0.99999998E+31      0.99999998E+31      0.99999998E+31      0.99999998E+31      0.99999998E+31      0.99999998E+31
      0.99999998E+31      0.99999998E+31      0.99999998E+31      0.99999998E+31      0.99999998E+31      0.99999998E+31      0.99999998E+31      0.99999998E+31      0.99999998E+31      0.99999998E+31
      0.99999998E+31      0.99999998E+31      0.99999998E+31      0.99999998E+31      0.99999998E+31      0.99999998E+31      0.99999998E+31      0.99999998E+31      0.99999998E+31      0.99999998E+31
      0.99999998E+31      0.99999998E+31      0.99999998E+31      0.99999998E+31      0.99999998E+31      0.99999998E+31      0.99999998E+31      0.99999998E+31      0.99999998E+31      0.99999998E+31
      0.99999998E+31      0.99999998E+31
      0.99999998E+31      0.99999998E+31      0.99999998E+31      0.99999998E+31      0.99999998E+31      0.99999998E+31      0.99999998E+31      0.99999998E+31      0.99999998E+31      0.99999998E+31
      0.99999998E+31      0.99999998E+31      0.99999998E+31      0.99999998E+31      0.99999998E+31      0.99999998E+31      0.99999998E+31      0.99999998E+31       981.43518           978.71936    
       977.35895           975.36664           973.21313           971.26959           969.17743           967.02570           964.99658           963.06671           961.22632           959.44049    
       957.63312           955.80499           954.08105           952.64270           953.66223           954.41901           955.09814           955.76416           956.45819           957.66431    
       960.05267           964.08136           970.76678           975.69958           979.73242           986.30731           997.86639          0.99999998E+31       1057.1794           1059.1449    
       1061.5120           1063.5896           1065.4468           1067.1841           1069.0665           1071.6132           1074.9098           1080.7802           1090.5707           1096.2083    
       1102.3475           1107.9717          0.99999998E+31      0.99999998E+31      0.99999998E+31      0.99999998E+31      0.99999998E+31      0.99999998E+31      0.99999998E+31      0.99999998E+31
      0.99999998E+31      0.99999998E+31      0.99999998E+31      0.99999998E+31      0.99999998E+31      0.99999998E+31      0.99999998E+31      0.99999998E+31       815.47681           814.87897    
       814.17047           813.38660           812.83447           812.65240           813.11017           814.11334           815.06848           816.04907           817.00018           817.95734    
       819.29449           821.95551           824.49860           828.20618           831.41248           834.80249           837.36945           840.94159           844.71313           848.20709    
       851.22186           853.79822           855.93811           858.06317           860.29504           862.60205           864.87933           867.08783           869.28217           871.56354    
       873.79614           875.98535           878.07855           880.08044           882.10529           884.45392           888.59332           893.32678           898.77917           907.23938    
       920.41010           938.41327           954.73615           972.30975           990.25043           1003.0141           1013.0432           1022.3552           1029.8789           1038.6230    
       1047.3749           1057.3074           1067.5232           1077.0477           1085.3872           1092.2565           1097.9337           1100.6675          0.99999998E+31      0.99999998E+31
      0.99999998E+31      0.99999998E+31       1054.9867           1050.5938           1040.6534           1036.6134           1048.7424           1056.0294           1061.5713           1065.7461    
       1068.6001           1070.4941           1071.9515           1073.1587           1074.1519           1074.9678           1075.5669           1075.9916           1076.2645           1076.4520    
       1076.6276           1076.8604           1077.5234           1078.8369           1080.7264           1083.5946           1085.5428           1087.0020          0.99999998E+31      0.99999998E+31
      0.99999998E+31      0.99999998E+31      0.99999998E+31      0.99999998E+31      0.99999998E+31      0.99999998E+31      0.99999998E+31      0.99999998E+31      0.99999998E+31      0.99999998E+31
      0.99999998E+31      0.99999998E+31      0.99999998E+31      0.99999998E+31      0.99999998E+31      0.99999998E+31      0.99999998E+31      0.99999998E+31      0.99999998E+31      0.99999998E+31
      0.99999998E+31      0.99999998E+31      0.99999998E+31      0.99999998E+31      0.99999998E+31      0.99999998E+31      0.99999998E+31      0.99999998E+31      0.99999998E+31      0.99999998E+31
      0.99999998E+31      0.99999998E+31      0.99999998E+31      0.99999998E+31      0.99999998E+31      0.99999998E+31      0.99999998E+31      0.99999998E+31      0.99999998E+31      0.99999998E+31
      0.99999998E+31      0.99999998E+31      0.99999998E+31      0.99999998E+31      0.99999998E+31      0.99999998E+31      0.99999998E+31      0.99999998E+31      0.99999998E+31      0.99999998E+31
      0.99999998E+31      0.99999998E+31
      0.99999998E+31      0.99999998E+31      0.99999998E+31      0.99999998E+31      0.99999998E+31      0.99999998E+31      0.99999998E+31      0.99999998E+31      0.99999998E+31      0.99999998E+31
      0.99999998E+31      0.99999998E+31      0.99999998E+31      0.99999998E+31      0.99999998E+31      0.99999998E+31      0.99999998E+31      0.99999998E+31      0.99999998E+31       976.56494    
       975.51868           973.26831           970.98431           968.92676           966.64166           964.23346           962.27838           960.46338           958.75891           957.06976    
       955.24017           953.20062           951.17511           951.36890           952.18799           953.00873           953.73920           954.46204           955.24518           956.59930    
       959.21631           963.50305           970.57391           976.97955           982.44580           990.90240           1007.4786           1021.7313           1035.2673           1042.9734    
       1047.2068           1049.9932           1052.0056           1053.7495           1055.5054           1058.2418           1061.8817           1066.6870           1079.3896           1086.3455    
       1089.8330           1113.2415          0.99999998E+31      0.99999998E+31      0.99999998E+31      0.99999998E+31      0.99999998E+31      0.99999998E+31      0.99999998E+31      0.99999998E+31
      0.99999998E+31      0.99999998E+31      0.99999998E+31      0.99999998E+31      0.99999998E+31      0.99999998E+31      0.99999998E+31       822.33179           813.33679           812.75964    
       812.08606           811.19708           810.95483           811.10461           812.01678           813.60034           814.89880           816.09363           817.25580           818.47198    
       820.33789           823.65253           827.07977           830.40491           833.40027           836.82379           839.59351           842.60632           845.98065           849.16663    
       852.05725           854.70911           856.90173           859.11786           861.36835           863.60309           865.79578           867.94775           870.10107           872.26709    
       874.38275           876.44342           878.45111           880.45197           882.52014           885.02069           888.75543           893.34576           898.28967           905.33521    
       918.02100           932.28906           944.61920           958.63843           977.90021           992.09100           1002.3795           1011.6536           1020.6839           1029.9178    
       1041.4657           1053.0702           1063.8822           1074.0331           1083.0819           1090.9723           1098.2871           1101.7476          0.99999998E+31      0.99999998E+31
      0.99999998E+31      0.99999998E+31       1055.7723           1051.6125           1043.4526           1033.2191           1047.7357           1056.5339           1062.2094           1066.1240    
       1068.8379           1070.7423           1072.1035           1073.2240           1074.1671           1074.9370           1075.4869           1075.8613           1076.0959           1076.2241    
       1076.3317           1076.5302           1077.2377           1078.4427           1080.3937           1083.0901           1085.0439           1086.1884          0.99999998E+31      0.99999998E+31
      0.99999998E+31      0.99999998E+31      0.99999998E+31      0.99999998E+31      0.99999998E+31      0.99999998E+31      0.99999998E+31      0.99999998E+31      0.99999998E+31      0.99999998E+31
      0.99999998E+31      0.99999998E+31      0.99999998E+31      0.99999998E+31      0.99999998E+31      0.99999998E+31      0.99999998E+31      0.99999998E+31      0.99999998E+31      0.99999998E+31
      0.99999998E+31      0.99999998E+31      0.99999998E+31      0.99999998E+31      0.99999998E+31      0.99999998E+31      0.99999998E+31      0.99999998E+31      0.99999998E+31      0.99999998E+31
      0.99999998E+31      0.99999998E+31      0.99999998E+31      0.99999998E+31      0.99999998E+31      0.99999998E+31      0.99999998E+31      0.99999998E+31      0.99999998E+31      0.99999998E+31
      0.99999998E+31      0.99999998E+31      0.99999998E+31      0.99999998E+31      0.99999998E+31      0.99999998E+31      0.99999998E+31      0.99999998E+31      0.99999998E+31      0.99999998E+31
      0.99999998E+31      0.99999998E+31
      0.99999998E+31      0.99999998E+31      0.99999998E+31      0.99999998E+31      0.99999998E+31      0.99999998E+31      0.99999998E+31      0.99999998E+31      0.99999998E+31      0.99999998E+31
      0.99999998E+31      0.99999998E+31      0.99999998E+31      0.99999998E+31      0.99999998E+31      0.99999998E+31      0.99999998E+31      0.99999998E+31      0.99999998E+31       975.18292    
       973.62976           971.11981           968.71912           966.65430           964.04407           960.71002           959.13092           957.46436           955.97192           954.49469    
       952.67407           950.14038           949.66772           949.39655           950.64825           951.64081           952.33917           953.04919           953.80634           955.14642    
       957.85834           962.56726           970.30206           977.49408           984.60321           993.74567           1005.5903           1016.3887           1024.4075           1029.6898    
       1033.4532           1035.9728           1037.6118           1038.7592           1039.9457           1041.9463           1045.4930           1055.2152           1065.2185           1074.7111    
       1078.8574           1078.7559          0.99999998E+31      0.99999998E+31      0.99999998E+31      0.99999998E+31      0.99999998E+31      0.99999998E+31      0.99999998E+31      0.99999998E+31
      0.99999998E+31      0.99999998E+31      0.99999998E+31      0.99999998E+31      0.99999998E+31      0.99999998E+31       825.84558           814.68536           811.26166           810.64502    
       809.93713           809.22327           808.82605           809.16003           810.61652           812.84900           814.55591           816.11761           817.57245           819.13556    
       821.37158           824.74286           828.00366           831.24152           834.29968           837.49695           840.76703           843.80884           847.00146           850.15594    
       852.94397           855.45715           857.77954           860.08319           862.34338           864.54797           866.70709           868.81335           870.90222           872.98279    
       875.00220           876.92462           878.78430           880.85950           882.91217           885.47412           888.98859           893.60291           898.09534           905.81372    
       913.36188           923.16266           929.54938           937.93274           956.21686           975.21124           987.22473           997.40143           1008.0804           1018.7163    
       1030.4159           1045.3975           1057.7332           1068.6870           1078.6678           1087.9264           1097.5817           1103.5065           1106.6713          0.99999998E+31
      0.99999998E+31       1061.4014           1058.4825           1053.4349           1048.3484           1041.6985           1050.9663           1059.9696           1064.1078           1067.2412    
       1069.5874           1071.2631           1072.4984           1073.4958           1074.3507           1075.0265           1075.5007           1075.8163           1075.9926           1076.0544    
       1076.0861           1076.1940           1076.5868           1077.7672           1079.8864           1082.4543           1084.4824           1085.6527          0.99999998E+31      0.99999998E+31
      0.99999998E+31      0.99999998E+31      0.99999998E+31      0.99999998E+31      0.99999998E+31      0.99999998E+31      0.99999998E+31      0.99999998E+31      0.99999998E+31      0.99999998E+31
      0.99999998E+31      0.99999998E+31      0.99999998E+31      0.99999998E+31      0.99999998E+31      0.99999998E+31      0.99999998E+31      0.99999998E+31      0.99999998E+31      0.99999998E+31
      0.99999998E+31      0.99999998E+31      0.99999998E+31      0.99999998E+31      0.99999998E+31      0.99999998E+31      0.99999998E+31      0.99999998E+31      0.99999998E+31      0.99999998E+31
      0.99999998E+31      0.99999998E+31      0.99999998E+31      0.99999998E+31      0.99999998E+31      0.99999998E+31      0.99999998E+31      0.99999998E+31      0.99999998E+31      0.99999998E+31
      0.99999998E+31      0.99999998E+31      0.99999998E+31      0.99999998E+31      0.99999998E+31      0.99999998E+31      0.99999998E+31      0.99999998E+31      0.99999998E+31      0.99999998E+31
      0.99999998E+31      0.99999998E+31
      0.99999998E+31      0.99999998E+31      0.99999998E+31      0.99999998E+31      0.99999998E+31      0.99999998E+31      0.99999998E+31      0.99999998E+31      0.99999998E+31      0.99999998E+31
      0.99999998E+31      0.99999998E+31      0.99999998E+31      0.99999998E+31      0.99999998E+31      0.99999998E+31      0.99999998E+31      0.99999998E+31      0.99999998E+31      0.99999998E+31
       971.61139           968.87799           966.54883           964.54651           961.99060           958.96069           955.71259           953.93353           952.80902           951.88617    
       950.41663           948.52991           947.75067           948.30212           949.28790           950.14636           950.85791           951.49829           952.14691           953.25220    
       955.84015           961.21112           969.66071           977.13110           984.87067           993.41504           1001.9583           1009.2617           1014.4113           1018.0375    
       1020.3113           1021.6485           1022.1486           1022.2800           1022.1137           1021.8860           1016.5390           1034.6879           1045.2759           1050.5977    
       1054.4812           1049.8156          0.99999998E+31      0.99999998E+31      0.99999998E+31      0.99999998E+31      0.99999998E+31      0.99999998E+31      0.99999998E+31      0.99999998E+31
      0.99999998E+31      0.99999998E+31      0.99999998E+31      0.99999998E+31      0.99999998E+31      0.99999998E+31       817.33167           811.23297           809.41406           808.38293    
       807.67035           806.90784           806.29706           806.40442           808.69592           811.64471           813.99408           816.02454           817.82581           819.76666    
       822.30286           825.46228           828.72449           832.06073           835.23914           838.28027           841.48450           844.76263           847.96515           851.09406    
       853.80219           856.28485           858.65643           860.99835           863.25861           865.45782           867.60199           869.68512           871.71716           873.72656    
       875.68542           877.46619           878.85107           881.38232           883.52094           886.18738           889.64154           894.32385           898.18451           905.42767    
       911.05786           916.18378           922.05634           929.75226           941.61475           957.17749           970.81622           982.96729           992.93933           1006.4099    
       1019.0891           1035.0920           1049.7749           1061.7185           1072.5214           1082.7495           1093.4182           1101.3008           1106.2086           1109.0006    
      0.99999998E+31       1062.4373           1059.9240           1051.1982           1049.0717           1044.0880           1053.3640           1061.7899           1065.9811           1068.5889    
       1070.5624           1071.9622           1073.0297           1073.8978           1074.6335           1075.1932           1075.5896           1075.8481           1075.9735           1075.9827    
       1075.9255           1075.8683           1075.9476           1076.4585           1078.8076           1082.0802           1084.0315           1085.3044           1086.1218          0.99999998E+31
      0.99999998E+31      0.99999998E+31      0.99999998E+31      0.99999998E+31      0.99999998E+31      0.99999998E+31      0.99999998E+31      0.99999998E+31      0.99999998E+31      0.99999998E+31
      0.99999998E+31      0.99999998E+31      0.99999998E+31      0.99999998E+31      0.99999998E+31      0.99999998E+31      0.99999998E+31      0.99999998E+31      0.99999998E+31      0.99999998E+31
      0.99999998E+31      0.99999998E+31      0.99999998E+31      0.99999998E+31      0.99999998E+31      0.99999998E+31      0.99999998E+31      0.99999998E+31      0.99999998E+31      0.99999998E+31
      0.99999998E+31      0.99999998E+31      0.99999998E+31      0.99999998E+31      0.99999998E+31      0.99999998E+31      0.99999998E+31      0.99999998E+31      0.99999998E+31      0.99999998E+31
      0.99999998E+31      0.99999998E+31      0.99999998E+31      0.99999998E+31      0.99999998E+31      0.99999998E+31      0.99999998E+31      0.99999998E+31      0.99999998E+31      0.99999998E+31
      0.99999998E+31      0.99999998E+31
      0.99999998E+31      0.99999998E+31      0.99999998E+31      0.99999998E+31      0.99999998E+31      0.99999998E+31      0.99999998E+31      0.99999998E+31      0.99999998E+31      0.99999998E+31
      0.99999998E+31      0.99999998E+31      0.99999998E+31      0.99999998E+31      0.99999998E+31      0.99999998E+31      0.99999998E+31      0.99999998E+31      0.99999998E+31      0.99999998E+31
      0.99999998E+31       966.69794           964.68665           962.78021           960.31793           957.30090           953.78583           949.26385           948.97028           949.44263    
       948.18536           945.42413           944.11865           946.63354           947.93958           948.76331           949.34735           949.80786           950.23114           950.89240    
       952.84100           958.70288           965.82440           973.76501           982.50134           990.49976           996.30457           1001.0529           1003.9457           1005.7402    
       1006.7598           1006.8683           1006.1451           1004.6638           1004.0763           1003.8112           1003.5931           1012.3876           1021.5419           1024.7438    
       1024.9734           1023.2924          0.99999998E+31      0.99999998E+31      0.99999998E+31      0.99999998E+31      0.99999998E+31      0.99999998E+31      0.99999998E+31      0.99999998E+31
      0.99999998E+31      0.99999998E+31      0.99999998E+31      0.99999998E+31      0.99999998E+31      0.99999998E+31       814.00708           809.00830           807.25897           806.25159    
       805.40576           804.53949           803.53064           802.04474           805.97809           810.11169           813.24609           815.88635           818.06927           820.37274    
       823.02228           826.12469           829.52917           832.93066           836.15576           839.31555           842.50061           845.73999           848.86688           851.83875    
       854.63019           857.10999           859.52362           861.82520           864.11316           866.35608           868.50836           870.58337           872.56952           874.53522    
       876.51123           878.40973           880.25769           882.37146           884.51898           887.23419           890.57251           894.77972           898.44269           903.16235    
       907.92029           912.89545           918.16919           924.92603           934.18475           946.41150           958.98846           970.97638           982.24011           993.70789    
       1009.2034           1025.4536           1041.3800           1053.7111           1064.9116           1075.8158           1087.0483           1095.8436           1103.8252           1108.3069    
      0.99999998E+31       1064.8483           1063.7932           1059.8514           1049.4462           1031.5688           1053.2567           1063.2458           1067.6183           1069.9702    
       1071.5713           1072.7075           1073.5964           1074.3258           1074.9257           1075.3857           1075.7212           1075.9303           1076.0076           1075.9491    
       1075.7545           1075.4431           1075.0408           1074.6882           1077.0385           1081.3550           1083.6785           1084.9506           1086.0826           1086.9473    
      0.99999998E+31      0.99999998E+31      0.99999998E+31      0.99999998E+31      0.99999998E+31      0.99999998E+31      0.99999998E+31      0.99999998E+31      0.99999998E+31      0.99999998E+31
      0.99999998E+31      0.99999998E+31      0.99999998E+31      0.99999998E+31      0.99999998E+31      0.99999998E+31      0.99999998E+31      0.99999998E+31      0.99999998E+31      0.99999998E+31
      0.99999998E+31      0.99999998E+31      0.99999998E+31      0.99999998E+31      0.99999998E+31      0.99999998E+31      0.99999998E+31      0.99999998E+31      0.99999998E+31      0.99999998E+31
      0.99999998E+31      0.99999998E+31      0.99999998E+31      0.99999998E+31      0.99999998E+31      0.99999998E+31      0.99999998E+31      0.99999998E+31      0.99999998E+31      0.99999998E+31
      0.99999998E+31      0.99999998E+31      0.99999998E+31      0.99999998E+31      0.99999998E+31      0.99999998E+31      0.99999998E+31      0.99999998E+31      0.99999998E+31      0.99999998E+31
      0.99999998E+31      0.99999998E+31
      0.99999998E+31      0.99999998E+31      0.99999998E+31      0.99999998E+31      0.99999998E+31      0.99999998E+31      0.99999998E+31      0.99999998E+31      0.99999998E+31      0.99999998E+31
      0.99999998E+31      0.99999998E+31      0.99999998E+31      0.99999998E+31      0.99999998E+31      0.99999998E+31      0.99999998E+31      0.99999998E+31      0.99999998E+31      0.99999998E+31
      0.99999998E+31      0.99999998E+31       963.19031           961.30054           959.03632           956.12109           952.63971           948.94647           948.60992           948.31329    
       946.97284           944.26422           944.93854           946.10919           946.95697           947.48608           947.79980           947.96124           948.01331           948.01556    
       948.71405           952.94324           959.37769           968.00696           975.81812           983.67529           988.09875           991.43109           992.62518           993.27582    
       993.04236           992.04199           989.85834           984.83264           985.48187           984.96344           984.12231           986.11389           994.03864           1000.2064    
       1000.4668           1000.5233          0.99999998E+31      0.99999998E+31      0.99999998E+31      0.99999998E+31      0.99999998E+31      0.99999998E+31      0.99999998E+31      0.99999998E+31
      0.99999998E+31      0.99999998E+31      0.99999998E+31      0.99999998E+31      0.99999998E+31      0.99999998E+31       807.42133           806.19043           804.90692           803.91357    
       803.20123           802.61853           801.83704           801.69348           805.51154           809.08331           812.48267           815.63934           818.28101           820.84058    
       823.60175           826.81482           830.28638           833.74780           837.07538           840.36145           843.58868           846.76227           849.78784           852.69470    
       855.45288           857.99506           860.35785           862.52911           864.97491           867.30127           869.48779           871.54761           873.47064           875.37732    
       877.37769           879.35059           881.33984           883.42029           885.61224           888.25281           891.24915           894.80316           898.28101           902.08881    
       905.91345           910.43469           915.65179           921.99036           929.85608           939.46118           950.42603           961.74939           973.20404           985.21649    
       1001.8814           1018.3356           1033.3269           1045.1282           1056.1443           1066.9443           1078.2518           1088.0410           1100.7640           1106.9639    
      0.99999998E+31       1067.2023           1068.2887           1066.8478           1059.9944           1055.3053           1062.6300           1067.0358           1069.6940           1071.3168    
       1072.5416           1073.4143           1074.1122           1074.7056           1075.1956           1075.5823           1075.8690           1076.0428           1076.0811           1075.9528    
       1075.6072           1074.9603           1073.7988           1071.3669           1074.9030           1080.3076           1082.8856           1084.4603           1085.7897           1087.0483    
       1088.2437           1089.2428          0.99999998E+31      0.99999998E+31      0.99999998E+31      0.99999998E+31      0.99999998E+31      0.99999998E+31      0.99999998E+31      0.99999998E+31
      0.99999998E+31      0.99999998E+31      0.99999998E+31      0.99999998E+31      0.99999998E+31      0.99999998E+31      0.99999998E+31      0.99999998E+31      0.99999998E+31      0.99999998E+31
      0.99999998E+31      0.99999998E+31      0.99999998E+31      0.99999998E+31      0.99999998E+31      0.99999998E+31      0.99999998E+31      0.99999998E+31      0.99999998E+31      0.99999998E+31
      0.99999998E+31      0.99999998E+31      0.99999998E+31      0.99999998E+31      0.99999998E+31      0.99999998E+31      0.99999998E+31      0.99999998E+31      0.99999998E+31      0.99999998E+31
      0.99999998E+31      0.99999998E+31      0.99999998E+31      0.99999998E+31      0.99999998E+31      0.99999998E+31      0.99999998E+31      0.99999998E+31      0.99999998E+31      0.99999998E+31
      0.99999998E+31      0.99999998E+31
      0.99999998E+31      0.99999998E+31      0.99999998E+31      0.99999998E+31      0.99999998E+31      0.99999998E+31      0.99999998E+31      0.99999998E+31      0.99999998E+31      0.99999998E+31
      0.99999998E+31      0.99999998E+31      0.99999998E+31      0.99999998E+31      0.99999998E+31      0.99999998E+31      0.99999998E+31      0.99999998E+31      0.99999998E+31      0.99999998E+31
      0.99999998E+31      0.99999998E+31      0.99999998E+31       960.21686           958.33459           955.51233           951.58942           946.27515           947.77142           947.78052    
       946.67694           944.44299           945.25128           945.80518           946.14734           946.27356           946.20618           945.94373           945.45917           944.73126    
       943.90796           943.45203           946.32312           956.50195           964.26202           971.22638           978.85419           980.69604           981.12720           980.44226    
       979.09729           977.19043           974.67938           971.23926           969.17883           967.52722           966.93188           968.22913           971.64777           977.65112    
       981.03516           981.40253          0.99999998E+31      0.99999998E+31      0.99999998E+31      0.99999998E+31      0.99999998E+31      0.99999998E+31      0.99999998E+31      0.99999998E+31
      0.99999998E+31      0.99999998E+31      0.99999998E+31      0.99999998E+31       811.34009           805.42450           803.87769           802.60309           801.96771           801.46790    
       801.20917           801.22180           801.46783           802.32953           804.85309           807.88800           811.56213           815.32538           818.40778           821.28650    
       824.14093           827.50269           831.04877           834.58099           838.00671           841.32129           844.54553           847.72528           850.78131           853.70935    
       856.48352           859.04645           861.27753           862.91022           865.91064           868.36011           870.58374           872.55603           874.36804           876.22028    
       878.23383           880.22699           882.25366           884.36896           886.61737           889.09595           891.78247           894.80701           897.88062           901.07532    
       904.61835           908.72864           913.57288           919.55920           926.62524           934.81348           944.15045           954.68604           966.03827           979.04742    
       996.69080           1013.6481           1025.4193           1036.2845           1047.1637           1057.2120           1066.6746           1073.5640          0.99999998E+31      0.99999998E+31
      0.99999998E+31      0.99999998E+31       1073.1454           1070.9733           1068.8479           1066.7053           1068.3246           1070.2139           1071.6099           1072.5916    
       1073.4039           1074.0028           1074.5410           1075.0211           1075.4269           1075.7610           1076.0178           1076.1777           1076.2046           1076.0470    
       1075.6364           1074.8706           1073.5229           1071.1021           1073.8297           1079.1146           1081.8547           1083.8081           1085.5992           1087.0695    
       1088.4224           1089.3574          0.99999998E+31      0.99999998E+31      0.99999998E+31      0.99999998E+31      0.99999998E+31      0.99999998E+31      0.99999998E+31      0.99999998E+31
      0.99999998E+31      0.99999998E+31      0.99999998E+31      0.99999998E+31      0.99999998E+31      0.99999998E+31      0.99999998E+31      0.99999998E+31      0.99999998E+31      0.99999998E+31
      0.99999998E+31      0.99999998E+31      0.99999998E+31      0.99999998E+31      0.99999998E+31      0.99999998E+31      0.99999998E+31      0.99999998E+31      0.99999998E+31      0.99999998E+31
      0.99999998E+31      0.99999998E+31      0.99999998E+31      0.99999998E+31      0.99999998E+31      0.99999998E+31      0.99999998E+31      0.99999998E+31      0.99999998E+31      0.99999998E+31
      0.99999998E+31      0.99999998E+31      0.99999998E+31      0.99999998E+31      0.99999998E+31      0.99999998E+31      0.99999998E+31      0.99999998E+31      0.99999998E+31      0.99999998E+31
      0.99999998E+31      0.99999998E+31
      0.99999998E+31      0.99999998E+31      0.99999998E+31      0.99999998E+31      0.99999998E+31      0.99999998E+31      0.99999998E+31      0.99999998E+31      0.99999998E+31      0.99999998E+31
      0.99999998E+31      0.99999998E+31      0.99999998E+31      0.99999998E+31      0.99999998E+31      0.99999998E+31      0.99999998E+31      0.99999998E+31      0.99999998E+31      0.99999998E+31
      0.99999998E+31      0.99999998E+31      0.99999998E+31      0.99999998E+31      0.99999998E+31      0.99999998E+31      0.99999998E+31       947.87579           948.12311           947.92889    
       947.07886           945.98969           945.71027           945.57159           945.38123           945.07855           944.59656           943.80853           942.58313           940.76288    
       938.40546           936.46436           936.44189           941.23071           949.45270           956.47650           963.99365           967.94824           969.21014           967.76111    
       965.33044           962.45862           958.95270           954.81903           950.14026           948.67169           948.71228           948.59296           953.10339           959.76300    
       962.31152           962.12366          0.99999998E+31      0.99999998E+31      0.99999998E+31      0.99999998E+31      0.99999998E+31      0.99999998E+31      0.99999998E+31      0.99999998E+31
      0.99999998E+31      0.99999998E+31      0.99999998E+31       820.43262           807.86090           802.52954           800.37280           798.75110           798.64502           798.69391    
       798.85193           799.26855           800.19293           801.59576           803.55170           806.50421           810.23639           814.65234           818.36316           821.60358    
       824.62976           828.11456           831.72882           835.37213           838.88263           842.22766           845.50043           848.70490           851.83600           854.82776    
       857.65601           860.29376           862.71478           864.91730           867.34064           869.64136           871.78149           873.56531           875.23474           877.09430    
       879.09174           881.04108           883.02460           885.09772           887.29980           889.70007           892.13062           894.74628           897.46832           900.32867    
       903.61591           907.41827           911.93451           917.52216           924.01099           931.23828           939.39392           949.13574           960.05151           976.59607    
       993.75513           1007.2397           1018.1135           1027.7539           1037.7069           1047.1198           1055.7404           1060.5802          0.99999998E+31      0.99999998E+31
      0.99999998E+31      0.99999998E+31       1077.1099           1074.3748           1073.0747           1072.1034           1071.9917           1072.5376           1073.0714           1073.5691    
       1074.0402           1074.4598           1074.8687           1075.2523           1075.6001           1075.9048           1076.1558           1076.3331           1076.3906           1076.2739    
       1075.9384           1075.3353           1074.5914           1074.2969           1075.6083           1079.2964           1081.5812           1083.3478           1085.3884           1087.0590    
       1088.6210           1090.1047           1091.5468           1092.7186           1093.8104           1094.6400          0.99999998E+31      0.99999998E+31      0.99999998E+31      0.99999998E+31
      0.99999998E+31      0.99999998E+31      0.99999998E+31      0.99999998E+31      0.99999998E+31      0.99999998E+31      0.99999998E+31      0.99999998E+31      0.99999998E+31      0.99999998E+31
      0.99999998E+31      0.99999998E+31      0.99999998E+31      0.99999998E+31      0.99999998E+31      0.99999998E+31      0.99999998E+31      0.99999998E+31      0.99999998E+31      0.99999998E+31
      0.99999998E+31      0.99999998E+31      0.99999998E+31      0.99999998E+31      0.99999998E+31      0.99999998E+31      0.99999998E+31      0.99999998E+31      0.99999998E+31      0.99999998E+31
      0.99999998E+31      0.99999998E+31      0.99999998E+31      0.99999998E+31      0.99999998E+31      0.99999998E+31      0.99999998E+31      0.99999998E+31      0.99999998E+31      0.99999998E+31
      0.99999998E+31      0.99999998E+31
      0.99999998E+31      0.99999998E+31      0.99999998E+31      0.99999998E+31      0.99999998E+31      0.99999998E+31      0.99999998E+31      0.99999998E+31      0.99999998E+31      0.99999998E+31
      0.99999998E+31      0.99999998E+31      0.99999998E+31      0.99999998E+31      0.99999998E+31      0.99999998E+31      0.99999998E+31      0.99999998E+31      0.99999998E+31      0.99999998E+31
      0.99999998E+31      0.99999998E+31      0.99999998E+31      0.99999998E+31      0.99999998E+31      0.99999998E+31      0.99999998E+31      0.99999998E+31      0.99999998E+31       948.45526    
       947.55670           946.56812           945.84302           945.20764           944.56549           943.89117           943.04303           941.68127           939.27667           935.73572    
       931.97461           928.58813           926.18164           926.00305           932.08679           938.85333           946.22540           952.57495           956.34717           955.98413    
       952.30981           948.04529           942.71161           936.90594           932.09149           929.10834           927.00006           926.78149           933.60968           938.95270    
       942.91760           944.71515          0.99999998E+31      0.99999998E+31      0.99999998E+31      0.99999998E+31      0.99999998E+31      0.99999998E+31      0.99999998E+31      0.99999998E+31
      0.99999998E+31      0.99999998E+31       820.68805           807.00177           802.82623           800.00641           795.65704           792.74805           794.78387           795.74133    
       796.33588           796.73578           798.14209           799.93420           801.77600           804.91052           808.73071           813.59955           817.99603           821.63275    
       824.95453           828.69684           832.37872           836.12299           839.68665           843.09515           846.43414           849.72034           852.93347           856.01996    
       858.89905           861.61469           864.18439           866.53821           868.83429           871.00970           872.99847           874.62067           876.25519           878.10107    
       879.98633           881.83075           883.70544           885.65277           887.70105           889.90887           892.15045           894.51685           897.03296           899.65375    
       902.79712           906.41687           910.74011           915.94440           921.95618           928.38287           936.00024           945.45642           956.48926           974.82452    
       989.54895           1001.3372           1011.3013           1020.1155           1029.2367           1038.0248           1045.7339           1049.3773          0.99999998E+31      0.99999998E+31
      0.99999998E+31      0.99999998E+31       1079.5581           1076.9554           1075.5095           1074.7024           1073.9370           1073.8882           1074.0387           1074.2345    
       1074.4760           1074.7588           1075.0697           1075.3983           1075.7180           1076.0132           1076.2827           1076.5084           1076.6403           1076.6292    
       1076.4987           1076.2740           1076.1068           1076.3534           1077.4086           1079.8638           1081.7400           1083.4169           1085.2909           1087.0629    
       1088.7191           1090.2726           1091.5458           1092.7184           1093.8839           1094.9401           1095.7445          0.99999998E+31      0.99999998E+31      0.99999998E+31
      0.99999998E+31      0.99999998E+31      0.99999998E+31      0.99999998E+31      0.99999998E+31      0.99999998E+31      0.99999998E+31      0.99999998E+31      0.99999998E+31      0.99999998E+31
      0.99999998E+31      0.99999998E+31      0.99999998E+31      0.99999998E+31      0.99999998E+31      0.99999998E+31      0.99999998E+31      0.99999998E+31      0.99999998E+31      0.99999998E+31
      0.99999998E+31      0.99999998E+31      0.99999998E+31      0.99999998E+31      0.99999998E+31      0.99999998E+31      0.99999998E+31      0.99999998E+31      0.99999998E+31      0.99999998E+31
      0.99999998E+31      0.99999998E+31      0.99999998E+31      0.99999998E+31      0.99999998E+31      0.99999998E+31      0.99999998E+31      0.99999998E+31      0.99999998E+31      0.99999998E+31
      0.99999998E+31      0.99999998E+31
      0.99999998E+31      0.99999998E+31      0.99999998E+31      0.99999998E+31      0.99999998E+31      0.99999998E+31      0.99999998E+31      0.99999998E+31      0.99999998E+31      0.99999998E+31
      0.99999998E+31      0.99999998E+31      0.99999998E+31      0.99999998E+31      0.99999998E+31      0.99999998E+31      0.99999998E+31      0.99999998E+31      0.99999998E+31      0.99999998E+31
      0.99999998E+31      0.99999998E+31      0.99999998E+31      0.99999998E+31      0.99999998E+31      0.99999998E+31      0.99999998E+31      0.99999998E+31      0.99999998E+31      0.99999998E+31
       947.74445           946.78949           945.70703           944.58746           943.38580           942.23309           940.99969           938.96283           935.00684           929.78943    
       924.20135           919.54846           916.16766           913.68683           915.71051           922.43182           928.25397           936.90216           942.76129           943.59369    
       939.71747           933.80304           926.00409           918.34473           912.16254           908.35522           905.53680           903.13672           903.14392           913.76141    
       921.55188           925.94147          0.99999998E+31      0.99999998E+31      0.99999998E+31      0.99999998E+31      0.99999998E+31      0.99999998E+31      0.99999998E+31      0.99999998E+31
       863.49207           821.12225           811.27936           803.98822           798.29053           793.98895           789.25525           779.26788           789.36609           791.94745    
       793.08417           792.42975           795.72058           797.72272           798.53937           802.87219           806.26654           812.37378           817.27618           821.33734    
       824.88947           828.99713           833.00830           836.89752           840.50830           844.01227           847.43286           850.80365           854.11761           857.25775    
       860.19299           862.99744           865.65607           868.07904           870.33984           872.42804           874.28094           875.89459           877.49670           879.22552    
       880.94269           882.63495           884.35480           886.12390           887.94153           889.84949           891.84802           894.03351           896.43689           898.79120    
       902.10144           905.70728           909.79144           914.87341           920.49365           926.38312           933.80402           942.59003           954.95062           972.68420    
       985.44183           996.42657           1005.8085           1014.1813           1022.9191           1031.1965           1038.1602           1041.9849          0.99999998E+31      0.99999998E+31
      0.99999998E+31      0.99999998E+31       1080.7805           1079.0593           1077.4539           1076.2468           1075.1689           1074.8308           1074.6699           1074.6437    
       1074.7177           1074.8925           1075.1549           1075.4631           1075.7825           1076.0929           1076.3984           1076.7065           1076.9619           1077.1019    
       1077.1556           1077.2142           1077.3837           1077.8583           1078.8970           1080.5299           1081.9629           1083.6166           1084.9248           1086.8899    
       1088.8168           1090.2520           1091.5057           1092.6827           1093.9020           1094.9949           1096.1388           1097.0332          0.99999998E+31      0.99999998E+31
      0.99999998E+31      0.99999998E+31      0.99999998E+31      0.99999998E+31      0.99999998E+31      0.99999998E+31      0.99999998E+31      0.99999998E+31      0.99999998E+31      0.99999998E+31
      0.99999998E+31      0.99999998E+31      0.99999998E+31      0.99999998E+31      0.99999998E+31      0.99999998E+31      0.99999998E+31      0.99999998E+31      0.99999998E+31      0.99999998E+31
      0.99999998E+31      0.99999998E+31      0.99999998E+31      0.99999998E+31      0.99999998E+31      0.99999998E+31      0.99999998E+31      0.99999998E+31      0.99999998E+31      0.99999998E+31
      0.99999998E+31      0.99999998E+31      0.99999998E+31      0.99999998E+31      0.99999998E+31      0.99999998E+31      0.99999998E+31      0.99999998E+31      0.99999998E+31      0.99999998E+31
      0.99999998E+31      0.99999998E+31
      0.99999998E+31      0.99999998E+31      0.99999998E+31      0.99999998E+31      0.99999998E+31      0.99999998E+31      0.99999998E+31      0.99999998E+31      0.99999998E+31      0.99999998E+31
      0.99999998E+31      0.99999998E+31      0.99999998E+31      0.99999998E+31      0.99999998E+31      0.99999998E+31      0.99999998E+31      0.99999998E+31      0.99999998E+31      0.99999998E+31
      0.99999998E+31      0.99999998E+31      0.99999998E+31      0.99999998E+31      0.99999998E+31      0.99999998E+31      0.99999998E+31      0.99999998E+31      0.99999998E+31      0.99999998E+31
       947.91571           946.85309           945.17926           943.45624           941.20343           938.88965           936.44562           933.19806           928.05304           922.12213    
       915.75751           910.95270           906.99432           903.30859           901.91339           906.86719           912.50275           918.04962           924.06079           929.43805    
       925.88373           918.70575           908.12061           898.84839           891.34869           885.90851           881.44354           876.41217           875.59045           882.81146    
       896.91559           906.62128          0.99999998E+31      0.99999998E+31      0.99999998E+31      0.99999998E+31      0.99999998E+31      0.99999998E+31      0.99999998E+31       845.88318    
       833.79816           818.23273           809.63324           801.20728           795.70685           791.93677           788.98718           786.50073           788.63800           788.89923    
       791.24719           792.84106           794.85791           796.68427           798.29651           802.01782           806.22894           811.37384           816.26904           820.66498    
       824.63696           829.07782           833.40314           837.54486           841.47070           845.16852           848.63544           852.03259           855.37732           858.57819    
       861.57544           864.47870           867.15161           869.63800           871.90790           873.94385           875.73169           877.33508           878.87689           880.45203    
       881.97797           883.49939           885.05426           886.61731           888.14911           889.64917           891.20435           893.30084           895.92664           898.54083    
       901.78113           905.38708           909.54773           914.34625           919.65143           925.37427           932.51520           940.67664           955.88214           970.55756    
       982.22705           992.52051           1001.5834           1009.7483           1018.6260           1026.9156           1033.4015           1037.2424          0.99999998E+31      0.99999998E+31
      0.99999998E+31      0.99999998E+31      0.99999998E+31      0.99999998E+31       1078.6420           1076.4056           1075.8348           1075.3707           1075.0458           1074.8057    
       1074.7451           1074.8365           1075.1107           1075.4580           1075.8131           1076.1523           1076.4980           1076.8888           1077.2737           1077.5732    
       1077.7836           1078.0582           1078.5004           1079.1925           1080.1562           1081.3721           1082.2648           1083.7722           1084.3804           1086.8779    
       1088.7162           1090.0394           1091.3523           1092.6470           1093.8544           1094.9956           1096.3250           1097.6945          0.99999998E+31      0.99999998E+31
      0.99999998E+31      0.99999998E+31       1353.0676           1419.1595           1498.1184           1598.6836           1654.8123           1708.1624           1754.1063           1792.0883    
       1824.9325           1851.6476          0.99999998E+31      0.99999998E+31      0.99999998E+31      0.99999998E+31      0.99999998E+31      0.99999998E+31      0.99999998E+31      0.99999998E+31
      0.99999998E+31      0.99999998E+31      0.99999998E+31      0.99999998E+31      0.99999998E+31      0.99999998E+31      0.99999998E+31      0.99999998E+31      0.99999998E+31      0.99999998E+31
      0.99999998E+31      0.99999998E+31      0.99999998E+31      0.99999998E+31      0.99999998E+31      0.99999998E+31      0.99999998E+31      0.99999998E+31      0.99999998E+31      0.99999998E+31
      0.99999998E+31      0.99999998E+31
      0.99999998E+31      0.99999998E+31      0.99999998E+31      0.99999998E+31      0.99999998E+31      0.99999998E+31      0.99999998E+31      0.99999998E+31      0.99999998E+31      0.99999998E+31
      0.99999998E+31      0.99999998E+31      0.99999998E+31      0.99999998E+31      0.99999998E+31      0.99999998E+31      0.99999998E+31      0.99999998E+31      0.99999998E+31      0.99999998E+31
      0.99999998E+31      0.99999998E+31      0.99999998E+31      0.99999998E+31      0.99999998E+31      0.99999998E+31      0.99999998E+31      0.99999998E+31      0.99999998E+31      0.99999998E+31
       948.33960          0.99999998E+31       943.94458           942.01215           937.95728           933.78003           929.15588           923.78247           917.23755           910.59674    
       906.53680           900.72339           895.48779           890.05804           887.60291           890.27399           894.44403           898.17682           901.24640           903.76703    
       906.76990           902.32629           890.19037           880.16364           872.16284           867.46313           864.04846           859.00909           852.80957           860.83612    
       872.39062           884.14783          0.99999998E+31      0.99999998E+31      0.99999998E+31      0.99999998E+31       867.58582           864.43939           857.40607           845.02362    
       831.69141           816.74548           806.50830           797.97650           790.65289           787.64923           787.14447           787.77460           789.03729           789.89539    
       791.20172           792.55865           794.25671           796.04279           798.01099           801.07135           805.14026           810.02948           815.11255           819.83508    
       824.27844           828.96344           833.60657           838.13446           842.40289           846.27887           849.79987           853.26538           856.61621           859.88416    
       863.01019           865.96124           868.69073           871.20728           873.52789           875.62201           877.42462           878.96729           880.39508           881.77014    
       883.11993           884.47272           885.87659           887.25525           888.49896           889.46887           890.03558           892.13959           895.61432           898.27155    
       901.65247           905.29492           909.46631           914.20581           919.45264           925.31885           932.43542           940.79175           954.52295           968.98962    
       980.10803           989.73108           998.42126           1006.2833           1015.0117           1023.3008           1029.9449           1034.6195          0.99999998E+31      0.99999998E+31
      0.99999998E+31      0.99999998E+31      0.99999998E+31      0.99999998E+31       1078.5229           1077.2427           1076.2302           1075.6949           1075.2018           1074.7545    
       1074.5552           1074.5486           1074.9373           1075.4203           1075.8496           1076.2190           1076.6252           1077.1006           1077.5831           1078.0508    
       1078.4230           1078.8956           1079.5029           1080.2667           1081.2515           1082.3027           1083.3042           1084.5175           1085.4822           1086.9877    
       1088.4541           1089.8420           1091.1653           1092.5111           1093.9546           1095.2692           1097.1941           1099.1377          0.99999998E+31      0.99999998E+31
      0.99999998E+31      0.99999998E+31       1287.4081           1326.6271           1395.5724           1471.3467           1574.4982           1621.2346           1664.8141           1704.7957    
       1743.7312           1789.5056          0.99999998E+31      0.99999998E+31      0.99999998E+31      0.99999998E+31      0.99999998E+31      0.99999998E+31      0.99999998E+31      0.99999998E+31
      0.99999998E+31      0.99999998E+31      0.99999998E+31      0.99999998E+31      0.99999998E+31      0.99999998E+31      0.99999998E+31      0.99999998E+31      0.99999998E+31      0.99999998E+31
      0.99999998E+31      0.99999998E+31      0.99999998E+31      0.99999998E+31      0.99999998E+31      0.99999998E+31      0.99999998E+31      0.99999998E+31      0.99999998E+31      0.99999998E+31
      0.99999998E+31      0.99999998E+31
      0.99999998E+31      0.99999998E+31      0.99999998E+31      0.99999998E+31      0.99999998E+31      0.99999998E+31      0.99999998E+31      0.99999998E+31      0.99999998E+31      0.99999998E+31
      0.99999998E+31      0.99999998E+31      0.99999998E+31      0.99999998E+31      0.99999998E+31      0.99999998E+31      0.99999998E+31      0.99999998E+31      0.99999998E+31      0.99999998E+31
      0.99999998E+31      0.99999998E+31      0.99999998E+31      0.99999998E+31      0.99999998E+31      0.99999998E+31      0.99999998E+31      0.99999998E+31      0.99999998E+31      0.99999998E+31
      0.99999998E+31       765.37146          0.99999998E+31      0.99999998E+31       933.68652           928.11646           922.16052           915.55957           907.87384           901.12079    
       895.44714           889.98920           884.61066           877.89368           873.06750           874.68207           877.48962           880.74744           882.79828           883.39532    
       882.94873           881.55841           875.94983           865.74615           860.89954           857.43042           854.35413           852.01923           848.36688           852.77496    
       858.06781           865.11292           863.94897           864.31781           865.22937           866.00061           865.60419           861.78033           854.37531           843.57416    
       828.76941           813.62860           803.99487           793.11047           780.29065           780.46802           784.24835           787.30664           788.84296           789.91693    
       790.97455           792.00006           793.53845           795.23926           797.14453           799.79852           803.51703           808.20911           813.53418           818.67535    
       823.69684           828.76001           833.79376           838.67902           843.12793           847.06604           850.73151           854.25098           857.71075           861.14459    
       864.47705           867.60706           870.49164           873.11481           875.50635           877.63824           879.31213           880.71606           881.97864           883.18915    
       884.40570           885.63910           886.91089           888.18274           889.27539           889.89221           891.80432           893.84473           896.35181           898.88654    
       901.89539           905.43951           909.58679           914.41492           919.89508           926.00769           933.36200           942.27252           953.11230           968.16443    
       978.90912           987.84106           996.06854           1003.8798           1011.9611           1019.9278           1027.6437           1035.7773           1045.5175           1053.9216    
       1061.2230           1067.6017           1072.7518           1076.4313           1077.8887           1077.4988           1076.6526           1075.9247           1075.1989           1074.4922    
       1074.1976           1073.1949           1074.6553           1075.4669           1076.0065           1076.4104           1076.8367           1077.3929           1077.9446           1078.5372    
       1079.0933           1079.7134           1080.4093           1081.2111           1082.1074           1083.0989           1084.0663           1085.0453           1086.0530           1087.1750    
       1088.3734           1089.7476           1091.1202           1092.5188           1093.9629           1095.8159           1098.1072           1100.8643           1105.3917           1112.9996    
       1128.1257           1154.6804           1214.2947           1246.0793           1278.8293           1340.3357           1421.6604           1505.1122           1564.3562           1608.0945    
       1645.4895           1677.4829           1688.4954          0.99999998E+31      0.99999998E+31      0.99999998E+31      0.99999998E+31      0.99999998E+31      0.99999998E+31      0.99999998E+31
      0.99999998E+31      0.99999998E+31      0.99999998E+31      0.99999998E+31      0.99999998E+31      0.99999998E+31      0.99999998E+31      0.99999998E+31      0.99999998E+31      0.99999998E+31
      0.99999998E+31      0.99999998E+31      0.99999998E+31      0.99999998E+31      0.99999998E+31      0.99999998E+31      0.99999998E+31      0.99999998E+31      0.99999998E+31      0.99999998E+31
      0.99999998E+31      0.99999998E+31
      0.99999998E+31      0.99999998E+31      0.99999998E+31      0.99999998E+31      0.99999998E+31      0.99999998E+31      0.99999998E+31      0.99999998E+31      0.99999998E+31      0.99999998E+31
      0.99999998E+31      0.99999998E+31      0.99999998E+31      0.99999998E+31      0.99999998E+31      0.99999998E+31      0.99999998E+31      0.99999998E+31      0.99999998E+31      0.99999998E+31
      0.99999998E+31      0.99999998E+31      0.99999998E+31      0.99999998E+31      0.99999998E+31      0.99999998E+31      0.99999998E+31      0.99999998E+31      0.99999998E+31      0.99999998E+31
      0.99999998E+31       765.09973           764.61420          0.99999998E+31      0.99999998E+31       922.48364           915.49292           907.99561           899.13727           891.27777    
       883.44537           878.12158           869.41028           863.41113           858.78607           855.65668           860.88196           864.70233           866.86560           867.09674    
       865.18585           862.49823           858.55145           855.86621           852.16174           850.12054           848.39606           847.28290           845.90808           848.77368    
       852.08459           855.90741           858.78271           860.78375           862.37024           863.58917           863.04987           858.87805           851.07440           836.30933    
       823.54633           811.92932           801.61194           792.32446           784.63220           781.92090           781.95813           786.70239           788.69147           789.89771    
       790.72168           790.96674           792.75323           794.25708           795.95947           798.25665           801.68860           806.16620           811.49976           816.90216    
       822.43500           828.20990           833.80145           839.00110           843.59180           847.73511           851.49164           855.09656           858.71387           862.36011    
       865.97601           869.40845           872.56860           875.48315           877.98230           879.98328           881.38116           882.52673           883.63373           884.70654    
       885.81549           886.98175           888.20270           889.45117           890.66333           891.87396           893.45361           895.29260           897.41803           899.76929    
       902.52075           905.89606           909.82983           914.99731           920.85828           927.38745           935.04999           944.13385           954.14575           965.76733    
       976.68042           985.77588           994.26459           1002.2593           1010.3218           1018.3873           1026.3746           1035.0630           1045.3071           1053.9163    
       1061.1456           1067.2976           1072.6320           1076.0497           1077.6506           1077.6227           1076.8492           1076.0513           1075.2194           1074.8220    
       1074.6595           1074.5580           1074.9741           1075.7810           1076.3635           1076.8187           1077.2834           1077.8564           1078.4919           1079.1241    
       1079.7617           1080.4415           1081.1782           1081.9764           1082.8369           1083.7224           1084.6036           1085.5045           1086.4509           1087.4495    
       1088.4885           1089.6816           1091.0493           1092.5050           1093.9189           1095.7856           1098.0507           1100.7291           1104.2657           1109.5378    
       1117.4952           1132.6306           1158.1520           1176.5881           1181.7025           1203.0696           1237.9144           1274.2921           1419.7493           1481.1128    
       1535.4401           1572.9337           1584.0198           1548.6658          0.99999998E+31      0.99999998E+31      0.99999998E+31      0.99999998E+31      0.99999998E+31      0.99999998E+31
      0.99999998E+31      0.99999998E+31      0.99999998E+31      0.99999998E+31      0.99999998E+31      0.99999998E+31      0.99999998E+31      0.99999998E+31      0.99999998E+31      0.99999998E+31
      0.99999998E+31      0.99999998E+31      0.99999998E+31      0.99999998E+31      0.99999998E+31      0.99999998E+31      0.99999998E+31      0.99999998E+31      0.99999998E+31      0.99999998E+31
      0.99999998E+31      0.99999998E+31
      0.99999998E+31      0.99999998E+31      0.99999998E+31      0.99999998E+31      0.99999998E+31      0.99999998E+31      0.99999998E+31      0.99999998E+31      0.99999998E+31      0.99999998E+31
      0.99999998E+31      0.99999998E+31      0.99999998E+31      0.99999998E+31      0.99999998E+31      0.99999998E+31      0.99999998E+31      0.99999998E+31      0.99999998E+31      0.99999998E+31
      0.99999998E+31      0.99999998E+31      0.99999998E+31      0.99999998E+31      0.99999998E+31      0.99999998E+31      0.99999998E+31      0.99999998E+31      0.99999998E+31       766.38300    
       765.92151           765.01447           763.51929           760.59192           757.82153          0.99999998E+31       908.93500           902.30237           890.35211           879.77332    
       868.56818           859.18500           853.16357           852.25092           844.90936           842.58789           843.26294           849.22992           852.22754           853.42596    
       853.09766           851.11029           848.93683           847.04291           844.31250           843.00446           841.98499           842.58777           843.08441           845.42828    
       848.09515           851.45245           854.12726           856.83618           859.09918           859.10773           858.30396           853.34143           841.45477           830.33453    
       819.70599           808.23999           799.50525           791.24963           784.23792           780.12036           785.04047           787.82367           789.03802           790.19586    
       791.01447           791.58649           792.48083           793.36090           794.40222           796.37164           799.66681           804.25537           809.42499           814.82654    
       820.59180           827.26257           833.50598           839.20880           843.91675           848.15033           852.05103           855.74622           859.60168           863.59869    
       867.76093           871.64874           875.10699           878.24902           880.96722           883.02466           883.92798           884.59668           885.36346           886.28314    
       887.28589           888.39819           889.59711           890.84174           892.10455           893.40552           894.93121           896.68903           898.70929           900.98938    
       903.63715           906.67798           909.52698           915.88666           922.28137           929.12524           937.27826           945.98218           955.67853           965.51715    
       975.05780           984.11499           991.86810           1000.4968           1009.3500           1017.6570           1025.9258           1034.7664           1045.2262           1053.8999    
       1060.9817           1067.1453           1072.1510           1075.7445           1077.3488           1077.3387           1076.8701           1075.8828           1074.8210           1074.9316    
       1075.0674           1075.3237           1075.7368           1076.2874           1076.8470           1077.3226           1077.8367           1078.4163           1079.0139           1079.6675    
       1080.3696           1081.1071           1081.8528           1082.6010           1083.4048           1084.2266           1085.0835           1085.9246           1086.8148           1087.7456    
       1088.7062           1089.7533           1090.9762           1092.2935           1093.5212           1095.4314           1097.3494           1099.5447           1102.5767           1106.3459    
       1111.4672           1119.1067           1133.6772           1134.9664           1144.8280           1157.3066           1182.4447           1211.3999           1240.1134           1356.5123    
       1431.2882           1475.3422           1494.9033           1476.8455           1446.9586           1417.1438          0.99999998E+31      0.99999998E+31      0.99999998E+31      0.99999998E+31
      0.99999998E+31      0.99999998E+31      0.99999998E+31      0.99999998E+31      0.99999998E+31      0.99999998E+31      0.99999998E+31      0.99999998E+31      0.99999998E+31      0.99999998E+31
      0.99999998E+31      0.99999998E+31      0.99999998E+31      0.99999998E+31      0.99999998E+31      0.99999998E+31      0.99999998E+31      0.99999998E+31      0.99999998E+31      0.99999998E+31
      0.99999998E+31      0.99999998E+31
      0.99999998E+31      0.99999998E+31      0.99999998E+31      0.99999998E+31      0.99999998E+31      0.99999998E+31      0.99999998E+31      0.99999998E+31      0.99999998E+31      0.99999998E+31
      0.99999998E+31      0.99999998E+31      0.99999998E+31      0.99999998E+31      0.99999998E+31      0.99999998E+31      0.99999998E+31      0.99999998E+31      0.99999998E+31      0.99999998E+31
      0.99999998E+31      0.99999998E+31       749.63556           749.72339          0.99999998E+31      0.99999998E+31      0.99999998E+31      0.99999998E+31      0.99999998E+31       766.50159    
       766.05371           764.92419           762.63629           758.89813           754.31409          0.99999998E+31      0.99999998E+31      0.99999998E+31       880.05725           867.10382    
       846.79736           837.80804           834.85632           831.97418           831.72455           830.27899           830.20398           834.00122           837.68939           840.08032    
       842.09454           841.99207           839.40961           837.00604           833.77209           834.69769           832.50476           833.91113           836.90894           840.07605    
       843.64905           846.70575           849.31549           850.72192           855.25690           852.40192           847.79272           841.00854           831.78094           820.89636    
       811.13531           802.24628           796.74780           791.58209           787.98230           786.44977           788.03595           789.22705           789.18292           790.83997    
       791.63733           792.01495           792.24371           792.16736           791.96265           793.69025           797.19507           801.98212           807.32965           812.63843    
       818.70166           825.85907           832.93048           839.24756           844.15930           848.43060           852.56207           856.41248           860.26990           864.42548    
       869.63971           874.36066           878.27332           881.76385           884.49951           886.99585           886.70337           886.83783           887.23163           887.88055    
       888.76929           889.82623           891.00226           892.22845           893.48315           894.82196           896.36334           898.14252           900.16272           902.48883    
       905.21735           908.46063           912.37946           917.80939           924.10052           931.38684           939.35156           947.86218           956.76727           965.95801    
       975.01215           983.47089           991.54541           1000.5021           1008.7008           1017.4340           1026.1465           1035.7500           1045.7261           1053.8793    
       1060.9840           1066.6642           1071.3699           1075.1007           1076.9926           1077.0613           1076.5885           1075.4573           1073.1461           1074.7816    
       1075.2290           1075.8384           1076.3379           1076.8448           1077.3909           1077.8809           1078.3801           1078.9210           1079.5016           1080.1322    
       1080.9043           1081.6641           1082.3641           1083.1097           1083.8873           1084.6752           1085.4918           1086.3530           1087.2308           1088.0609    
       1088.9529           1089.8640           1091.0253           1092.2786           1093.6462           1095.2028           1096.6578           1098.2661           1100.0950           1102.1342    
       1104.0853           1106.7505           1109.9835           1117.9918           1125.6649           1135.5031           1150.8826           1169.9723           1190.4263           1212.9667    
       1257.0750           1357.9220           1402.8650           1416.3623           1401.2030           1335.0487           1242.2445          0.99999998E+31      0.99999998E+31      0.99999998E+31
      0.99999998E+31      0.99999998E+31      0.99999998E+31      0.99999998E+31      0.99999998E+31      0.99999998E+31      0.99999998E+31      0.99999998E+31      0.99999998E+31      0.99999998E+31
      0.99999998E+31      0.99999998E+31      0.99999998E+31      0.99999998E+31      0.99999998E+31      0.99999998E+31      0.99999998E+31      0.99999998E+31      0.99999998E+31      0.99999998E+31
      0.99999998E+31      0.99999998E+31
      0.99999998E+31      0.99999998E+31      0.99999998E+31      0.99999998E+31      0.99999998E+31      0.99999998E+31      0.99999998E+31      0.99999998E+31      0.99999998E+31      0.99999998E+31
      0.99999998E+31      0.99999998E+31      0.99999998E+31      0.99999998E+31      0.99999998E+31      0.99999998E+31      0.99999998E+31      0.99999998E+31      0.99999998E+31      0.99999998E+31
      0.99999998E+31      0.99999998E+31       724.21277           724.05493           723.58521           723.54956           723.54968          0.99999998E+31      0.99999998E+31      0.99999998E+31
       767.37683           765.70197           761.84308           755.50757           745.11176           728.00482           706.21814           725.23560          0.99999998E+31      0.99999998E+31
       824.55060           821.55511           819.92316           817.58978           815.01355           813.70886           814.69385           815.89758           820.73694           825.87842    
       829.10852           829.66449           828.66364           822.80737           826.85205           827.75238           827.18262           827.46985           828.08514           831.29553    
       836.38788           839.80328           841.54272           842.67761           844.46906           840.90552           835.98383           828.25348           820.16370           806.83685    
       786.43457           788.57239           793.15387           791.58698           789.82788           788.52124           790.22430           791.20184           791.63000           792.25537    
       792.58521           792.57074           792.06555           790.69598           787.48474           789.99286           794.69012           799.57465           804.74310           809.89435    
       815.89929           824.71960           832.68347           839.19061           844.46277           848.78705           853.34521           857.58008           860.56238           859.22284    
       871.99493           877.84833           882.40936           885.54480           887.67126           888.77527           888.97473           889.00787           889.20959           889.65051    
       890.36450           891.30719           892.45184           893.66791           894.96710           896.36969           897.95953           899.73798           901.79663           904.17798    
       906.97577           910.37463           914.60730           919.94971           926.35162           933.43994           941.25153           949.62128           958.05963           966.57550    
       975.31049           983.77917           991.87280           1000.2466           1009.2347           1017.6868           1027.0074           1037.2775           1046.3826           1054.2668    
       1060.9801           1066.3881           1071.1526           1074.6982           1076.4460           1076.7156           1076.4648           1075.7981           1074.8326           1075.3894    
       1075.8997           1076.4041           1076.8887           1077.3907           1077.8789           1078.3591           1078.8452           1079.3691           1079.9515           1080.5917    
       1081.3107           1082.0508           1082.7822           1083.5459           1084.3185           1085.1053           1085.9177           1086.7601           1087.5990           1088.4237    
       1089.2439           1089.8934           1091.1749           1092.2949           1093.6296           1095.0299           1096.2838           1097.2531           1098.0504           1098.3438    
       1097.9989           1097.8187           1102.9559           1108.5808           1114.9619           1122.7340           1133.0297           1145.6177           1159.9592           1175.2095    
       1189.5160           1199.7990           1312.7096           1337.6251           1321.5503           1232.9531           1232.1843           1232.0721          0.99999998E+31      0.99999998E+31
      0.99999998E+31      0.99999998E+31      0.99999998E+31      0.99999998E+31      0.99999998E+31      0.99999998E+31      0.99999998E+31      0.99999998E+31      0.99999998E+31      0.99999998E+31
      0.99999998E+31      0.99999998E+31      0.99999998E+31      0.99999998E+31      0.99999998E+31      0.99999998E+31      0.99999998E+31      0.99999998E+31      0.99999998E+31      0.99999998E+31
      0.99999998E+31      0.99999998E+31
      0.99999998E+31      0.99999998E+31      0.99999998E+31      0.99999998E+31      0.99999998E+31      0.99999998E+31      0.99999998E+31      0.99999998E+31      0.99999998E+31      0.99999998E+31
      0.99999998E+31      0.99999998E+31      0.99999998E+31      0.99999998E+31      0.99999998E+31      0.99999998E+31      0.99999998E+31      0.99999998E+31      0.99999998E+31      0.99999998E+31
      0.99999998E+31      0.99999998E+31       723.01715           722.86066           722.56311           722.49756           722.51801          0.99999998E+31      0.99999998E+31      0.99999998E+31
       767.87939           765.92200           761.46844           753.84210           744.33636           736.15741           732.02710           739.57684           752.85596          0.99999998E+31
       805.38440           807.23322           807.23767           807.00916           806.85736           806.76776           806.43677           808.30713           810.40491           813.56433    
       817.92273           820.62939           821.13507           820.91010           821.36517           822.12067           822.89282           823.59546           824.23126           825.94586    
       826.52704           828.53906           826.56067           830.97174           832.75616           828.19519           822.84631           817.14941           809.36133           797.34033    
       780.42328           787.32007           791.62024           792.07050           791.32666           790.24475           792.00354           792.92731           793.43414           793.67560    
       793.70416           793.43530           792.47498           790.41980           784.81464           784.98877           793.64905           797.26868           802.59802           807.23474    
       812.78760           823.49518           831.65259           839.50433           845.52606           850.19653           854.49646           859.54462           865.37701           870.17157    
       878.27026           884.43262           888.58710           890.62708           891.39392           891.62756           891.48804           891.36932           891.41858           891.64172    
       892.11206           892.89532           894.01727           895.34027           896.68286           898.12518           899.71851           901.52655           903.62427           906.04041    
       908.87970           912.31726           916.68616           921.99042           928.14337           934.97888           942.70734           950.97980           959.43188           967.54510    
       975.90442           984.22736           992.73975           1001.8516           1010.1730           1018.3542           1027.8412           1038.2225           1047.3024           1054.9150    
       1061.3601           1066.6763           1071.1241           1074.4301           1076.0990           1076.3823           1076.3389           1076.0479           1075.7073           1075.8007    
       1076.4309           1076.9132           1077.3778           1077.8425           1078.3073           1078.7817           1079.2634           1079.7977           1080.3811           1081.0156    
       1081.7059           1082.4314           1083.1823           1083.9584           1084.7504           1085.5502           1086.3833           1087.2228           1088.0708           1088.8910    
       1089.7238           1090.5702           1091.5526           1092.5536           1093.6268           1094.2861           1096.1681           1096.9269           1097.2596           1096.7458    
       1094.3495           1088.4680           1097.6230           1102.1218           1108.2285           1114.8185           1122.8273           1131.4746           1142.3290           1153.5835    
       1165.8221           1176.9608           1190.7369           1202.1437           1208.6876           1216.5448           1223.0518           1227.7758          0.99999998E+31      0.99999998E+31
      0.99999998E+31      0.99999998E+31      0.99999998E+31      0.99999998E+31      0.99999998E+31      0.99999998E+31      0.99999998E+31      0.99999998E+31      0.99999998E+31      0.99999998E+31
      0.99999998E+31      0.99999998E+31      0.99999998E+31      0.99999998E+31      0.99999998E+31      0.99999998E+31      0.99999998E+31      0.99999998E+31      0.99999998E+31      0.99999998E+31
      0.99999998E+31      0.99999998E+31
      0.99999998E+31      0.99999998E+31      0.99999998E+31      0.99999998E+31      0.99999998E+31      0.99999998E+31      0.99999998E+31      0.99999998E+31      0.99999998E+31      0.99999998E+31
      0.99999998E+31      0.99999998E+31      0.99999998E+31      0.99999998E+31      0.99999998E+31      0.99999998E+31      0.99999998E+31      0.99999998E+31      0.99999998E+31      0.99999998E+31
      0.99999998E+31      0.99999998E+31       722.03485           721.79639           721.34680           721.04559           720.39301           719.21198           718.54901          0.99999998E+31
      0.99999998E+31       764.50940           761.11011           753.40826           747.08966           744.25446           744.79187           749.65521           760.77185           773.83630    
       787.10974           793.03491           796.59680           798.50861           800.27484           801.45673           801.48950           802.31580           804.42346           806.98682    
       810.00177           812.90668           815.19934           816.83527           817.95679           819.07080           819.83826           820.40857           820.80035           821.17273    
       821.36340           821.90271           822.29071           822.48578           819.28278           813.40521           812.62201           809.87054           803.66656           790.28094    
       789.09430           787.44336           791.05115           793.02893           793.20868           793.13300           793.77344           794.50940           795.18195           795.04065    
       794.85767           794.38855           793.35376           791.93683           790.02313           790.19012           793.94476           797.62769           801.08844           802.21680    
       807.72864           821.46368           831.78998           841.79248           847.98865           853.33038           858.67059           864.24109           870.46979           877.05396    
       884.57770           889.44287           892.32770           893.88507           894.55402           894.58124           894.40216           894.22467           894.18365           894.20905    
       894.35883           894.83514           895.79413           897.41644           898.77368           900.22974           901.83984           903.68585           905.79504           908.20563    
       911.03967           914.46527           918.78784           923.59790           928.99866           935.18213           943.23535           951.85144           960.79974           967.96069    
       976.98242           985.42682           994.26410           1002.9481           1011.1952           1019.2985           1028.5466           1039.0112           1048.3080           1056.2296    
       1062.5292           1067.3237           1071.2111           1074.1577           1075.6608           1076.0391           1076.1244           1076.0211           1075.9897           1076.4470    
       1076.9469           1077.3710           1077.7932           1078.2327           1078.6891           1079.1727           1079.6926           1080.2418           1080.8270           1081.4532    
       1082.1254           1082.8379           1083.5878           1084.3853           1085.2028           1086.0482           1086.8875           1087.7097           1088.5328           1089.3798    
       1090.2565           1091.1461           1092.0239           1092.9954           1094.1033           1095.2689           1096.5292           1097.2766           1097.5023           1097.1191    
       1095.9890           1094.8041           1097.2726           1096.2625           1103.7329           1109.4396           1117.2340           1124.8456           1132.4698           1140.1049    
       1153.5525           1165.0367           1172.1013           1182.0200           1193.9393           1206.7614           1216.7517           1223.9856          0.99999998E+31      0.99999998E+31
      0.99999998E+31      0.99999998E+31      0.99999998E+31      0.99999998E+31      0.99999998E+31      0.99999998E+31      0.99999998E+31      0.99999998E+31      0.99999998E+31      0.99999998E+31
      0.99999998E+31      0.99999998E+31      0.99999998E+31      0.99999998E+31      0.99999998E+31      0.99999998E+31      0.99999998E+31      0.99999998E+31      0.99999998E+31      0.99999998E+31
      0.99999998E+31      0.99999998E+31
      0.99999998E+31      0.99999998E+31      0.99999998E+31      0.99999998E+31      0.99999998E+31      0.99999998E+31      0.99999998E+31      0.99999998E+31      0.99999998E+31      0.99999998E+31
      0.99999998E+31      0.99999998E+31      0.99999998E+31      0.99999998E+31      0.99999998E+31      0.99999998E+31      0.99999998E+31      0.99999998E+31      0.99999998E+31      0.99999998E+31
      0.99999998E+31      0.99999998E+31       721.13086           720.70801           720.06732           719.43109           718.54401           717.62042           716.73700          0.99999998E+31
      0.99999998E+31      0.99999998E+31      0.99999998E+31      0.99999998E+31       748.33667           748.39789           750.86066           754.13092           760.60077           769.89764    
       779.31573           783.68018           787.41516           790.30835           792.79840           795.47900           796.20361           798.15582           800.85443           803.50983    
       805.76617           807.89130           810.23895           813.00604           815.01379           816.41931           817.12286           817.57965           817.81329           817.81012    
       817.85681           817.94507           817.96497           816.67383           810.87903           800.89240           806.74030           806.91193           803.82574           798.07806    
       793.02942           781.85938           791.68097           794.40253           794.85815           794.75226           794.86316           795.50696           796.00031           795.91931    
       795.71552           795.20178           794.20801           793.03827           791.27490           789.96100          0.99999998E+31      0.99999998E+31      0.99999998E+31      0.99999998E+31
      0.99999998E+31      0.99999998E+31      0.99999998E+31       846.62592           850.20618           855.16174           860.59680           866.50323           873.05688           880.43097    
       889.69861           894.83789           896.93658           897.96313           898.26428           898.29846           898.26080           898.07092           897.99036           898.00330    
       898.07263           898.25232           899.20490           900.58490           901.76575           903.10913           904.60846           906.43756           908.52234           910.75635    
       913.57697           916.66974           920.30737           924.54877           929.13446           933.68719           943.90680           953.64642           962.45032           970.21045    
       977.87915           985.87866           994.99182           1003.7543           1012.1761           1020.4807           1029.3516           1039.5118           1049.7437           1058.4862    
       1064.3657           1068.3925           1071.3185           1073.9554           1075.2234           1075.6516           1075.8146           1075.8357           1075.3080           1076.6707    
       1077.3575           1077.7500           1078.1578           1078.5968           1079.0773           1079.5931           1080.1353           1080.6942           1081.2802           1081.8989    
       1082.5554           1083.2510           1084.0144           1084.8534           1085.7054           1086.5602           1087.3994           1088.2198           1089.0400           1089.8801    
       1090.7876           1091.6798           1092.5221           1093.5764           1094.7128           1095.9739           1097.0642           1097.8411           1098.2498           1098.3623    
       1098.1290           1098.2075           1099.6266           1101.1210           1105.3690           1110.2394           1116.2773           1121.9336           1127.3918           1132.8386    
       1141.3756           1149.8866           1158.7582           1169.5919           1183.6324           1202.1747           1214.8356           1223.3101          0.99999998E+31      0.99999998E+31
      0.99999998E+31      0.99999998E+31      0.99999998E+31      0.99999998E+31      0.99999998E+31      0.99999998E+31      0.99999998E+31      0.99999998E+31      0.99999998E+31      0.99999998E+31
      0.99999998E+31      0.99999998E+31      0.99999998E+31      0.99999998E+31      0.99999998E+31      0.99999998E+31      0.99999998E+31      0.99999998E+31      0.99999998E+31      0.99999998E+31
      0.99999998E+31      0.99999998E+31
      0.99999998E+31      0.99999998E+31      0.99999998E+31      0.99999998E+31      0.99999998E+31      0.99999998E+31      0.99999998E+31      0.99999998E+31      0.99999998E+31      0.99999998E+31
      0.99999998E+31      0.99999998E+31      0.99999998E+31      0.99999998E+31      0.99999998E+31      0.99999998E+31      0.99999998E+31      0.99999998E+31      0.99999998E+31      0.99999998E+31
      0.99999998E+31      0.99999998E+31       720.37964           719.78265           718.76642           717.86566           716.89032           715.82300           714.46503           712.95038    
       712.44269           712.30420           712.62073           712.97083          0.99999998E+31      0.99999998E+31       753.33887           754.67267           757.80603           763.33832    
       768.48590           775.40045           779.66315           780.82062           782.10590           784.35583           789.49609           794.54974           798.46185           801.47748    
       803.76489           805.55261           807.37848           809.57574           811.85297           813.61310           814.29877           814.89496           815.19415           815.26019    
       815.15271           814.98615           814.61572           813.14294           810.68219           807.94336           807.72723           807.12311           805.26373           802.86475    
       799.66174           797.20380           797.16339           797.24017           796.70795           795.94055           794.75916           796.34955           796.72253           796.24292    
       796.42798           795.86926           794.88177           794.23987          0.99999998E+31      0.99999998E+31      0.99999998E+31      0.99999998E+31      0.99999998E+31      0.99999998E+31
      0.99999998E+31      0.99999998E+31      0.99999998E+31      0.99999998E+31      0.99999998E+31      0.99999998E+31      0.99999998E+31      0.99999998E+31      0.99999998E+31      0.99999998E+31
       897.84119           900.64313           902.57062           902.81299           902.83527           902.96252           903.18878           903.33936           903.23315           903.55402    
       904.26428           905.68915           907.06183           905.77112           906.25812           907.31891           908.75824           910.26819           911.75336           913.69385    
       915.67847           918.16656           921.29248           925.57953           931.14014           936.54279           945.80994           954.93628           963.38940           971.01996    
       978.13812           985.02582           995.13287           1004.2670           1013.0338           1021.7733           1030.0992           1040.2509           1051.1460           1061.9890    
       1066.4729           1069.2424           1070.6692           1073.2875           1074.4967           1074.9508           1075.3485           1075.8518           1076.2522           1077.0425    
       1077.5992           1078.0382           1078.4767           1078.9657           1079.4866           1080.0463           1080.6066           1081.1759           1081.7638           1082.3776    
       1083.0229           1083.7010           1084.5149           1085.3973           1086.2440           1087.1102           1087.9595           1088.7699           1089.5833           1090.4607    
       1091.3557           1092.2690           1093.1744           1094.2125           1095.3676           1096.5400           1097.6479           1098.4722           1099.0775           1099.7101    
       1100.1979           1100.7617           1101.8391           1103.5159           1106.4202           1110.2523           1116.7781           1121.2544           1125.1395           1129.2026    
       1134.3524           1141.0079           1148.7316           1157.4420           1166.2582          0.99999998E+31      0.99999998E+31      0.99999998E+31      0.99999998E+31      0.99999998E+31
      0.99999998E+31      0.99999998E+31      0.99999998E+31      0.99999998E+31      0.99999998E+31      0.99999998E+31      0.99999998E+31      0.99999998E+31      0.99999998E+31      0.99999998E+31
      0.99999998E+31      0.99999998E+31      0.99999998E+31      0.99999998E+31      0.99999998E+31      0.99999998E+31      0.99999998E+31      0.99999998E+31      0.99999998E+31      0.99999998E+31
      0.99999998E+31      0.99999998E+31
      0.99999998E+31      0.99999998E+31      0.99999998E+31      0.99999998E+31      0.99999998E+31      0.99999998E+31      0.99999998E+31      0.99999998E+31      0.99999998E+31      0.99999998E+31
      0.99999998E+31      0.99999998E+31      0.99999998E+31      0.99999998E+31      0.99999998E+31      0.99999998E+31      0.99999998E+31      0.99999998E+31      0.99999998E+31      0.99999998E+31
      0.99999998E+31      0.99999998E+31       719.74860           718.70807           717.57306           716.43890           715.38336           714.20905           712.83923           711.59753    
       711.06873           711.01440           711.13574           711.81970           712.45953          0.99999998E+31      0.99999998E+31       753.26154           751.38550           755.19373    
       759.49023           765.46283           770.39661           773.38165           775.65338           778.28314           782.23285           791.61115           797.00568           800.41064    
       802.65485           803.80188           805.06213           806.86078           808.81580           810.40637           811.49091           812.23480           812.61536           812.71759    
       812.85907           812.83643           812.56226           811.88098           810.62866           809.33270           808.62744           807.87347           806.73547           805.25732    
       803.21295           801.38483           800.44086           799.35046           798.63214           797.96564           797.47687           797.85199           797.92114           797.78180    
       797.44312           796.77069          0.99999998E+31      0.99999998E+31      0.99999998E+31      0.99999998E+31      0.99999998E+31      0.99999998E+31      0.99999998E+31      0.99999998E+31
      0.99999998E+31      0.99999998E+31      0.99999998E+31      0.99999998E+31      0.99999998E+31      0.99999998E+31      0.99999998E+31      0.99999998E+31      0.99999998E+31      0.99999998E+31
       902.42310           906.30145           908.07745           908.24524           908.46893           908.65790           908.98926           909.51746           910.22803           910.98505    
       912.31396           913.84058           914.34418           913.43188           913.15839           913.69495           914.36877           914.96326           915.08502           915.90948    
       917.23175           919.85883           922.83337           926.74463           932.71899           938.92395           947.16376           955.79071           963.96594           971.26282    
       977.57874           982.19312          0.99999998E+31      0.99999998E+31      0.99999998E+31      0.99999998E+31      0.99999998E+31      0.99999998E+31      0.99999998E+31       1068.6912    
       1070.1593           1070.9166           1069.3981           1072.2006           1072.7750           1072.8511           1074.5863           1075.6473           1076.4827           1077.1681    
       1077.7657           1078.2772           1078.7970           1079.3595           1079.9377           1080.5410           1081.1251           1081.7051           1082.2954           1082.9064    
       1083.5498           1084.2347           1085.0588           1085.9465           1086.8547           1087.6802           1088.5177           1089.3408           1090.1639           1091.0422    
       1091.9435           1092.8673           1093.8411           1094.8894           1096.0741           1097.2119           1098.2557           1099.1350           1099.7574           1100.9348    
       1101.8456           1102.7035           1103.6338           1104.8450           1110.1678           1118.2213           1119.5707           1122.2747           1124.6195           1127.4180    
       1131.0442           1135.9484           1142.1388           1149.4695           1157.2185          0.99999998E+31      0.99999998E+31      0.99999998E+31      0.99999998E+31      0.99999998E+31
      0.99999998E+31      0.99999998E+31      0.99999998E+31      0.99999998E+31      0.99999998E+31      0.99999998E+31      0.99999998E+31      0.99999998E+31      0.99999998E+31      0.99999998E+31
      0.99999998E+31      0.99999998E+31      0.99999998E+31      0.99999998E+31      0.99999998E+31      0.99999998E+31      0.99999998E+31      0.99999998E+31      0.99999998E+31      0.99999998E+31
      0.99999998E+31      0.99999998E+31
      0.99999998E+31      0.99999998E+31      0.99999998E+31      0.99999998E+31      0.99999998E+31      0.99999998E+31      0.99999998E+31      0.99999998E+31      0.99999998E+31      0.99999998E+31
      0.99999998E+31      0.99999998E+31      0.99999998E+31      0.99999998E+31      0.99999998E+31      0.99999998E+31      0.99999998E+31      0.99999998E+31      0.99999998E+31      0.99999998E+31
      0.99999998E+31      0.99999998E+31       718.43414           717.69470           716.54529           715.33643           714.18018           712.83710           711.29834           709.76398    
       709.53528           709.58984           709.76483           710.94147           712.32861           713.92767           715.23486          0.99999998E+31       738.89612           743.11853    
       750.45850           756.80933           762.94025           766.73199           768.64728           770.52161           772.24707          0.99999998E+31      0.99999998E+31      0.99999998E+31
      0.99999998E+31       802.12756           802.98871           804.42957           806.20721           807.77130           808.97400           809.79272           810.16736           810.10071    
       810.78345           811.14545           811.12976           810.93231           810.30920           809.72717           809.02032           808.27649           807.38562           806.10883    
       804.71307           803.25427           802.01740           800.94788           800.14911           799.58490           799.24957           799.08838           798.99323           798.80469    
       798.60742          0.99999998E+31      0.99999998E+31      0.99999998E+31      0.99999998E+31      0.99999998E+31      0.99999998E+31      0.99999998E+31      0.99999998E+31      0.99999998E+31
      0.99999998E+31      0.99999998E+31      0.99999998E+31      0.99999998E+31      0.99999998E+31      0.99999998E+31      0.99999998E+31      0.99999998E+31      0.99999998E+31      0.99999998E+31
      0.99999998E+31       913.34229           914.08673           914.63629           914.77020           915.10449           915.47467           916.36310           917.34955           918.67798    
       920.43573           922.15533           923.30566           923.31616           923.03241           922.40717           920.56323           919.73938           919.26520           918.72345    
       919.12671           919.97028          0.99999998E+31      0.99999998E+31      0.99999998E+31      0.99999998E+31      0.99999998E+31      0.99999998E+31      0.99999998E+31      0.99999998E+31
      0.99999998E+31      0.99999998E+31      0.99999998E+31      0.99999998E+31      0.99999998E+31      0.99999998E+31      0.99999998E+31      0.99999998E+31       1076.1172           1074.4329    
       1074.4069           1074.3016           1073.3988           1072.7234           1071.1178           1070.7422           1074.2551           1075.5432           1076.5354           1077.1923    
       1077.8860           1078.5215           1079.1602           1079.8173           1080.4663           1081.1167           1081.7247           1082.3104           1082.9006           1083.5052    
       1084.1476           1084.8456           1085.6383           1086.5270           1087.4441           1088.2762           1089.0903           1089.9158           1090.7582           1091.6388    
       1092.5621           1093.5264           1094.5386           1095.6570           1096.7905           1097.8799           1098.9193           1099.9231           1100.8875           1102.0432    
       1103.1534           1104.1707           1105.2352           1106.7577           1111.9623           1120.1160           1132.6378           1123.9302           1124.6105           1126.3036    
       1128.9854           1132.7570           1137.7726           1144.5156           1154.6053           1173.4393           1193.5721           1192.6614           1188.9956          0.99999998E+31
      0.99999998E+31      0.99999998E+31      0.99999998E+31      0.99999998E+31      0.99999998E+31      0.99999998E+31      0.99999998E+31      0.99999998E+31      0.99999998E+31      0.99999998E+31
      0.99999998E+31      0.99999998E+31      0.99999998E+31      0.99999998E+31      0.99999998E+31      0.99999998E+31      0.99999998E+31      0.99999998E+31      0.99999998E+31      0.99999998E+31
      0.99999998E+31      0.99999998E+31
      0.99999998E+31      0.99999998E+31      0.99999998E+31      0.99999998E+31      0.99999998E+31      0.99999998E+31      0.99999998E+31      0.99999998E+31      0.99999998E+31      0.99999998E+31
      0.99999998E+31      0.99999998E+31      0.99999998E+31      0.99999998E+31      0.99999998E+31      0.99999998E+31      0.99999998E+31      0.99999998E+31      0.99999998E+31      0.99999998E+31
      0.99999998E+31      0.99999998E+31       717.67822           716.87994           715.70374           714.43567           713.24353           711.78687           709.84906           706.95929    
       708.13879           708.44360           707.99664           710.14307           711.91479           713.67133           715.63019           718.95911           725.78369           731.94568    
       737.78064           745.41553           756.74982           761.62030           761.34583           762.55548           763.63812          0.99999998E+31      0.99999998E+31      0.99999998E+31
      0.99999998E+31       799.60254           800.56372           802.09949           803.78040           805.46277           806.78400           807.69873           808.00916           807.22491    
       808.98834           809.73541           809.90692           809.88916           809.80383           809.60651           809.16907           808.48535           807.62665           806.60382    
       805.44818           804.22675           803.00726           801.99854           801.26239           800.85822           800.28900           799.92120           799.71198           799.65759    
       799.68280          0.99999998E+31      0.99999998E+31      0.99999998E+31      0.99999998E+31      0.99999998E+31      0.99999998E+31      0.99999998E+31      0.99999998E+31      0.99999998E+31
      0.99999998E+31      0.99999998E+31      0.99999998E+31      0.99999998E+31      0.99999998E+31      0.99999998E+31      0.99999998E+31      0.99999998E+31      0.99999998E+31      0.99999998E+31
      0.99999998E+31       919.12769           919.75299           920.53766           921.23529           921.78125           922.46735           923.52692           924.80890           926.27429    
       928.37384           930.83002           932.58850           933.75323           933.25330           931.15289           926.57202           923.27856          0.99999998E+31      0.99999998E+31
      0.99999998E+31      0.99999998E+31      0.99999998E+31      0.99999998E+31      0.99999998E+31      0.99999998E+31      0.99999998E+31      0.99999998E+31      0.99999998E+31      0.99999998E+31
      0.99999998E+31      0.99999998E+31      0.99999998E+31      0.99999998E+31      0.99999998E+31      0.99999998E+31      0.99999998E+31      0.99999998E+31       1077.7308           1077.8320    
       1077.4617           1077.0956           1076.5277           1075.4020           1074.7257           1075.2898           1075.5695           1075.9525           1076.7869           1077.4427    
       1078.0658           1078.8530           1079.6293           1080.3964           1081.1241           1081.8232           1082.4529           1083.0458           1083.6234           1084.2117    
       1084.8478           1085.5543           1086.3348           1087.1559           1088.0011           1088.8354           1089.6632           1090.5054           1091.3575           1092.2323    
       1093.1635           1094.1613           1095.2349           1096.3646           1097.4910           1098.5648           1099.6399           1100.7252           1101.8722           1103.0513    
       1104.2755           1105.4835           1106.7433           1109.3278           1111.8949           1119.7271           1130.6987           1123.6675           1124.1073           1125.3337    
       1127.5359           1130.6016           1134.5854           1139.9756           1148.2876           1163.1862           1181.1458           1184.1509           1185.9236           1189.0258    
       1193.4761           1197.1073          0.99999998E+31      0.99999998E+31      0.99999998E+31      0.99999998E+31      0.99999998E+31      0.99999998E+31      0.99999998E+31      0.99999998E+31
      0.99999998E+31      0.99999998E+31      0.99999998E+31      0.99999998E+31      0.99999998E+31      0.99999998E+31      0.99999998E+31      0.99999998E+31      0.99999998E+31      0.99999998E+31
      0.99999998E+31      0.99999998E+31
      0.99999998E+31      0.99999998E+31      0.99999998E+31      0.99999998E+31      0.99999998E+31      0.99999998E+31      0.99999998E+31      0.99999998E+31      0.99999998E+31      0.99999998E+31
      0.99999998E+31      0.99999998E+31      0.99999998E+31      0.99999998E+31      0.99999998E+31      0.99999998E+31      0.99999998E+31      0.99999998E+31      0.99999998E+31      0.99999998E+31
      0.99999998E+31      0.99999998E+31       717.23682           716.17859           715.03699           713.76764           712.62653           711.21747           709.32007           706.69147    
       707.83667           708.20984           707.27893           709.95410           711.68903           713.13934           714.65344           716.31744           719.53394           724.02710    
       727.94330           731.45013          0.99999998E+31      0.99999998E+31       752.25433           754.00879           755.03278          0.99999998E+31      0.99999998E+31      0.99999998E+31
      0.99999998E+31       795.57574           797.19977           799.38672           801.32697           803.24487           804.86414           806.02808           806.68713           806.92401    
       807.93738           808.44507           808.75806           809.06793           809.34705           809.32019           809.10565           808.64294           807.87061           806.93689    
       805.92578           804.84180           803.72992           802.72406           801.93634           801.51813           801.13599           800.66833           800.33063           800.43079    
       800.64996          0.99999998E+31      0.99999998E+31      0.99999998E+31      0.99999998E+31      0.99999998E+31      0.99999998E+31      0.99999998E+31      0.99999998E+31      0.99999998E+31
      0.99999998E+31      0.99999998E+31      0.99999998E+31      0.99999998E+31      0.99999998E+31      0.99999998E+31      0.99999998E+31      0.99999998E+31      0.99999998E+31      0.99999998E+31
      0.99999998E+31       923.94788           924.73334           925.82538           926.98804           928.20160           929.32172           930.55969           932.01935           933.82623    
       936.27386           939.01135           942.09338           944.46985           945.60065           945.50366          0.99999998E+31      0.99999998E+31      0.99999998E+31      0.99999998E+31
      0.99999998E+31      0.99999998E+31      0.99999998E+31      0.99999998E+31      0.99999998E+31      0.99999998E+31      0.99999998E+31      0.99999998E+31      0.99999998E+31      0.99999998E+31
      0.99999998E+31      0.99999998E+31      0.99999998E+31      0.99999998E+31      0.99999998E+31       1086.9677           1086.2186           1084.0648           1081.2557           1079.9652    
       1079.3805           1078.9141           1078.4489           1077.8285           1076.7817           1076.4678           1076.5199           1076.7405           1077.2213           1077.7860    
       1078.4031           1079.3494           1080.2842           1081.1688           1081.9773           1082.7202           1083.3652           1083.9592           1084.5311           1085.1023    
       1085.7172           1086.4183           1087.1355           1087.8658           1088.6504           1089.4534           1090.2631           1091.1104           1091.9642           1092.8295    
       1093.7550           1094.7715           1095.8750           1097.0435           1098.2211           1099.3367           1100.4214           1101.5979           1102.7800           1104.0052    
       1105.2780           1106.6276           1108.2452           1110.2998           1112.4391           1116.2151           1119.4004           1121.8340           1122.8650           1124.3766    
       1126.5199           1129.2633           1132.5614           1136.7064           1142.5114           1153.2654           1168.2050           1175.1771           1180.9751           1187.2078    
       1193.9108           1201.5590           1212.3340           1222.6191           1231.3573           1235.1930          0.99999998E+31      0.99999998E+31      0.99999998E+31      0.99999998E+31
      0.99999998E+31      0.99999998E+31      0.99999998E+31      0.99999998E+31      0.99999998E+31      0.99999998E+31      0.99999998E+31      0.99999998E+31      0.99999998E+31      0.99999998E+31
      0.99999998E+31      0.99999998E+31
      0.99999998E+31      0.99999998E+31      0.99999998E+31      0.99999998E+31      0.99999998E+31      0.99999998E+31      0.99999998E+31      0.99999998E+31      0.99999998E+31      0.99999998E+31
      0.99999998E+31      0.99999998E+31      0.99999998E+31      0.99999998E+31      0.99999998E+31      0.99999998E+31      0.99999998E+31      0.99999998E+31      0.99999998E+31      0.99999998E+31
      0.99999998E+31      0.99999998E+31       716.77271           715.63257           714.45319           713.34424           712.34497           711.10474           709.42145           706.86731    
       708.15326           708.99835           709.47272           710.61255           711.72577           712.75018           713.90326           715.35437           717.38477           720.00818    
       722.55804           724.85266           726.47211           731.87042           741.13879           745.40234           747.03949          0.99999998E+31      0.99999998E+31      0.99999998E+31
      0.99999998E+31       788.99750           792.50287           796.06268           798.79688           801.08783           803.16687           804.64978           805.48059           805.97510    
       806.81940           807.39423           807.92590           808.38281           808.60016           808.87817           808.99152           808.87982          0.99999998E+31      0.99999998E+31
      0.99999998E+31      0.99999998E+31      0.99999998E+31      0.99999998E+31       802.26251           802.18494           801.83820           801.34454           800.76880           801.22296    
       801.48535          0.99999998E+31      0.99999998E+31      0.99999998E+31      0.99999998E+31      0.99999998E+31      0.99999998E+31      0.99999998E+31      0.99999998E+31      0.99999998E+31
      0.99999998E+31      0.99999998E+31      0.99999998E+31      0.99999998E+31      0.99999998E+31      0.99999998E+31      0.99999998E+31      0.99999998E+31      0.99999998E+31      0.99999998E+31
      0.99999998E+31       927.89838           929.08191           930.55975           932.27838           934.06628           935.65088           937.18390           938.98779           941.29291    
       943.95435           947.38965           950.96222           952.63300           953.93481           954.33136          0.99999998E+31      0.99999998E+31      0.99999998E+31      0.99999998E+31
      0.99999998E+31      0.99999998E+31      0.99999998E+31      0.99999998E+31      0.99999998E+31      0.99999998E+31      0.99999998E+31      0.99999998E+31      0.99999998E+31      0.99999998E+31
      0.99999998E+31      0.99999998E+31      0.99999998E+31      0.99999998E+31      0.99999998E+31       1086.5790           1085.5133           1082.3329           1082.0631           1081.2819    
       1080.7512           1080.2694           1079.7056           1079.0293           1078.0613           1077.2144           1077.2242           1077.2764           1077.6177           1078.1998    
       1078.4812           1080.0355           1081.2080           1082.2167           1083.1118           1083.8706           1084.5096           1085.1075           1085.6843           1086.2410    
       1086.8344           1087.4742           1088.0842           1088.7106           1089.4020           1090.1543           1090.9374           1091.7550           1092.5771           1093.4238    
       1094.3356           1095.3546           1096.4854           1097.6938           1098.9136           1100.0913           1101.2432           1102.4062           1103.6138           1104.8890    
       1106.2382           1107.7018           1109.4065           1111.2906           1113.4357           1115.9542           1118.2610           1120.3735           1122.3043           1124.1346    
       1126.1858           1128.6938           1131.8148           1135.5063           1140.4611           1148.0702           1158.7919           1168.3002           1176.1952           1184.2733    
       1192.9844           1202.2889           1212.5377           1222.8313           1231.6375           1237.0204          0.99999998E+31      0.99999998E+31      0.99999998E+31      0.99999998E+31
      0.99999998E+31      0.99999998E+31      0.99999998E+31      0.99999998E+31      0.99999998E+31      0.99999998E+31      0.99999998E+31      0.99999998E+31      0.99999998E+31      0.99999998E+31
      0.99999998E+31      0.99999998E+31
      0.99999998E+31      0.99999998E+31      0.99999998E+31      0.99999998E+31      0.99999998E+31      0.99999998E+31      0.99999998E+31      0.99999998E+31      0.99999998E+31      0.99999998E+31
      0.99999998E+31      0.99999998E+31      0.99999998E+31      0.99999998E+31      0.99999998E+31      0.99999998E+31      0.99999998E+31      0.99999998E+31      0.99999998E+31      0.99999998E+31
      0.99999998E+31      0.99999998E+31      0.99999998E+31       715.16785           714.08807           713.12714           712.32977           711.39520           710.20459           708.55988    
       708.67230           709.85559           710.49512           711.15381           711.75769           712.36713           713.20819           714.11780           715.64490           717.31036    
       718.95447           720.71387           722.94312           727.36945           734.04578           738.39819           740.06305           737.93658          0.99999998E+31       750.64032    
       749.99323           777.33209           786.32007           792.29596           796.25201           799.10583           801.72577           803.54938           804.65869           805.11462    
       805.86462           806.51685           807.23389           807.80493           808.19336           808.54742          0.99999998E+31      0.99999998E+31      0.99999998E+31      0.99999998E+31
      0.99999998E+31      0.99999998E+31      0.99999998E+31      0.99999998E+31      0.99999998E+31       802.71881           802.45667           802.11890           801.81360           802.02319    
       802.18213          0.99999998E+31      0.99999998E+31      0.99999998E+31      0.99999998E+31      0.99999998E+31      0.99999998E+31      0.99999998E+31      0.99999998E+31      0.99999998E+31
      0.99999998E+31      0.99999998E+31      0.99999998E+31      0.99999998E+31      0.99999998E+31      0.99999998E+31      0.99999998E+31      0.99999998E+31      0.99999998E+31      0.99999998E+31
      0.99999998E+31       930.59045           933.02032           934.83014           936.87115           939.01215           941.54974           943.51709           945.85339           948.47540    
       951.82281           954.72632           957.60748           960.05328           961.90326           963.31946          0.99999998E+31      0.99999998E+31      0.99999998E+31      0.99999998E+31
      0.99999998E+31      0.99999998E+31      0.99999998E+31      0.99999998E+31      0.99999998E+31      0.99999998E+31      0.99999998E+31      0.99999998E+31      0.99999998E+31      0.99999998E+31
      0.99999998E+31      0.99999998E+31      0.99999998E+31      0.99999998E+31      0.99999998E+31       1086.2028           1085.0586           1081.7590           1082.5981           1082.3147    
       1081.9105           1081.4165           1080.8876           1080.0570           1078.9271           1077.0043           1077.8660           1077.4836           1077.8070           1079.0934    
       1080.0667           1081.3428           1082.5675           1083.6453           1084.5900           1085.3373           1085.9398           1086.5297           1087.1031           1087.6575    
       1088.2065           1088.6936           1089.1674           1089.6652           1090.2450           1090.9377           1091.6720           1092.4330           1093.2020           1094.0084    
       1094.9009           1095.9124           1097.0669           1098.3191           1099.5674           1100.7980           1101.9905           1103.1880           1104.4178           1105.7257    
       1107.1293           1108.6428           1110.3588           1112.1782           1114.1018           1116.1904           1118.2992           1120.3429           1122.3439           1124.3423    
       1126.4974           1129.0028           1132.0134           1135.7128           1140.4238           1146.8197           1154.9868           1163.7675           1172.4352           1181.3424    
       1191.0138           1201.4639           1212.5795           1223.5626           1233.6719           1242.2566           1251.0133           1255.1840          0.99999998E+31      0.99999998E+31
      0.99999998E+31      0.99999998E+31      0.99999998E+31      0.99999998E+31      0.99999998E+31      0.99999998E+31      0.99999998E+31      0.99999998E+31      0.99999998E+31      0.99999998E+31
      0.99999998E+31      0.99999998E+31
      0.99999998E+31      0.99999998E+31      0.99999998E+31      0.99999998E+31      0.99999998E+31      0.99999998E+31      0.99999998E+31      0.99999998E+31      0.99999998E+31      0.99999998E+31
      0.99999998E+31      0.99999998E+31      0.99999998E+31      0.99999998E+31      0.99999998E+31      0.99999998E+31      0.99999998E+31      0.99999998E+31      0.99999998E+31      0.99999998E+31
      0.99999998E+31      0.99999998E+31      0.99999998E+31       715.30267           713.90045           713.07684           712.48749           711.84686           711.19061           710.59344    
       710.57880           710.96619           711.29211           711.56775           711.68481           711.81006           712.70312           713.44757           714.30664           715.23163    
       716.10059           717.08618           718.58795           721.63812           727.57074           732.94415           735.55927           736.15894           742.51288           750.60199    
       759.78699           771.76691           781.16583           788.67957           793.73730           797.41052           801.03705           802.69916           803.67328           803.36957    
       804.94666           805.75458           806.15179           807.23920           807.72314          0.99999998E+31      0.99999998E+31      0.99999998E+31      0.99999998E+31      0.99999998E+31
      0.99999998E+31      0.99999998E+31      0.99999998E+31      0.99999998E+31      0.99999998E+31       803.08508           802.84076           802.48993           802.45996           802.62823    
       802.76202          0.99999998E+31      0.99999998E+31      0.99999998E+31      0.99999998E+31      0.99999998E+31      0.99999998E+31      0.99999998E+31      0.99999998E+31      0.99999998E+31
      0.99999998E+31      0.99999998E+31      0.99999998E+31      0.99999998E+31      0.99999998E+31      0.99999998E+31      0.99999998E+31      0.99999998E+31      0.99999998E+31      0.99999998E+31
      0.99999998E+31      0.99999998E+31       937.45471           938.75763           940.87738           943.59558           946.69458           949.61444           952.26239           955.16656    
       957.98810           960.89062           964.20740           967.56342           970.45032           972.15997          0.99999998E+31      0.99999998E+31      0.99999998E+31      0.99999998E+31
      0.99999998E+31      0.99999998E+31      0.99999998E+31      0.99999998E+31      0.99999998E+31      0.99999998E+31      0.99999998E+31      0.99999998E+31      0.99999998E+31      0.99999998E+31
      0.99999998E+31      0.99999998E+31      0.99999998E+31      0.99999998E+31      0.99999998E+31       1086.2281           1085.5693           1084.1552           1083.7118           1083.3652    
       1082.9868           1082.5251           1081.9753           1081.1752           1080.4376           1079.7295           1079.7882           1079.5796           1079.0886           1080.6134    
       1081.7728           1083.0710           1084.3767           1085.5120           1086.4656           1087.1840           1087.7506           1088.2682           1088.7634           1089.2351    
       1089.6572           1090.0167           1090.3690           1090.7626           1091.2450           1091.8259           1092.4674           1093.1417           1093.8453           1094.6016    
       1095.4551           1096.4507           1097.6160           1098.9497           1100.1930           1101.4525           1102.6715           1103.8961           1105.1688           1106.5133    
       1107.9363           1109.3918           1111.1606           1112.9475           1114.7615           1116.6686           1118.7024           1120.7151           1122.7736           1124.9081    
       1127.1962           1129.8145           1132.8523           1136.5643           1141.1672           1146.9614           1153.9192           1161.6887           1170.0485           1179.1134    
       1189.0619           1200.0988           1211.9961           1223.8729           1234.9082           1244.6261           1252.4117           1257.3328          0.99999998E+31      0.99999998E+31
      0.99999998E+31      0.99999998E+31      0.99999998E+31      0.99999998E+31      0.99999998E+31      0.99999998E+31      0.99999998E+31      0.99999998E+31      0.99999998E+31      0.99999998E+31
      0.99999998E+31      0.99999998E+31
      0.99999998E+31      0.99999998E+31      0.99999998E+31      0.99999998E+31      0.99999998E+31      0.99999998E+31      0.99999998E+31      0.99999998E+31      0.99999998E+31      0.99999998E+31
      0.99999998E+31      0.99999998E+31      0.99999998E+31      0.99999998E+31      0.99999998E+31      0.99999998E+31      0.99999998E+31      0.99999998E+31      0.99999998E+31      0.99999998E+31
      0.99999998E+31      0.99999998E+31      0.99999998E+31      0.99999998E+31       713.79419           713.14447           712.70331           712.27258           711.89948           711.64551    
       711.66058           711.82129           711.94025           712.01221           712.04205           712.12982           712.43213           712.75110           713.08850           713.35474    
       713.47906           713.51892           713.83307           715.42664           721.26709           726.21295           731.70648           735.67712           741.64362           749.25684    
       757.86389           767.55450           776.35181           786.05646           791.91284           796.19232          0.99999998E+31       803.28979           803.70593           803.97723    
       804.64886           805.07452          0.99999998E+31      0.99999998E+31      0.99999998E+31      0.99999998E+31      0.99999998E+31      0.99999998E+31      0.99999998E+31      0.99999998E+31
      0.99999998E+31      0.99999998E+31      0.99999998E+31      0.99999998E+31      0.99999998E+31      0.99999998E+31      0.99999998E+31      0.99999998E+31      0.99999998E+31      0.99999998E+31
      0.99999998E+31      0.99999998E+31      0.99999998E+31      0.99999998E+31      0.99999998E+31      0.99999998E+31      0.99999998E+31      0.99999998E+31      0.99999998E+31      0.99999998E+31
      0.99999998E+31      0.99999998E+31      0.99999998E+31      0.99999998E+31      0.99999998E+31      0.99999998E+31      0.99999998E+31      0.99999998E+31      0.99999998E+31      0.99999998E+31
      0.99999998E+31      0.99999998E+31       940.49945           941.72223           944.02643           947.31897           951.34778           954.71277           957.52167           960.54767    
       963.91846           967.18695           970.73822           973.94318           977.39423           981.02667           987.01587           989.66809          0.99999998E+31      0.99999998E+31
      0.99999998E+31      0.99999998E+31      0.99999998E+31      0.99999998E+31      0.99999998E+31      0.99999998E+31      0.99999998E+31      0.99999998E+31      0.99999998E+31      0.99999998E+31
      0.99999998E+31      0.99999998E+31      0.99999998E+31      0.99999998E+31      0.99999998E+31       1086.3805           1086.0785           1085.2219           1084.7072           1084.3444    
       1083.9746           1083.6014           1082.9760           1082.0630           1081.8390           1081.7601           1082.0255           1082.2280           1082.3660           1083.0804    
       1084.0789           1085.3778           1086.7087           1087.8488           1088.7451           1089.3705           1089.8292           1090.2202           1090.5863           1090.9191    
       1091.1915           1091.4193           1091.6582           1091.9454           1092.3265           1092.7903           1093.3201           1093.8939           1094.5126           1095.2057    
       1096.0103           1096.9806           1098.1973           1099.5255           1100.7910           1102.0481           1103.2891           1104.5389           1105.8601           1107.2411    
       1108.7206           1110.2640           1111.9414           1113.6836           1115.4790           1117.3694           1119.3524           1121.3792           1123.5463           1125.8020    
       1128.2458           1131.0022           1134.1449           1137.8336           1142.3630           1147.8365           1154.1475           1161.2186           1169.0452           1177.7880    
       1187.5743           1198.3816           1210.9303           1223.5824           1235.5737           1246.4484           1255.3075           1262.5837           1271.0635           1275.3269    
      0.99999998E+31      0.99999998E+31      0.99999998E+31      0.99999998E+31      0.99999998E+31      0.99999998E+31      0.99999998E+31      0.99999998E+31      0.99999998E+31      0.99999998E+31
      0.99999998E+31      0.99999998E+31
      0.99999998E+31      0.99999998E+31      0.99999998E+31      0.99999998E+31      0.99999998E+31      0.99999998E+31      0.99999998E+31      0.99999998E+31      0.99999998E+31      0.99999998E+31
      0.99999998E+31      0.99999998E+31      0.99999998E+31      0.99999998E+31      0.99999998E+31      0.99999998E+31      0.99999998E+31      0.99999998E+31      0.99999998E+31      0.99999998E+31
      0.99999998E+31      0.99999998E+31      0.99999998E+31      0.99999998E+31      0.99999998E+31       713.20905           712.96594           712.64343           712.38379           712.22815    
       712.21198           712.36694           712.37671           712.31171           712.19965           712.10217           712.05768           711.98065           711.80560           711.44159    
       710.80927           709.77997           708.56970           707.72333           712.79767           719.27942           725.47174           731.92346           738.59930           746.07324    
       754.26782           764.94586           773.81433          0.99999998E+31      0.99999998E+31      0.99999998E+31      0.99999998E+31      0.99999998E+31       803.88403           804.10211    
       804.47046           804.72925          0.99999998E+31      0.99999998E+31      0.99999998E+31      0.99999998E+31      0.99999998E+31      0.99999998E+31      0.99999998E+31      0.99999998E+31
      0.99999998E+31      0.99999998E+31      0.99999998E+31      0.99999998E+31      0.99999998E+31      0.99999998E+31      0.99999998E+31      0.99999998E+31      0.99999998E+31      0.99999998E+31
      0.99999998E+31      0.99999998E+31      0.99999998E+31      0.99999998E+31      0.99999998E+31      0.99999998E+31      0.99999998E+31      0.99999998E+31      0.99999998E+31      0.99999998E+31
      0.99999998E+31      0.99999998E+31      0.99999998E+31      0.99999998E+31      0.99999998E+31      0.99999998E+31      0.99999998E+31      0.99999998E+31      0.99999998E+31      0.99999998E+31
      0.99999998E+31      0.99999998E+31       942.05353           943.32416           945.86389           949.84576           955.96277           959.57068           962.66901           965.84796    
       969.19006           972.91620           976.26398           979.44226           982.83972           986.17676           989.89612           992.20490          0.99999998E+31      0.99999998E+31
      0.99999998E+31      0.99999998E+31      0.99999998E+31      0.99999998E+31      0.99999998E+31      0.99999998E+31      0.99999998E+31      0.99999998E+31      0.99999998E+31      0.99999998E+31
      0.99999998E+31      0.99999998E+31      0.99999998E+31      0.99999998E+31      0.99999998E+31      0.99999998E+31       1086.5444           1085.9514           1085.5302           1085.2001    
       1084.8750           1084.6632           1084.0101           1082.1295           1082.9152           1083.3651           1084.4199           1085.0739           1085.5027           1086.0188    
       1086.8916           1088.2461           1089.5807           1090.6495           1091.4092           1091.8519           1092.1152           1092.3146           1092.5099           1092.6794    
       1092.8019           1092.8975           1093.0347           1093.2177           1093.4800           1093.8202           1094.2242           1094.6862           1095.2054           1095.8158    
       1096.5670           1097.5256           1098.7338           1100.0873           1101.3453           1102.5807           1103.8339           1105.0969           1106.4581           1107.8922    
       1109.4122           1110.9972           1112.6772           1114.4323           1116.2572           1118.1716           1120.1851           1122.2891           1124.5044           1126.8118    
       1129.4550           1132.4756           1135.7391           1139.5222           1144.0333           1149.2035           1155.0885           1161.6639           1169.0029           1177.2908    
       1186.7589           1197.5135           1209.6211           1222.6605           1235.5969           1247.5911           1257.9166           1266.4381           1273.5690           1278.0275    
      0.99999998E+31      0.99999998E+31      0.99999998E+31      0.99999998E+31      0.99999998E+31      0.99999998E+31      0.99999998E+31      0.99999998E+31      0.99999998E+31      0.99999998E+31
      0.99999998E+31      0.99999998E+31
      0.99999998E+31      0.99999998E+31      0.99999998E+31      0.99999998E+31      0.99999998E+31      0.99999998E+31      0.99999998E+31      0.99999998E+31      0.99999998E+31      0.99999998E+31
      0.99999998E+31      0.99999998E+31      0.99999998E+31      0.99999998E+31      0.99999998E+31      0.99999998E+31      0.99999998E+31      0.99999998E+31      0.99999998E+31      0.99999998E+31
      0.99999998E+31      0.99999998E+31      0.99999998E+31      0.99999998E+31      0.99999998E+31       713.32721           713.20856           712.98657           712.76129           712.61127    
       712.54205           712.54657           712.48755           712.33087           712.10852           711.82599           711.49268           711.05194           710.43237           709.51776    
       708.07642           705.74603           701.88544           692.53229           703.45496           712.16107           719.53162           727.35602           734.59607           741.91052    
       750.67236          0.99999998E+31      0.99999998E+31      0.99999998E+31      0.99999998E+31      0.99999998E+31      0.99999998E+31      0.99999998E+31      0.99999998E+31      0.99999998E+31
      0.99999998E+31      0.99999998E+31      0.99999998E+31      0.99999998E+31      0.99999998E+31      0.99999998E+31      0.99999998E+31      0.99999998E+31      0.99999998E+31      0.99999998E+31
      0.99999998E+31      0.99999998E+31      0.99999998E+31      0.99999998E+31      0.99999998E+31      0.99999998E+31      0.99999998E+31      0.99999998E+31      0.99999998E+31      0.99999998E+31
      0.99999998E+31      0.99999998E+31      0.99999998E+31      0.99999998E+31      0.99999998E+31      0.99999998E+31      0.99999998E+31      0.99999998E+31      0.99999998E+31      0.99999998E+31
      0.99999998E+31      0.99999998E+31      0.99999998E+31      0.99999998E+31      0.99999998E+31      0.99999998E+31      0.99999998E+31      0.99999998E+31      0.99999998E+31      0.99999998E+31
      0.99999998E+31      0.99999998E+31      0.99999998E+31      0.99999998E+31      0.99999998E+31      0.99999998E+31       962.44482           964.46777           967.29230           970.40564    
       974.08063           977.63794           980.97516           984.24011           987.53723           990.93713           994.38086           996.97198          0.99999998E+31      0.99999998E+31
      0.99999998E+31      0.99999998E+31      0.99999998E+31       1046.7369           1047.9387           1048.8474          0.99999998E+31      0.99999998E+31      0.99999998E+31      0.99999998E+31
      0.99999998E+31      0.99999998E+31      0.99999998E+31      0.99999998E+31      0.99999998E+31       1087.5039           1086.8662           1086.5083           1086.2661           1085.9410    
       1085.5249           1085.8661           1085.9480           1085.6963           1085.8292           1085.2782           1087.0679           1088.1685           1088.9335           1089.5220    
       1090.3047           1091.7631           1092.9292           1093.7577           1094.2646           1094.5005           1094.5192           1094.4680           1094.4869           1094.5010    
       1094.4952           1094.4829           1094.5007           1094.5653           1094.6949           1094.9033           1095.1737           1095.5175           1095.9287           1096.4397    
       1097.1268           1098.0820           1099.2660           1100.5629           1101.8099           1103.0315           1104.2810           1105.5570           1106.9518           1108.4473    
       1110.0173           1111.6554           1113.3704           1115.1799           1117.0770           1119.0499           1121.1488           1123.3752           1125.7283           1128.2351    
       1130.9259           1134.0372           1137.6329           1141.5360           1145.9662           1150.9073           1156.4526           1162.6448           1169.5385           1177.3505    
       1186.3497           1196.7094           1208.4169           1221.2880           1234.9474           1248.2533           1260.4642           1270.6432           1278.3878           1283.5166    
      0.99999998E+31      0.99999998E+31      0.99999998E+31      0.99999998E+31      0.99999998E+31      0.99999998E+31      0.99999998E+31      0.99999998E+31      0.99999998E+31      0.99999998E+31
      0.99999998E+31      0.99999998E+31
      0.99999998E+31      0.99999998E+31      0.99999998E+31      0.99999998E+31      0.99999998E+31      0.99999998E+31      0.99999998E+31      0.99999998E+31      0.99999998E+31      0.99999998E+31
      0.99999998E+31      0.99999998E+31      0.99999998E+31      0.99999998E+31      0.99999998E+31      0.99999998E+31      0.99999998E+31      0.99999998E+31      0.99999998E+31      0.99999998E+31
      0.99999998E+31      0.99999998E+31      0.99999998E+31      0.99999998E+31      0.99999998E+31      0.99999998E+31       713.43018           713.28284           713.09430           712.91229    
       712.73669           712.58594           712.38959           712.11792           711.75958           711.29602           710.71246           709.94562           708.87592           707.40729    
       705.30194           702.08551           696.52777           686.54559           696.32178           705.38580           713.96149           721.97607           730.07141           737.86304    
      0.99999998E+31      0.99999998E+31      0.99999998E+31      0.99999998E+31      0.99999998E+31      0.99999998E+31      0.99999998E+31      0.99999998E+31      0.99999998E+31      0.99999998E+31
      0.99999998E+31      0.99999998E+31      0.99999998E+31      0.99999998E+31      0.99999998E+31      0.99999998E+31      0.99999998E+31      0.99999998E+31      0.99999998E+31      0.99999998E+31
      0.99999998E+31      0.99999998E+31      0.99999998E+31      0.99999998E+31      0.99999998E+31      0.99999998E+31      0.99999998E+31      0.99999998E+31      0.99999998E+31      0.99999998E+31
      0.99999998E+31      0.99999998E+31      0.99999998E+31      0.99999998E+31      0.99999998E+31      0.99999998E+31      0.99999998E+31      0.99999998E+31      0.99999998E+31      0.99999998E+31
      0.99999998E+31      0.99999998E+31      0.99999998E+31      0.99999998E+31      0.99999998E+31      0.99999998E+31      0.99999998E+31      0.99999998E+31      0.99999998E+31      0.99999998E+31
      0.99999998E+31      0.99999998E+31      0.99999998E+31      0.99999998E+31      0.99999998E+31      0.99999998E+31       966.50244           968.21442           971.12433           974.55151    
       978.61841           981.90918           984.91962           988.24146           991.69910           995.40192           999.23352           1003.9626           1014.5089           1022.5631    
       1029.7301           1035.6205           1040.8224           1045.4097           1048.0833           1049.7316          0.99999998E+31      0.99999998E+31      0.99999998E+31      0.99999998E+31
      0.99999998E+31      0.99999998E+31      0.99999998E+31      0.99999998E+31      0.99999998E+31       1086.3809           1086.5723           1086.9033           1087.1191           1086.8516    
       1085.0764           1087.2397           1087.9972           1088.3553           1088.7371           1089.2079           1090.4103           1091.5402           1092.6392           1093.6759    
       1094.8409           1095.8787           1096.4865           1096.8025           1096.9238           1096.9086           1096.7819           1096.6001           1096.4698           1096.3540    
       1096.2391           1096.1271           1096.0355           1095.9810           1095.9800           1096.0465           1096.1835           1096.3933           1096.6804           1097.0823    
       1097.7042           1098.6200           1099.7448           1100.9677           1102.1678           1103.3728           1104.6133           1105.9092           1107.3499           1108.9100    
       1110.5438           1112.2512           1114.0464           1115.9207           1117.9132           1120.0137           1122.2365           1124.6060           1127.1420           1129.8562    
       1132.7731           1135.9159           1139.5483           1143.7357           1148.1022           1152.8596           1158.1244           1163.9584           1170.4277           1177.7585    
       1186.2390           1196.0670           1207.2900           1219.8934           1233.8229           1248.2620           1262.4673           1275.6478           1285.5608           1292.6206    
      0.99999998E+31      0.99999998E+31      0.99999998E+31      0.99999998E+31      0.99999998E+31      0.99999998E+31      0.99999998E+31      0.99999998E+31      0.99999998E+31      0.99999998E+31
      0.99999998E+31      0.99999998E+31
      0.99999998E+31      0.99999998E+31      0.99999998E+31      0.99999998E+31      0.99999998E+31      0.99999998E+31      0.99999998E+31      0.99999998E+31      0.99999998E+31      0.99999998E+31
      0.99999998E+31      0.99999998E+31      0.99999998E+31      0.99999998E+31      0.99999998E+31      0.99999998E+31      0.99999998E+31      0.99999998E+31      0.99999998E+31      0.99999998E+31
      0.99999998E+31      0.99999998E+31      0.99999998E+31      0.99999998E+31      0.99999998E+31      0.99999998E+31       713.63794           713.54608           713.36084           713.14197    
       712.87653           712.55939           712.24634           711.81891           711.29028           710.60986           709.74512           708.60986           707.05579           704.99878    
       702.33380           698.57855           692.06781           682.22412           687.12512           698.57739           707.09857           715.80280           727.06018          0.99999998E+31
      0.99999998E+31      0.99999998E+31      0.99999998E+31      0.99999998E+31      0.99999998E+31      0.99999998E+31      0.99999998E+31      0.99999998E+31      0.99999998E+31      0.99999998E+31
      0.99999998E+31      0.99999998E+31      0.99999998E+31      0.99999998E+31      0.99999998E+31      0.99999998E+31      0.99999998E+31      0.99999998E+31      0.99999998E+31      0.99999998E+31
      0.99999998E+31      0.99999998E+31      0.99999998E+31      0.99999998E+31      0.99999998E+31      0.99999998E+31      0.99999998E+31      0.99999998E+31      0.99999998E+31      0.99999998E+31
      0.99999998E+31      0.99999998E+31      0.99999998E+31      0.99999998E+31      0.99999998E+31      0.99999998E+31      0.99999998E+31      0.99999998E+31      0.99999998E+31      0.99999998E+31
      0.99999998E+31      0.99999998E+31      0.99999998E+31      0.99999998E+31      0.99999998E+31      0.99999998E+31      0.99999998E+31      0.99999998E+31      0.99999998E+31      0.99999998E+31
      0.99999998E+31      0.99999998E+31      0.99999998E+31      0.99999998E+31      0.99999998E+31      0.99999998E+31       968.63715           970.52100           974.57532           978.48846    
       982.49591           985.57117           988.67188           991.97253           995.56488           999.44098           1003.5477           1008.6801           1016.1207           1023.3105    
       1029.9113           1035.7072           1040.8523           1045.0720           1048.4893           1051.4281           1053.6853          0.99999998E+31       1067.1040           1069.0146    
       1071.4216           1073.8849           1076.5179           1079.2806           1081.6439           1084.4827           1086.1713           1087.3950           1088.1127           1088.4175    
       1088.4850           1089.6786           1090.5612           1091.4666           1091.9697           1092.6569           1093.8287           1094.9625           1096.1865           1097.4353    
       1098.6350           1099.1986           1099.4338           1099.3850           1099.2343           1099.0443           1098.8373           1098.6227           1098.4066           1098.2087    
       1098.0155           1097.8235           1097.6385           1097.4677           1097.3334           1097.2573           1097.2500           1097.3126           1097.4624           1097.7357    
       1098.2802           1099.0841           1100.1277           1101.2480           1102.3937           1103.5818           1104.8151           1106.1567           1107.6555           1109.2906    
       1111.0043           1112.7853           1114.6742           1116.6443           1118.7800           1121.0276           1123.4041           1125.9425           1128.6876           1131.6300    
       1134.7828           1138.1593           1141.7832           1145.7174           1150.2157           1154.9724           1159.9912           1165.5121           1171.5752           1178.3761    
       1186.3009           1195.5199           1206.1233           1218.2324           1231.9779           1247.3234           1263.8988           1280.8062           1296.9708           1312.0415    
      0.99999998E+31      0.99999998E+31      0.99999998E+31      0.99999998E+31      0.99999998E+31      0.99999998E+31      0.99999998E+31      0.99999998E+31      0.99999998E+31      0.99999998E+31
      0.99999998E+31      0.99999998E+31
      0.99999998E+31      0.99999998E+31      0.99999998E+31      0.99999998E+31      0.99999998E+31      0.99999998E+31      0.99999998E+31      0.99999998E+31      0.99999998E+31      0.99999998E+31
      0.99999998E+31      0.99999998E+31      0.99999998E+31      0.99999998E+31      0.99999998E+31      0.99999998E+31      0.99999998E+31      0.99999998E+31      0.99999998E+31      0.99999998E+31
      0.99999998E+31      0.99999998E+31      0.99999998E+31      0.99999998E+31      0.99999998E+31      0.99999998E+31      0.99999998E+31       713.77478           713.57819           713.29675    
       712.94574           712.50531           712.07910           711.48724           710.78687           709.83783           708.66425           707.12079           705.05554           702.43842    
       699.03253           694.26843           688.64069           686.06140           688.26953           693.62189           700.00659           712.73053          0.99999998E+31      0.99999998E+31
      0.99999998E+31      0.99999998E+31      0.99999998E+31      0.99999998E+31      0.99999998E+31      0.99999998E+31      0.99999998E+31      0.99999998E+31      0.99999998E+31      0.99999998E+31
      0.99999998E+31      0.99999998E+31      0.99999998E+31      0.99999998E+31      0.99999998E+31      0.99999998E+31      0.99999998E+31      0.99999998E+31      0.99999998E+31      0.99999998E+31
      0.99999998E+31      0.99999998E+31      0.99999998E+31      0.99999998E+31      0.99999998E+31      0.99999998E+31      0.99999998E+31      0.99999998E+31      0.99999998E+31      0.99999998E+31
      0.99999998E+31      0.99999998E+31      0.99999998E+31      0.99999998E+31      0.99999998E+31      0.99999998E+31      0.99999998E+31      0.99999998E+31      0.99999998E+31      0.99999998E+31
      0.99999998E+31      0.99999998E+31      0.99999998E+31      0.99999998E+31      0.99999998E+31      0.99999998E+31      0.99999998E+31      0.99999998E+31      0.99999998E+31      0.99999998E+31
      0.99999998E+31      0.99999998E+31      0.99999998E+31      0.99999998E+31      0.99999998E+31      0.99999998E+31      0.99999998E+31      0.99999998E+31       978.32587           982.48492    
       986.24127           989.06006           992.17133           995.55890           999.26086           1002.9503           1007.1805           1012.1709           1018.5236           1024.6433    
       1030.4806           1035.8768           1040.8182           1045.0039           1048.5792           1051.9320           1055.9235           1060.6045           1065.1772           1068.4526    
       1071.3796           1074.1637           1076.8508           1078.7716           1081.7347           1084.3490           1086.4324           1088.1135           1089.1871           1090.0486    
       1091.1259           1092.0137           1092.8701           1093.7921           1094.6366           1095.6053           1096.8110           1098.0985           1099.0736           1100.0024    
       1100.8044           1101.3445           1101.5115           1101.3882           1101.1915           1100.9532           1100.7314           1100.5203           1100.2736           1100.0378    
       1099.8066           1099.5697           1099.3165           1099.0408           1098.7562           1098.5369           1098.3674           1098.2662           1098.2623           1098.4008    
       1098.8135           1099.4686           1100.3547           1101.3755           1102.4720           1103.6444           1104.8992           1106.3092           1107.8812           1109.5889    
       1111.3951           1113.2728           1115.2477           1117.2755           1119.6504           1122.0890           1124.6317           1127.3385           1130.3070           1133.5123    
       1136.9052           1140.4712           1144.2408           1148.2122           1152.3230           1156.8027           1161.9630           1167.2034           1172.8450           1179.1210    
       1186.4420           1194.9468           1204.7883           1216.1929           1229.5428           1245.3048           1263.9326           1285.0239           1309.6779           1342.7092    
       1394.3513           1443.0912          0.99999998E+31      0.99999998E+31      0.99999998E+31      0.99999998E+31      0.99999998E+31      0.99999998E+31      0.99999998E+31      0.99999998E+31
      0.99999998E+31      0.99999998E+31
      0.99999998E+31      0.99999998E+31      0.99999998E+31      0.99999998E+31      0.99999998E+31      0.99999998E+31      0.99999998E+31      0.99999998E+31      0.99999998E+31      0.99999998E+31
      0.99999998E+31      0.99999998E+31      0.99999998E+31      0.99999998E+31      0.99999998E+31      0.99999998E+31      0.99999998E+31      0.99999998E+31      0.99999998E+31      0.99999998E+31
      0.99999998E+31      0.99999998E+31      0.99999998E+31      0.99999998E+31      0.99999998E+31      0.99999998E+31      0.99999998E+31      0.99999998E+31      0.99999998E+31      0.99999998E+31
      0.99999998E+31       712.38556           711.93683           711.18622           710.31537           709.06677           707.54468           705.61383           703.02228           699.76483    
       695.63092           689.98328           680.57031           682.90930           683.87836           685.03833           690.19727          0.99999998E+31      0.99999998E+31      0.99999998E+31
      0.99999998E+31      0.99999998E+31      0.99999998E+31      0.99999998E+31      0.99999998E+31      0.99999998E+31      0.99999998E+31      0.99999998E+31      0.99999998E+31      0.99999998E+31
      0.99999998E+31      0.99999998E+31      0.99999998E+31      0.99999998E+31      0.99999998E+31      0.99999998E+31      0.99999998E+31      0.99999998E+31      0.99999998E+31      0.99999998E+31
      0.99999998E+31      0.99999998E+31      0.99999998E+31      0.99999998E+31      0.99999998E+31      0.99999998E+31      0.99999998E+31      0.99999998E+31      0.99999998E+31      0.99999998E+31
      0.99999998E+31      0.99999998E+31      0.99999998E+31      0.99999998E+31      0.99999998E+31      0.99999998E+31      0.99999998E+31      0.99999998E+31      0.99999998E+31      0.99999998E+31
      0.99999998E+31      0.99999998E+31      0.99999998E+31      0.99999998E+31      0.99999998E+31      0.99999998E+31      0.99999998E+31      0.99999998E+31      0.99999998E+31      0.99999998E+31
      0.99999998E+31      0.99999998E+31      0.99999998E+31      0.99999998E+31      0.99999998E+31      0.99999998E+31      0.99999998E+31      0.99999998E+31      0.99999998E+31       985.98700    
       989.67065           992.47021           995.43481           998.81592           1002.4998           1006.2767           1010.1768           1015.0490           1020.5140           1025.9585    
       1031.2196           1036.2407           1040.8986           1045.0677           1048.7871           1052.3932           1056.2678           1060.2584           1064.3224           1068.0674    
       1071.4274           1074.6775           1077.3091           1079.2839           1082.0688           1084.6312           1087.0272           1088.9541           1090.2744           1091.4280    
       1092.9965           1094.0369           1095.0317           1096.0237           1096.9467           1097.9238           1099.0138           1100.1167           1100.9680           1101.7181    
       1102.3762           1102.8501           1103.2240           1103.0376           1102.8640           1102.6852           1102.4955           1102.3177           1102.0837           1101.8481    
       1101.6232           1101.3864           1101.1000           1100.7323           1100.3108           1099.9031           1099.5304           1099.2288           1099.0325           1098.9957    
       1099.1970           1099.6616           1100.4036           1101.3257           1102.3853           1103.5509           1104.8796           1106.3678           1108.0261           1109.8232    
       1111.7344           1113.7334           1115.8564           1118.1215           1120.5964           1123.1785           1125.8862           1128.7351           1131.9796           1135.4526    
       1139.1039           1142.8480           1146.7467           1150.7625           1154.8870           1159.1058           1163.6641           1168.7448           1174.0961           1179.8832    
       1186.5123           1194.2339           1203.1765           1213.6537           1226.2130           1241.6332           1260.7954           1284.2170           1312.1819           1346.9283    
       1390.6111           1437.7820          0.99999998E+31      0.99999998E+31      0.99999998E+31      0.99999998E+31      0.99999998E+31      0.99999998E+31      0.99999998E+31      0.99999998E+31
      0.99999998E+31      0.99999998E+31
      0.99999998E+31      0.99999998E+31      0.99999998E+31      0.99999998E+31      0.99999998E+31      0.99999998E+31      0.99999998E+31      0.99999998E+31      0.99999998E+31      0.99999998E+31
      0.99999998E+31      0.99999998E+31      0.99999998E+31      0.99999998E+31      0.99999998E+31      0.99999998E+31      0.99999998E+31      0.99999998E+31      0.99999998E+31      0.99999998E+31
      0.99999998E+31      0.99999998E+31      0.99999998E+31      0.99999998E+31      0.99999998E+31      0.99999998E+31      0.99999998E+31      0.99999998E+31      0.99999998E+31      0.99999998E+31
      0.99999998E+31      0.99999998E+31      0.99999998E+31       710.85248           709.92969           708.08905           706.33276           704.02173           700.90210           696.98096    
       692.06146           686.69727           681.03320           678.55157           676.90198           676.44385           678.69708          0.99999998E+31      0.99999998E+31      0.99999998E+31
      0.99999998E+31      0.99999998E+31      0.99999998E+31      0.99999998E+31      0.99999998E+31      0.99999998E+31      0.99999998E+31      0.99999998E+31      0.99999998E+31      0.99999998E+31
      0.99999998E+31      0.99999998E+31      0.99999998E+31      0.99999998E+31      0.99999998E+31      0.99999998E+31      0.99999998E+31      0.99999998E+31      0.99999998E+31      0.99999998E+31
      0.99999998E+31      0.99999998E+31      0.99999998E+31      0.99999998E+31      0.99999998E+31      0.99999998E+31      0.99999998E+31      0.99999998E+31      0.99999998E+31      0.99999998E+31
      0.99999998E+31      0.99999998E+31      0.99999998E+31      0.99999998E+31      0.99999998E+31      0.99999998E+31      0.99999998E+31      0.99999998E+31      0.99999998E+31      0.99999998E+31
      0.99999998E+31      0.99999998E+31      0.99999998E+31      0.99999998E+31      0.99999998E+31      0.99999998E+31      0.99999998E+31      0.99999998E+31      0.99999998E+31      0.99999998E+31
      0.99999998E+31      0.99999998E+31      0.99999998E+31      0.99999998E+31      0.99999998E+31      0.99999998E+31      0.99999998E+31      0.99999998E+31      0.99999998E+31      0.99999998E+31
       993.57233           995.55438           998.54773           1003.0947           1006.3365           1009.6741           1013.2665           1017.5114           1022.2755           1027.2654    
       1032.2477           1037.0184           1041.3608           1045.4266           1049.2957           1052.9989           1056.6525           1060.3308           1064.1879           1067.8446    
       1071.4570           1074.8081           1077.4781           1079.6522           1082.4442           1085.0693           1087.7114           1089.7472           1091.2338           1092.7990    
       1094.6333           1096.0215           1097.2013           1098.2784           1099.2156           1100.1704           1100.9858           1101.8599           1102.5253           1103.1365    
       1103.6897           1104.0747           1104.3241           1104.3645           1104.3743           1104.3099           1104.2018           1104.0750           1103.8854           1103.6820    
       1103.5074           1103.3234           1103.0325           1102.5756           1101.9890           1101.3490           1100.7332           1100.1771           1099.7303           1099.4470    
       1099.4065           1099.6658           1100.2397           1101.0731           1102.1064           1103.3412           1104.7590           1106.3412           1108.1038           1110.0026    
       1112.0264           1114.1465           1116.4255           1118.8650           1121.5088           1124.2957           1127.1548           1129.9518           1133.7253           1137.4825    
       1141.3541           1145.3027           1149.2871           1153.3425           1157.4436           1161.6094           1165.8987           1170.2981           1175.1875           1180.4275    
       1186.3341           1193.2999           1201.2952           1210.7209           1222.1821           1236.5282           1254.9395           1278.2428           1306.1553           1339.4778    
       1379.2496           1424.9066          0.99999998E+31      0.99999998E+31      0.99999998E+31      0.99999998E+31      0.99999998E+31      0.99999998E+31      0.99999998E+31      0.99999998E+31
      0.99999998E+31      0.99999998E+31
      0.99999998E+31      0.99999998E+31      0.99999998E+31      0.99999998E+31      0.99999998E+31      0.99999998E+31      0.99999998E+31      0.99999998E+31      0.99999998E+31      0.99999998E+31
      0.99999998E+31      0.99999998E+31      0.99999998E+31      0.99999998E+31      0.99999998E+31      0.99999998E+31      0.99999998E+31      0.99999998E+31      0.99999998E+31      0.99999998E+31
      0.99999998E+31      0.99999998E+31      0.99999998E+31      0.99999998E+31      0.99999998E+31      0.99999998E+31      0.99999998E+31      0.99999998E+31      0.99999998E+31      0.99999998E+31
      0.99999998E+31      0.99999998E+31      0.99999998E+31      0.99999998E+31      0.99999998E+31       706.36200           704.53363           701.90540           698.23199           693.70807    
       688.47845           682.23468           676.01672           670.74152           666.25128           663.70404           664.80798          0.99999998E+31      0.99999998E+31      0.99999998E+31
      0.99999998E+31      0.99999998E+31      0.99999998E+31      0.99999998E+31      0.99999998E+31      0.99999998E+31      0.99999998E+31      0.99999998E+31      0.99999998E+31      0.99999998E+31
      0.99999998E+31      0.99999998E+31      0.99999998E+31      0.99999998E+31      0.99999998E+31      0.99999998E+31      0.99999998E+31      0.99999998E+31      0.99999998E+31      0.99999998E+31
      0.99999998E+31      0.99999998E+31      0.99999998E+31      0.99999998E+31      0.99999998E+31      0.99999998E+31      0.99999998E+31      0.99999998E+31      0.99999998E+31      0.99999998E+31
      0.99999998E+31      0.99999998E+31      0.99999998E+31      0.99999998E+31      0.99999998E+31      0.99999998E+31      0.99999998E+31      0.99999998E+31      0.99999998E+31      0.99999998E+31
      0.99999998E+31      0.99999998E+31      0.99999998E+31      0.99999998E+31      0.99999998E+31      0.99999998E+31      0.99999998E+31      0.99999998E+31      0.99999998E+31      0.99999998E+31
      0.99999998E+31      0.99999998E+31      0.99999998E+31      0.99999998E+31      0.99999998E+31      0.99999998E+31      0.99999998E+31      0.99999998E+31      0.99999998E+31      0.99999998E+31
       995.62469           997.71289           1002.8400           1007.4413           1010.3460           1013.1970           1016.2487           1019.8720           1024.0991           1028.8798    
       1033.6761           1038.1506           1042.3102           1046.2795           1050.0693           1053.7058           1057.2523           1060.7574           1064.2799           1067.8470    
       1071.4220           1074.7129           1077.5231           1079.9448           1082.8256           1085.5627           1088.3306           1090.4958           1092.2963           1094.0911    
       1096.0836           1097.5148           1098.7755           1099.9871           1101.0969           1102.0548           1102.8237           1103.5172           1104.0782           1104.5731    
       1105.0312           1105.2891           1105.5310           1105.7330           1105.8740           1105.9536           1105.9844           1105.9110           1105.7646           1105.6068    
       1105.5172           1105.4072           1105.1267           1104.5928           1103.8086           1102.8884           1101.9663           1101.0935           1100.3252           1099.7343    
       1099.4171           1099.4464           1099.8567           1100.6196           1101.6863           1102.9966           1104.5221           1106.2224           1108.1093           1110.1295    
       1112.2748           1114.5131           1116.9287           1119.5358           1122.3900           1125.4688           1128.6464           1131.9897           1135.7328           1139.6306    
       1143.6785           1147.7819           1151.8435           1155.9113           1159.9558           1163.9911           1168.0546           1172.2207           1176.5780           1181.1086    
       1186.2865           1192.2997           1199.3597           1207.6156           1217.8353           1230.6699           1247.2167           1268.5194           1294.5781           1325.0802    
       1360.6450           1399.9698           1435.1957          0.99999998E+31      0.99999998E+31      0.99999998E+31      0.99999998E+31      0.99999998E+31      0.99999998E+31      0.99999998E+31
      0.99999998E+31      0.99999998E+31
      0.99999998E+31      0.99999998E+31      0.99999998E+31      0.99999998E+31      0.99999998E+31      0.99999998E+31      0.99999998E+31      0.99999998E+31      0.99999998E+31      0.99999998E+31
      0.99999998E+31      0.99999998E+31      0.99999998E+31      0.99999998E+31      0.99999998E+31      0.99999998E+31      0.99999998E+31      0.99999998E+31      0.99999998E+31      0.99999998E+31
      0.99999998E+31      0.99999998E+31      0.99999998E+31      0.99999998E+31      0.99999998E+31      0.99999998E+31      0.99999998E+31      0.99999998E+31      0.99999998E+31      0.99999998E+31
      0.99999998E+31      0.99999998E+31      0.99999998E+31      0.99999998E+31      0.99999998E+31       705.52631           702.98981           699.93536           696.08167           691.13818    
       684.99432           676.86707           668.60571           660.36005           651.55365           648.16168           650.80853          0.99999998E+31      0.99999998E+31      0.99999998E+31
      0.99999998E+31      0.99999998E+31      0.99999998E+31      0.99999998E+31      0.99999998E+31      0.99999998E+31      0.99999998E+31      0.99999998E+31      0.99999998E+31      0.99999998E+31
      0.99999998E+31      0.99999998E+31      0.99999998E+31      0.99999998E+31      0.99999998E+31      0.99999998E+31      0.99999998E+31      0.99999998E+31      0.99999998E+31      0.99999998E+31
      0.99999998E+31      0.99999998E+31      0.99999998E+31      0.99999998E+31      0.99999998E+31      0.99999998E+31      0.99999998E+31      0.99999998E+31      0.99999998E+31      0.99999998E+31
      0.99999998E+31      0.99999998E+31      0.99999998E+31      0.99999998E+31      0.99999998E+31      0.99999998E+31      0.99999998E+31      0.99999998E+31      0.99999998E+31      0.99999998E+31
      0.99999998E+31      0.99999998E+31      0.99999998E+31      0.99999998E+31      0.99999998E+31      0.99999998E+31      0.99999998E+31      0.99999998E+31      0.99999998E+31      0.99999998E+31
      0.99999998E+31      0.99999998E+31      0.99999998E+31      0.99999998E+31      0.99999998E+31      0.99999998E+31      0.99999998E+31      0.99999998E+31      0.99999998E+31      0.99999998E+31
      0.99999998E+31      0.99999998E+31       1006.7541           1011.2604           1014.3685           1016.7936           1019.3645           1022.4816           1026.4485           1030.8752    
       1035.3875           1039.6818           1043.6896           1047.4181           1050.9211           1054.4265           1057.8927           1061.2505           1064.5554           1067.9153    
       1071.3392           1074.5612           1077.5232           1080.2185           1083.1342           1086.0573           1088.8108           1091.2135           1093.2832           1095.2750    
       1097.3319           1098.9470           1100.3829           1101.7214           1102.9452           1104.0660           1104.8267           1105.4399           1105.8864           1106.2061    
       1106.5110           1106.7612           1107.0760           1107.3904           1107.6279           1107.8661           1107.9885           1107.9659           1107.8478           1107.7698    
       1107.7983           1107.7928           1107.5248           1106.8729           1105.8885           1104.6132           1103.2617           1101.9473           1100.7795           1099.8193    
       1099.1803           1098.9709           1099.2444           1099.9617           1101.0802           1102.4889           1104.1705           1106.0436           1108.0663           1110.2230    
       1112.4904           1114.8265           1117.3324           1120.0679           1123.2097           1126.6240           1130.1580           1133.8381           1137.7670           1141.8281    
       1146.0448           1150.2609           1154.4077           1158.4525           1162.3953           1166.2458           1170.0673           1173.9425           1177.9382           1182.1201    
       1186.6392           1191.5856           1197.6034           1204.4907           1213.5707           1224.6313           1238.7944           1257.0253           1280.0490           1307.1661    
       1339.0664           1375.8022           1415.4813           1452.1639           1442.6292           1437.6698           1436.8678           1439.3271           1447.1426           1466.2372    
       1466.5974          0.99999998E+31
      0.99999998E+31      0.99999998E+31      0.99999998E+31      0.99999998E+31      0.99999998E+31      0.99999998E+31      0.99999998E+31      0.99999998E+31      0.99999998E+31      0.99999998E+31
      0.99999998E+31      0.99999998E+31      0.99999998E+31      0.99999998E+31      0.99999998E+31      0.99999998E+31      0.99999998E+31      0.99999998E+31      0.99999998E+31      0.99999998E+31
      0.99999998E+31      0.99999998E+31      0.99999998E+31      0.99999998E+31      0.99999998E+31      0.99999998E+31      0.99999998E+31      0.99999998E+31      0.99999998E+31      0.99999998E+31
      0.99999998E+31      0.99999998E+31      0.99999998E+31      0.99999998E+31      0.99999998E+31      0.99999998E+31       701.82306           698.54852           694.60089           689.26025    
       681.98163           671.46698           660.38068           645.53955           628.13361           620.12488           618.99493          0.99999998E+31      0.99999998E+31      0.99999998E+31
      0.99999998E+31      0.99999998E+31      0.99999998E+31      0.99999998E+31      0.99999998E+31      0.99999998E+31      0.99999998E+31      0.99999998E+31      0.99999998E+31      0.99999998E+31
      0.99999998E+31      0.99999998E+31      0.99999998E+31      0.99999998E+31      0.99999998E+31      0.99999998E+31      0.99999998E+31      0.99999998E+31      0.99999998E+31      0.99999998E+31
      0.99999998E+31      0.99999998E+31      0.99999998E+31      0.99999998E+31      0.99999998E+31      0.99999998E+31      0.99999998E+31      0.99999998E+31      0.99999998E+31      0.99999998E+31
      0.99999998E+31      0.99999998E+31      0.99999998E+31      0.99999998E+31      0.99999998E+31      0.99999998E+31      0.99999998E+31      0.99999998E+31      0.99999998E+31      0.99999998E+31
      0.99999998E+31      0.99999998E+31      0.99999998E+31      0.99999998E+31      0.99999998E+31      0.99999998E+31      0.99999998E+31      0.99999998E+31      0.99999998E+31      0.99999998E+31
      0.99999998E+31      0.99999998E+31      0.99999998E+31      0.99999998E+31      0.99999998E+31      0.99999998E+31      0.99999998E+31      0.99999998E+31      0.99999998E+31      0.99999998E+31
      0.99999998E+31      0.99999998E+31      0.99999998E+31       1016.4581           1018.1512           1020.0497           1022.3854           1025.3383           1029.0747           1033.2224    
       1037.4932           1041.5374           1045.2448           1048.6517           1051.9183           1055.1578           1058.4164           1061.6147           1064.7714           1067.9562    
       1071.2108           1074.4410           1077.4983           1080.3881           1083.3662           1086.3948           1089.3413           1091.9417           1094.2302           1096.4147    
       1098.5717           1100.4253           1102.0598           1103.5454           1104.9471           1106.3224           1107.0756           1107.6683           1107.9629           1108.1482    
       1108.4562           1108.7345           1109.2625           1109.6805           1110.0321           1110.3456           1110.6010           1110.6615           1110.5620           1110.5411    
       1110.8308           1111.0780           1110.8540           1109.8987           1108.5560           1106.7751           1104.7814           1102.8539           1101.1412           1099.7299    
       1098.6836           1098.1572           1098.2743           1098.9753           1100.1733           1101.7231           1103.6682           1105.8220           1107.9773           1110.2754    
       1112.6956           1115.0917           1117.6064           1120.3204           1123.9658           1127.8162           1131.7041           1135.6758           1139.8195           1144.0956    
       1148.4122           1152.7101           1156.9222           1160.9196           1164.7220           1168.3634           1171.9193           1175.4883           1179.1423           1182.9573    
       1187.0446           1191.4651           1196.3925           1202.4988           1209.8857           1218.9916           1230.6787           1245.6617           1264.5452           1287.1150    
       1314.1895           1348.3652           1392.8010           1437.6312           1440.7214           1433.4790           1433.5128           1437.6339           1569.0000           1556.0000    
       1465.9271          0.99999998E+31
      0.99999998E+31      0.99999998E+31      0.99999998E+31      0.99999998E+31      0.99999998E+31      0.99999998E+31      0.99999998E+31      0.99999998E+31      0.99999998E+31      0.99999998E+31
      0.99999998E+31      0.99999998E+31      0.99999998E+31      0.99999998E+31      0.99999998E+31      0.99999998E+31      0.99999998E+31      0.99999998E+31      0.99999998E+31      0.99999998E+31
      0.99999998E+31      0.99999998E+31      0.99999998E+31      0.99999998E+31      0.99999998E+31      0.99999998E+31      0.99999998E+31      0.99999998E+31      0.99999998E+31      0.99999998E+31
      0.99999998E+31      0.99999998E+31      0.99999998E+31      0.99999998E+31      0.99999998E+31      0.99999998E+31      0.99999998E+31       697.66266           694.33759           688.31122    
       679.34515           667.59253           654.17090           630.49316           588.23132           575.14124           571.95117          0.99999998E+31      0.99999998E+31      0.99999998E+31
      0.99999998E+31      0.99999998E+31      0.99999998E+31      0.99999998E+31      0.99999998E+31      0.99999998E+31      0.99999998E+31      0.99999998E+31      0.99999998E+31      0.99999998E+31
      0.99999998E+31      0.99999998E+31      0.99999998E+31      0.99999998E+31      0.99999998E+31      0.99999998E+31      0.99999998E+31      0.99999998E+31      0.99999998E+31      0.99999998E+31
      0.99999998E+31      0.99999998E+31      0.99999998E+31      0.99999998E+31      0.99999998E+31      0.99999998E+31      0.99999998E+31      0.99999998E+31      0.99999998E+31      0.99999998E+31
      0.99999998E+31      0.99999998E+31      0.99999998E+31      0.99999998E+31      0.99999998E+31      0.99999998E+31      0.99999998E+31      0.99999998E+31      0.99999998E+31      0.99999998E+31
      0.99999998E+31      0.99999998E+31      0.99999998E+31      0.99999998E+31      0.99999998E+31      0.99999998E+31      0.99999998E+31      0.99999998E+31      0.99999998E+31      0.99999998E+31
      0.99999998E+31      0.99999998E+31      0.99999998E+31      0.99999998E+31      0.99999998E+31      0.99999998E+31      0.99999998E+31      0.99999998E+31      0.99999998E+31      0.99999998E+31
      0.99999998E+31      0.99999998E+31      0.99999998E+31       1020.1281           1021.5374           1023.2139           1025.3783           1028.2771           1031.7880           1035.7207    
       1039.7509           1043.4552           1046.7836           1049.9226           1052.9285           1055.8536           1058.8688           1061.8801           1064.8708           1067.9215    
       1071.0751           1074.3003           1077.4254           1080.4180           1083.4830           1086.6328           1089.8060           1092.6963           1095.1771           1097.5834    
       1099.9957           1102.0374           1103.8372           1105.4895           1107.0339           1108.3691           1109.3710           1110.0544           1110.5889           1111.0043    
       1111.2864           1111.6219           1112.0948           1112.5446           1113.0752           1113.6753           1114.2628           1114.6245           1114.6808           1114.6409    
       1115.3088           1115.9432           1115.6595           1113.9955           1111.9241           1109.9292           1106.6639           1103.9520           1101.5562           1099.4778    
       1097.7288           1096.6333           1096.5739           1097.2500           1098.6372           1100.2955           1102.8627           1105.2987           1107.7811           1110.2916    
       1112.9612           1115.3672           1117.8481           1119.8110           1124.6993           1129.0511           1133.2632           1137.4929           1141.8468           1146.2863    
       1150.7189           1155.0917           1159.3572           1163.2698           1166.8975           1170.2997           1173.5800           1176.8364           1180.1626           1183.6327    
       1187.3309           1191.3279           1195.6638           1200.6040           1206.6866           1214.0166           1223.4324           1235.2965           1249.8833           1267.0693    
       1287.3967           1314.2139           1367.2230           1587.0000           1621.0000           1426.0625           1428.0238           1443.4689           1456.2952           1463.3412    
       1464.2922          0.99999998E+31
      0.99999998E+31      0.99999998E+31      0.99999998E+31      0.99999998E+31      0.99999998E+31      0.99999998E+31      0.99999998E+31      0.99999998E+31      0.99999998E+31      0.99999998E+31
      0.99999998E+31      0.99999998E+31      0.99999998E+31      0.99999998E+31      0.99999998E+31      0.99999998E+31      0.99999998E+31      0.99999998E+31      0.99999998E+31      0.99999998E+31
      0.99999998E+31      0.99999998E+31      0.99999998E+31      0.99999998E+31      0.99999998E+31      0.99999998E+31      0.99999998E+31      0.99999998E+31      0.99999998E+31      0.99999998E+31
      0.99999998E+31      0.99999998E+31      0.99999998E+31      0.99999998E+31      0.99999998E+31      0.99999998E+31      0.99999998E+31      0.99999998E+31      0.99999998E+31      0.99999998E+31
      0.99999998E+31      0.99999998E+31      0.99999998E+31      0.99999998E+31       501.62073           501.56226           501.44510          0.99999998E+31      0.99999998E+31      0.99999998E+31
      0.99999998E+31      0.99999998E+31      0.99999998E+31      0.99999998E+31      0.99999998E+31      0.99999998E+31      0.99999998E+31      0.99999998E+31      0.99999998E+31      0.99999998E+31
      0.99999998E+31      0.99999998E+31      0.99999998E+31      0.99999998E+31      0.99999998E+31      0.99999998E+31      0.99999998E+31      0.99999998E+31      0.99999998E+31      0.99999998E+31
      0.99999998E+31      0.99999998E+31      0.99999998E+31      0.99999998E+31      0.99999998E+31      0.99999998E+31      0.99999998E+31      0.99999998E+31      0.99999998E+31      0.99999998E+31
      0.99999998E+31      0.99999998E+31      0.99999998E+31      0.99999998E+31      0.99999998E+31      0.99999998E+31      0.99999998E+31      0.99999998E+31      0.99999998E+31      0.99999998E+31
      0.99999998E+31      0.99999998E+31      0.99999998E+31      0.99999998E+31      0.99999998E+31      0.99999998E+31      0.99999998E+31      0.99999998E+31      0.99999998E+31      0.99999998E+31
      0.99999998E+31      0.99999998E+31      0.99999998E+31      0.99999998E+31      0.99999998E+31      0.99999998E+31      0.99999998E+31      0.99999998E+31      0.99999998E+31      0.99999998E+31
      0.99999998E+31      0.99999998E+31      0.99999998E+31       1022.5951           1024.9119           1026.6132           1028.5226           1031.2198           1034.5278           1038.2595    
       1041.9401           1045.2577           1048.3171           1051.1531           1053.8322           1056.5162           1059.2832           1062.0844           1064.9069           1067.8801    
       1071.0001           1074.1755           1077.3191           1080.3038           1083.3961           1086.7102           1090.2153           1093.4358           1096.2097           1098.8351    
       1101.4702           1103.7108           1105.6604           1107.5304           1109.2653           1110.7739           1112.0508           1112.8148           1113.4734           1114.0795    
       1114.5641           1115.2645           1115.8367           1116.5292           1117.4385           1118.5601           1119.7913           1120.9543           1122.0056           1122.8005    
       1124.6040           1125.7362           1126.0939           1125.9125           1124.2893           1119.0173           1110.8333           1105.7002           1102.0337           1099.0417    
       1096.1981           1094.0774           1094.0129           1094.9524           1096.6061           1099.0747           1101.8499           1104.4121           1107.3542           1110.2704    
       1113.4033           1115.9235           1118.7468           1121.7990           1126.0917           1130.4924           1134.9003           1139.3287           1143.8474           1148.4116    
       1152.9464           1157.3938           1161.6322           1165.4257           1168.8463           1171.9963           1175.0011           1177.9763           1181.0042           1184.1602    
       1187.5142           1191.1168           1195.0018           1199.1936           1203.9640           1209.8048           1217.2657           1226.3168           1236.9738           1249.1379    
       1262.5005           1278.7982           1325.5648           1574.0000           1623.0000           1413.8213           1422.3331           1698.0000           1755.0000           1462.6025    
       1463.1233          0.99999998E+31
      0.99999998E+31      0.99999998E+31      0.99999998E+31      0.99999998E+31      0.99999998E+31      0.99999998E+31      0.99999998E+31      0.99999998E+31      0.99999998E+31      0.99999998E+31
      0.99999998E+31      0.99999998E+31      0.99999998E+31      0.99999998E+31      0.99999998E+31      0.99999998E+31      0.99999998E+31      0.99999998E+31      0.99999998E+31      0.99999998E+31
      0.99999998E+31      0.99999998E+31      0.99999998E+31      0.99999998E+31      0.99999998E+31      0.99999998E+31      0.99999998E+31      0.99999998E+31      0.99999998E+31      0.99999998E+31
      0.99999998E+31      0.99999998E+31      0.99999998E+31      0.99999998E+31      0.99999998E+31      0.99999998E+31      0.99999998E+31      0.99999998E+31      0.99999998E+31      0.99999998E+31
      0.99999998E+31      0.99999998E+31      0.99999998E+31      0.99999998E+31      0.99999998E+31      0.99999998E+31      0.99999998E+31      0.99999998E+31      0.99999998E+31      0.99999998E+31
      0.99999998E+31      0.99999998E+31      0.99999998E+31      0.99999998E+31      0.99999998E+31      0.99999998E+31      0.99999998E+31      0.99999998E+31      0.99999998E+31      0.99999998E+31
      0.99999998E+31      0.99999998E+31      0.99999998E+31      0.99999998E+31      0.99999998E+31      0.99999998E+31      0.99999998E+31      0.99999998E+31      0.99999998E+31      0.99999998E+31
      0.99999998E+31      0.99999998E+31      0.99999998E+31      0.99999998E+31      0.99999998E+31      0.99999998E+31      0.99999998E+31      0.99999998E+31      0.99999998E+31      0.99999998E+31
      0.99999998E+31      0.99999998E+31      0.99999998E+31      0.99999998E+31      0.99999998E+31      0.99999998E+31      0.99999998E+31      0.99999998E+31      0.99999998E+31      0.99999998E+31
      0.99999998E+31      0.99999998E+31      0.99999998E+31      0.99999998E+31      0.99999998E+31      0.99999998E+31      0.99999998E+31      0.99999998E+31      0.99999998E+31      0.99999998E+31
      0.99999998E+31      0.99999998E+31      0.99999998E+31      0.99999998E+31      0.99999998E+31      0.99999998E+31      0.99999998E+31      0.99999998E+31      0.99999998E+31      0.99999998E+31
      0.99999998E+31      0.99999998E+31      0.99999998E+31      0.99999998E+31       1028.9489           1030.0648           1031.7217           1034.1202           1037.1987           1040.6412    
       1043.9263           1046.9915           1049.7502           1052.2294           1054.6626           1057.1381           1059.6791           1062.2878           1064.9901           1067.8785    
       1070.8868           1074.0881           1077.2849           1080.4812           1083.8135           1087.2678           1090.6215           1094.2639           1097.3531           1100.2211    
       1103.1027           1105.5004           1107.6744           1109.7297           1111.6626           1113.4675           1115.3340           1115.8785           1116.7584           1117.5459    
       1118.3402           1119.4806           1120.3840           1121.9540           1123.5391           1125.2618           1126.9431           1128.9485           1131.6793           1134.2659    
       1135.2948           1135.1656           1134.3862           1133.0328           1128.2087           1124.6102           1121.0502           1110.3971           1103.3439           1098.3330    
       1093.8636           1089.2930           1090.3040           1091.8235           1093.4506           1097.2046           1100.3134           1102.9501           1106.3619           1109.6232    
       1113.5901           1116.7026           1119.9204           1122.8718           1127.4396           1131.9789           1136.5559           1141.1343           1145.7719           1150.4189    
       1155.0099           1159.5123           1163.5951           1167.2454           1170.4751           1173.3977           1176.1666           1178.8971           1181.6709           1184.5514    
       1187.6027           1190.8619           1194.3523           1198.0710           1201.9493           1206.4767           1212.1105           1218.8219           1226.2386           1234.3221    
       1243.0548           1251.4517           1260.0646           1345.2190           1375.9800           1396.1069           1447.0002           1490.0000           1461.2273           1461.2910    
       1461.9194          0.99999998E+31
      0.99999998E+31      0.99999998E+31      0.99999998E+31      0.99999998E+31      0.99999998E+31      0.99999998E+31      0.99999998E+31      0.99999998E+31      0.99999998E+31      0.99999998E+31
      0.99999998E+31      0.99999998E+31      0.99999998E+31      0.99999998E+31      0.99999998E+31      0.99999998E+31      0.99999998E+31      0.99999998E+31      0.99999998E+31      0.99999998E+31
      0.99999998E+31      0.99999998E+31      0.99999998E+31      0.99999998E+31      0.99999998E+31      0.99999998E+31      0.99999998E+31      0.99999998E+31      0.99999998E+31      0.99999998E+31
      0.99999998E+31      0.99999998E+31      0.99999998E+31      0.99999998E+31      0.99999998E+31      0.99999998E+31      0.99999998E+31      0.99999998E+31      0.99999998E+31      0.99999998E+31
      0.99999998E+31      0.99999998E+31      0.99999998E+31      0.99999998E+31      0.99999998E+31      0.99999998E+31      0.99999998E+31      0.99999998E+31      0.99999998E+31      0.99999998E+31
      0.99999998E+31      0.99999998E+31      0.99999998E+31      0.99999998E+31      0.99999998E+31      0.99999998E+31      0.99999998E+31      0.99999998E+31      0.99999998E+31      0.99999998E+31
      0.99999998E+31      0.99999998E+31      0.99999998E+31      0.99999998E+31      0.99999998E+31      0.99999998E+31      0.99999998E+31      0.99999998E+31      0.99999998E+31      0.99999998E+31
      0.99999998E+31      0.99999998E+31      0.99999998E+31      0.99999998E+31      0.99999998E+31      0.99999998E+31      0.99999998E+31      0.99999998E+31      0.99999998E+31      0.99999998E+31
      0.99999998E+31      0.99999998E+31      0.99999998E+31      0.99999998E+31      0.99999998E+31      0.99999998E+31      0.99999998E+31      0.99999998E+31      0.99999998E+31      0.99999998E+31
      0.99999998E+31      0.99999998E+31      0.99999998E+31      0.99999998E+31      0.99999998E+31      0.99999998E+31      0.99999998E+31      0.99999998E+31      0.99999998E+31      0.99999998E+31
      0.99999998E+31      0.99999998E+31      0.99999998E+31      0.99999998E+31      0.99999998E+31      0.99999998E+31      0.99999998E+31      0.99999998E+31      0.99999998E+31      0.99999998E+31
      0.99999998E+31      0.99999998E+31      0.99999998E+31      0.99999998E+31       1031.9558           1033.1229           1034.6239           1036.8054           1039.6722           1042.7488    
       1045.8013           1048.5818           1050.9720           1053.1760           1055.4272           1057.7249           1060.0818           1062.5426           1065.1403           1067.9802    
       1071.0438           1074.2117           1077.4078           1080.5511           1084.1981           1087.8452           1091.5385           1095.3761           1098.7480           1101.8276    
       1104.7826           1107.5179           1109.8585           1112.0913           1114.1876           1116.0952           1117.7814           1119.0138           1120.2905           1121.3857    
       1122.7623           1124.7150           1126.2416           1128.1586           1130.1813           1132.5028           1134.7426           1137.5115           1140.1412           1142.4221    
       1142.2714           1140.8578           1139.4275           1138.6472           1136.7949           1128.2435           1123.7496           1117.5470           1105.4355           1096.4576    
       1089.9648           1083.9755           1085.3141           1088.2725           1092.2961           1095.9814           1099.2491           1102.1890           1105.1884           1109.9467    
       1114.1323           1117.0065           1121.2550           1125.0938           1129.1998           1133.6710           1138.2550           1142.9540           1147.6572           1152.2888    
       1156.8342           1161.3475           1165.1672           1168.6782           1171.7216           1174.4784           1177.0743           1179.6138           1182.1758           1184.8253    
       1187.6215           1190.5936           1193.7517           1197.0884           1200.5382           1204.1357           1208.2804           1213.0317           1218.2498           1222.9185    
       1230.1134           1236.2712           1242.8516           1258.5039           1291.8109           1434.4923           1444.6582           1454.4266           1457.8270           1459.5416    
       1460.6138          0.99999998E+31
      0.99999998E+31      0.99999998E+31      0.99999998E+31      0.99999998E+31      0.99999998E+31      0.99999998E+31      0.99999998E+31      0.99999998E+31      0.99999998E+31      0.99999998E+31
      0.99999998E+31      0.99999998E+31      0.99999998E+31      0.99999998E+31      0.99999998E+31      0.99999998E+31      0.99999998E+31      0.99999998E+31      0.99999998E+31      0.99999998E+31
      0.99999998E+31      0.99999998E+31      0.99999998E+31      0.99999998E+31      0.99999998E+31      0.99999998E+31      0.99999998E+31      0.99999998E+31      0.99999998E+31      0.99999998E+31
      0.99999998E+31      0.99999998E+31      0.99999998E+31      0.99999998E+31      0.99999998E+31      0.99999998E+31      0.99999998E+31      0.99999998E+31      0.99999998E+31      0.99999998E+31
      0.99999998E+31      0.99999998E+31      0.99999998E+31      0.99999998E+31      0.99999998E+31      0.99999998E+31      0.99999998E+31      0.99999998E+31      0.99999998E+31      0.99999998E+31
      0.99999998E+31      0.99999998E+31      0.99999998E+31      0.99999998E+31      0.99999998E+31      0.99999998E+31      0.99999998E+31      0.99999998E+31      0.99999998E+31      0.99999998E+31
      0.99999998E+31      0.99999998E+31      0.99999998E+31      0.99999998E+31      0.99999998E+31      0.99999998E+31      0.99999998E+31      0.99999998E+31      0.99999998E+31      0.99999998E+31
      0.99999998E+31      0.99999998E+31      0.99999998E+31      0.99999998E+31      0.99999998E+31      0.99999998E+31      0.99999998E+31      0.99999998E+31      0.99999998E+31      0.99999998E+31
      0.99999998E+31      0.99999998E+31      0.99999998E+31      0.99999998E+31      0.99999998E+31      0.99999998E+31      0.99999998E+31      0.99999998E+31      0.99999998E+31      0.99999998E+31
      0.99999998E+31      0.99999998E+31      0.99999998E+31      0.99999998E+31      0.99999998E+31      0.99999998E+31      0.99999998E+31      0.99999998E+31      0.99999998E+31      0.99999998E+31
      0.99999998E+31      0.99999998E+31      0.99999998E+31      0.99999998E+31      0.99999998E+31      0.99999998E+31      0.99999998E+31      0.99999998E+31      0.99999998E+31      0.99999998E+31
      0.99999998E+31      0.99999998E+31      0.99999998E+31      0.99999998E+31       1033.7286           1035.9580           1037.3937           1039.2854           1041.8701           1044.6940    
       1047.5092           1049.9348           1052.0217           1054.0614           1056.1534           1058.2960           1060.4846           1062.8301           1065.3385           1068.1259    
       1071.1871           1074.3557           1077.5939           1080.9550           1084.5139           1088.5952           1092.4800           1096.9569           1100.6005           1103.8204    
       1106.7642           1109.6256           1112.2595           1114.6444           1116.9210           1118.9958           1120.7650           1122.3877           1124.0295           1125.5895    
       1127.7362           1130.2943           1132.2550           1134.1724           1136.2803           1138.3420           1140.8082           1143.5029           1145.8342           1147.0795    
       1146.4504           1144.9043           1143.5908           1142.0449           1139.6115           1134.9308           1129.1478           1119.0305           1106.7220           1096.0961    
       1088.2843           1084.4209           1083.9563           1087.9323           1091.8419           1095.5070           1098.8975           1102.3187           1106.1761           1110.9142    
       1115.7179           1119.0894           1122.8429           1126.6991           1130.5657           1134.8201           1139.9038           1144.8622           1149.5597           1154.0524    
       1158.3868           1162.5483           1166.3672           1169.9297           1172.7111           1175.3213           1177.7772           1180.1613           1182.5477           1185.0101    
       1187.6013           1190.3427           1193.2389           1196.2705           1199.4087           1202.5776           1205.8632           1209.4414           1213.4100           1217.7092    
       1222.8228           1227.9979           1234.0874           1243.9929           1266.6519           1633.0000           1641.0000           1603.0000           1457.6644           1458.6010    
       1459.5245          0.99999998E+31
      0.99999998E+31      0.99999998E+31      0.99999998E+31      0.99999998E+31      0.99999998E+31      0.99999998E+31      0.99999998E+31      0.99999998E+31      0.99999998E+31      0.99999998E+31
      0.99999998E+31      0.99999998E+31      0.99999998E+31      0.99999998E+31      0.99999998E+31      0.99999998E+31      0.99999998E+31      0.99999998E+31      0.99999998E+31      0.99999998E+31
      0.99999998E+31      0.99999998E+31      0.99999998E+31      0.99999998E+31      0.99999998E+31      0.99999998E+31      0.99999998E+31      0.99999998E+31      0.99999998E+31      0.99999998E+31
      0.99999998E+31      0.99999998E+31      0.99999998E+31      0.99999998E+31      0.99999998E+31      0.99999998E+31      0.99999998E+31      0.99999998E+31      0.99999998E+31      0.99999998E+31
      0.99999998E+31      0.99999998E+31      0.99999998E+31      0.99999998E+31      0.99999998E+31      0.99999998E+31      0.99999998E+31      0.99999998E+31      0.99999998E+31      0.99999998E+31
      0.99999998E+31      0.99999998E+31      0.99999998E+31      0.99999998E+31      0.99999998E+31      0.99999998E+31      0.99999998E+31      0.99999998E+31      0.99999998E+31      0.99999998E+31
      0.99999998E+31      0.99999998E+31      0.99999998E+31      0.99999998E+31      0.99999998E+31      0.99999998E+31      0.99999998E+31      0.99999998E+31      0.99999998E+31      0.99999998E+31
      0.99999998E+31      0.99999998E+31      0.99999998E+31      0.99999998E+31      0.99999998E+31      0.99999998E+31      0.99999998E+31      0.99999998E+31      0.99999998E+31      0.99999998E+31
      0.99999998E+31      0.99999998E+31      0.99999998E+31      0.99999998E+31      0.99999998E+31      0.99999998E+31      0.99999998E+31      0.99999998E+31      0.99999998E+31      0.99999998E+31
      0.99999998E+31      0.99999998E+31      0.99999998E+31      0.99999998E+31      0.99999998E+31      0.99999998E+31      0.99999998E+31      0.99999998E+31      0.99999998E+31      0.99999998E+31
      0.99999998E+31      0.99999998E+31      0.99999998E+31      0.99999998E+31      0.99999998E+31      0.99999998E+31      0.99999998E+31      0.99999998E+31      0.99999998E+31      0.99999998E+31
      0.99999998E+31      0.99999998E+31      0.99999998E+31      0.99999998E+31      0.99999998E+31       1039.2860           1040.0823           1041.6199           1043.8549           1046.4257    
       1048.9513           1051.1154           1053.0175           1054.8870           1056.7908           1058.7921           1060.8835           1063.1256           1065.5612           1068.2991    
       1071.3286           1074.4852           1077.7526           1081.2800           1085.0724           1089.2745           1093.5089           1098.3612           1102.6223           1106.0760    
       1109.1338           1111.9915           1114.6700           1117.4031           1119.7833           1121.9979           1124.1512           1126.0210           1127.8782           1130.3036    
       1133.4536           1137.1062           1138.6669           1140.2292           1142.2231           1144.4650           1147.0898           1149.7797           1151.4856           1152.4220    
       1151.9093           1150.5531           1149.0161           1147.2560           1144.1689           1138.6254           1135.9590          0.99999998E+31      0.99999998E+31       1092.3666    
       1088.0446           1082.2679           1083.4883          0.99999998E+31      0.99999998E+31      0.99999998E+31      0.99999998E+31      0.99999998E+31      0.99999998E+31      0.99999998E+31
       1117.6790           1119.8162           1123.6432           1127.6737           1131.4785           1136.9541           1142.6399           1146.9596           1151.5393           1155.7804    
       1159.8473           1163.7375           1167.3531           1170.6331           1173.4703           1175.9961           1178.3324           1180.5908           1182.8265           1185.1423    
       1187.5697           1190.1244           1192.8105           1195.6124           1198.5035           1201.4230           1204.3190           1207.2926           1210.5009           1214.1313    
       1218.3025           1222.8280           1228.2123           1236.7098           1265.0459           1632.0000           1431.8745           1454.7299           1456.1750           1457.6763    
       1458.6847          0.99999998E+31
      0.99999998E+31      0.99999998E+31      0.99999998E+31      0.99999998E+31      0.99999998E+31      0.99999998E+31      0.99999998E+31      0.99999998E+31      0.99999998E+31      0.99999998E+31
      0.99999998E+31      0.99999998E+31      0.99999998E+31      0.99999998E+31      0.99999998E+31      0.99999998E+31      0.99999998E+31      0.99999998E+31      0.99999998E+31      0.99999998E+31
      0.99999998E+31      0.99999998E+31      0.99999998E+31      0.99999998E+31      0.99999998E+31      0.99999998E+31      0.99999998E+31      0.99999998E+31      0.99999998E+31      0.99999998E+31
      0.99999998E+31      0.99999998E+31      0.99999998E+31      0.99999998E+31      0.99999998E+31      0.99999998E+31      0.99999998E+31      0.99999998E+31      0.99999998E+31      0.99999998E+31
      0.99999998E+31      0.99999998E+31      0.99999998E+31      0.99999998E+31      0.99999998E+31      0.99999998E+31      0.99999998E+31      0.99999998E+31      0.99999998E+31      0.99999998E+31
      0.99999998E+31      0.99999998E+31      0.99999998E+31      0.99999998E+31      0.99999998E+31      0.99999998E+31      0.99999998E+31      0.99999998E+31      0.99999998E+31      0.99999998E+31
      0.99999998E+31      0.99999998E+31      0.99999998E+31      0.99999998E+31      0.99999998E+31      0.99999998E+31      0.99999998E+31      0.99999998E+31      0.99999998E+31      0.99999998E+31
      0.99999998E+31      0.99999998E+31      0.99999998E+31      0.99999998E+31      0.99999998E+31      0.99999998E+31      0.99999998E+31      0.99999998E+31      0.99999998E+31      0.99999998E+31
      0.99999998E+31      0.99999998E+31      0.99999998E+31      0.99999998E+31      0.99999998E+31      0.99999998E+31      0.99999998E+31      0.99999998E+31      0.99999998E+31      0.99999998E+31
      0.99999998E+31      0.99999998E+31      0.99999998E+31      0.99999998E+31      0.99999998E+31      0.99999998E+31      0.99999998E+31      0.99999998E+31      0.99999998E+31      0.99999998E+31
      0.99999998E+31      0.99999998E+31      0.99999998E+31      0.99999998E+31      0.99999998E+31      0.99999998E+31      0.99999998E+31      0.99999998E+31      0.99999998E+31      0.99999998E+31
      0.99999998E+31      0.99999998E+31      0.99999998E+31      0.99999998E+31      0.99999998E+31       1042.2123           1042.6801           1043.8215           1045.6504           1048.0118    
       1050.2284           1052.1929           1053.9163           1055.6100           1057.3639           1059.2450           1061.2330           1063.3915           1065.7731           1068.4771    
       1071.4628           1074.5886           1077.9021           1081.5701           1085.6610           1090.4290           1095.0471           1100.1991           1104.9139           1108.4099    
       1111.8263           1114.4774           1117.2450           1119.9998           1122.5299           1124.9155           1127.2020           1129.4277           1131.8765           1134.6373    
       1138.3009           1142.1384           1146.0923           1149.0590           1151.6929           1154.3192           1156.9287           1159.7905           1160.7742           1162.0715    
       1160.2478           1158.1545           1155.9661           1154.1511           1151.6285          0.99999998E+31      0.99999998E+31      0.99999998E+31      0.99999998E+31      0.99999998E+31
      0.99999998E+31      0.99999998E+31      0.99999998E+31      0.99999998E+31      0.99999998E+31      0.99999998E+31      0.99999998E+31      0.99999998E+31      0.99999998E+31      0.99999998E+31
       1117.9102           1117.2946           1123.5626           1128.4138           1133.6497           1139.2147           1144.7604           1150.1278           1153.7244           1157.4935    
       1161.2711           1164.9282           1168.3398           1171.4644           1174.1910           1176.5969           1178.8153           1180.9419           1183.0626           1185.2494    
       1187.5402           1189.9465           1192.4680           1195.0938           1197.7946           1200.5302           1203.2552           1205.9275           1208.6855           1211.7611    
       1215.3817           1219.3368           1223.8907           1231.7789           1332.7406           1379.3811           1425.4213           1450.2185           1454.7150           1457.1809    
       1458.2368          0.99999998E+31
      0.99999998E+31      0.99999998E+31      0.99999998E+31      0.99999998E+31      0.99999998E+31      0.99999998E+31      0.99999998E+31      0.99999998E+31      0.99999998E+31      0.99999998E+31
      0.99999998E+31      0.99999998E+31      0.99999998E+31      0.99999998E+31      0.99999998E+31      0.99999998E+31      0.99999998E+31      0.99999998E+31      0.99999998E+31      0.99999998E+31
      0.99999998E+31      0.99999998E+31      0.99999998E+31      0.99999998E+31      0.99999998E+31      0.99999998E+31      0.99999998E+31      0.99999998E+31      0.99999998E+31      0.99999998E+31
      0.99999998E+31      0.99999998E+31      0.99999998E+31      0.99999998E+31      0.99999998E+31      0.99999998E+31      0.99999998E+31      0.99999998E+31      0.99999998E+31      0.99999998E+31
      0.99999998E+31      0.99999998E+31      0.99999998E+31      0.99999998E+31      0.99999998E+31      0.99999998E+31      0.99999998E+31      0.99999998E+31      0.99999998E+31      0.99999998E+31
      0.99999998E+31      0.99999998E+31      0.99999998E+31      0.99999998E+31      0.99999998E+31      0.99999998E+31      0.99999998E+31      0.99999998E+31      0.99999998E+31      0.99999998E+31
      0.99999998E+31      0.99999998E+31      0.99999998E+31      0.99999998E+31      0.99999998E+31      0.99999998E+31      0.99999998E+31      0.99999998E+31      0.99999998E+31      0.99999998E+31
      0.99999998E+31      0.99999998E+31      0.99999998E+31      0.99999998E+31      0.99999998E+31      0.99999998E+31      0.99999998E+31      0.99999998E+31      0.99999998E+31      0.99999998E+31
      0.99999998E+31      0.99999998E+31      0.99999998E+31      0.99999998E+31      0.99999998E+31      0.99999998E+31      0.99999998E+31      0.99999998E+31      0.99999998E+31      0.99999998E+31
      0.99999998E+31      0.99999998E+31      0.99999998E+31      0.99999998E+31      0.99999998E+31      0.99999998E+31      0.99999998E+31      0.99999998E+31      0.99999998E+31      0.99999998E+31
      0.99999998E+31      0.99999998E+31      0.99999998E+31      0.99999998E+31      0.99999998E+31      0.99999998E+31      0.99999998E+31      0.99999998E+31      0.99999998E+31      0.99999998E+31
      0.99999998E+31      0.99999998E+31      0.99999998E+31      0.99999998E+31      0.99999998E+31       1043.8104           1044.7307           1045.6705           1047.2439           1049.3444    
       1051.3296           1053.1029           1054.7034           1056.2325           1057.8524           1059.6064           1061.5142           1063.5847           1065.9480           1068.6689    
       1071.5767           1074.6826           1078.1064           1082.0808           1086.8912           1092.2493           1097.7885           1102.9143           1107.6404           1111.7119    
       1115.3339           1117.8544           1120.4126           1122.8552           1125.3713           1127.8599           1130.3145           1132.9800           1135.6799           1138.9524    
       1143.1473           1147.6469           1152.7205           1155.7021           1158.9333           1161.8054           1164.3423           1166.5496           1167.9348           1168.8079    
       1168.0004           1166.2754           1164.5259           1162.5929           1160.4386          0.99999998E+31      0.99999998E+31      0.99999998E+31      0.99999998E+31      0.99999998E+31
      0.99999998E+31      0.99999998E+31      0.99999998E+31      0.99999998E+31      0.99999998E+31      0.99999998E+31      0.99999998E+31      0.99999998E+31      0.99999998E+31      0.99999998E+31
      0.99999998E+31       1122.0934           1124.1543           1128.0649           1135.6300           1141.6207           1147.4966           1153.1639           1155.8384           1159.0530    
       1162.6256           1166.1403           1169.4028           1172.3557           1174.9160           1177.1680           1179.2567           1181.2734           1183.2919           1185.3495    
       1187.5220           1189.8134           1192.2109           1194.6993           1197.2520           1199.8508           1202.4580           1205.0492           1207.6136           1210.3253    
       1213.5627           1217.1725           1220.8408           1225.5396           1486.0294           1549.1644           1561.8267          0.99999998E+31      0.99999998E+31      0.99999998E+31
      0.99999998E+31      0.99999998E+31
      0.99999998E+31      0.99999998E+31      0.99999998E+31      0.99999998E+31      0.99999998E+31      0.99999998E+31      0.99999998E+31      0.99999998E+31      0.99999998E+31      0.99999998E+31
      0.99999998E+31      0.99999998E+31      0.99999998E+31      0.99999998E+31      0.99999998E+31      0.99999998E+31      0.99999998E+31      0.99999998E+31      0.99999998E+31      0.99999998E+31
      0.99999998E+31      0.99999998E+31      0.99999998E+31      0.99999998E+31      0.99999998E+31      0.99999998E+31      0.99999998E+31      0.99999998E+31      0.99999998E+31      0.99999998E+31
      0.99999998E+31      0.99999998E+31      0.99999998E+31      0.99999998E+31      0.99999998E+31      0.99999998E+31      0.99999998E+31      0.99999998E+31      0.99999998E+31      0.99999998E+31
      0.99999998E+31      0.99999998E+31      0.99999998E+31      0.99999998E+31      0.99999998E+31      0.99999998E+31      0.99999998E+31      0.99999998E+31      0.99999998E+31      0.99999998E+31
      0.99999998E+31      0.99999998E+31      0.99999998E+31      0.99999998E+31      0.99999998E+31      0.99999998E+31      0.99999998E+31      0.99999998E+31      0.99999998E+31      0.99999998E+31
      0.99999998E+31      0.99999998E+31      0.99999998E+31      0.99999998E+31      0.99999998E+31      0.99999998E+31      0.99999998E+31      0.99999998E+31      0.99999998E+31      0.99999998E+31
      0.99999998E+31      0.99999998E+31      0.99999998E+31      0.99999998E+31      0.99999998E+31      0.99999998E+31      0.99999998E+31      0.99999998E+31      0.99999998E+31      0.99999998E+31
      0.99999998E+31      0.99999998E+31      0.99999998E+31      0.99999998E+31      0.99999998E+31      0.99999998E+31      0.99999998E+31      0.99999998E+31      0.99999998E+31      0.99999998E+31
      0.99999998E+31      0.99999998E+31      0.99999998E+31      0.99999998E+31      0.99999998E+31      0.99999998E+31      0.99999998E+31      0.99999998E+31      0.99999998E+31      0.99999998E+31
      0.99999998E+31      0.99999998E+31      0.99999998E+31      0.99999998E+31      0.99999998E+31      0.99999998E+31      0.99999998E+31      0.99999998E+31      0.99999998E+31      0.99999998E+31
      0.99999998E+31      0.99999998E+31      0.99999998E+31      0.99999998E+31      0.99999998E+31       1044.9507           1046.6526           1047.4817           1048.7426           1050.5065    
       1052.2882           1053.8737           1055.3549           1056.7683           1058.2241           1059.8774           1061.7228           1063.7384           1066.0756           1068.7811    
       1071.6423           1074.8281           1078.6748           1083.5731           1089.1390           1094.8267           1100.3585           1105.5659           1110.1627           1114.3098    
       1118.2919           1120.6991           1123.2852           1125.8058           1128.2596           1130.8446           1133.4983           1136.4110           1139.5089           1143.0948    
       1147.4485           1152.1010           1156.2998           1160.4834           1164.4308           1167.7843           1170.6855           1172.9409           1174.4719           1175.1683    
       1174.8943           1174.0983           1173.0186           1172.9429          0.99999998E+31      0.99999998E+31      0.99999998E+31      0.99999998E+31      0.99999998E+31      0.99999998E+31
      0.99999998E+31      0.99999998E+31      0.99999998E+31      0.99999998E+31      0.99999998E+31      0.99999998E+31      0.99999998E+31      0.99999998E+31      0.99999998E+31      0.99999998E+31
      0.99999998E+31       1125.7458           1127.7598           1132.2413           1139.2563           1145.4569           1150.7749           1155.5701           1158.0594           1160.7767    
       1163.9406           1167.3762           1170.5452           1173.3159           1175.6620           1177.7092           1179.6953           1181.6161           1183.5123           1185.4436    
       1187.5116           1189.7335           1192.0416           1194.4230           1196.8656           1199.3501           1201.8577           1204.3901           1206.9569           1209.5864    
       1212.6648           1216.3320           1220.1365           1224.6019           1583.0000           1615.0000          0.99999998E+31      0.99999998E+31      0.99999998E+31      0.99999998E+31
      0.99999998E+31      0.99999998E+31
      0.99999998E+31      0.99999998E+31      0.99999998E+31      0.99999998E+31      0.99999998E+31      0.99999998E+31      0.99999998E+31      0.99999998E+31      0.99999998E+31      0.99999998E+31
      0.99999998E+31      0.99999998E+31      0.99999998E+31      0.99999998E+31      0.99999998E+31      0.99999998E+31      0.99999998E+31      0.99999998E+31      0.99999998E+31      0.99999998E+31
      0.99999998E+31      0.99999998E+31      0.99999998E+31      0.99999998E+31      0.99999998E+31      0.99999998E+31      0.99999998E+31      0.99999998E+31      0.99999998E+31      0.99999998E+31
      0.99999998E+31      0.99999998E+31      0.99999998E+31      0.99999998E+31      0.99999998E+31      0.99999998E+31      0.99999998E+31      0.99999998E+31      0.99999998E+31      0.99999998E+31
      0.99999998E+31      0.99999998E+31      0.99999998E+31      0.99999998E+31      0.99999998E+31      0.99999998E+31      0.99999998E+31      0.99999998E+31      0.99999998E+31      0.99999998E+31
      0.99999998E+31      0.99999998E+31      0.99999998E+31      0.99999998E+31      0.99999998E+31      0.99999998E+31      0.99999998E+31      0.99999998E+31      0.99999998E+31      0.99999998E+31
      0.99999998E+31      0.99999998E+31      0.99999998E+31      0.99999998E+31      0.99999998E+31      0.99999998E+31      0.99999998E+31      0.99999998E+31      0.99999998E+31      0.99999998E+31
      0.99999998E+31      0.99999998E+31      0.99999998E+31      0.99999998E+31      0.99999998E+31      0.99999998E+31      0.99999998E+31      0.99999998E+31      0.99999998E+31      0.99999998E+31
      0.99999998E+31      0.99999998E+31      0.99999998E+31      0.99999998E+31      0.99999998E+31      0.99999998E+31      0.99999998E+31      0.99999998E+31      0.99999998E+31      0.99999998E+31
      0.99999998E+31      0.99999998E+31      0.99999998E+31      0.99999998E+31      0.99999998E+31      0.99999998E+31      0.99999998E+31      0.99999998E+31      0.99999998E+31      0.99999998E+31
      0.99999998E+31      0.99999998E+31      0.99999998E+31      0.99999998E+31      0.99999998E+31      0.99999998E+31      0.99999998E+31      0.99999998E+31      0.99999998E+31      0.99999998E+31
      0.99999998E+31      0.99999998E+31      0.99999998E+31      0.99999998E+31      0.99999998E+31      0.99999998E+31       1048.9412           1049.3124           1050.2000           1051.6351    
       1053.1425           1054.5031           1055.8068           1057.0908           1058.4415           1060.0027           1061.8083           1063.7987           1066.0991           1068.7583    
       1071.6818           1075.2924           1080.0118           1085.7883           1091.5713           1097.0015           1102.4347           1108.0403           1112.2761           1116.7128    
       1120.3055           1123.2140           1125.9283           1128.5577           1131.0858           1133.8529           1136.7616           1139.9397           1143.1989           1147.0833    
       1151.1924           1155.0956           1160.0713           1165.1490           1169.8510           1173.7655           1176.8256           1179.2147           1180.8729           1181.7832    
       1182.1200           1181.9265           1182.1191           1182.1544          0.99999998E+31      0.99999998E+31      0.99999998E+31      0.99999998E+31      0.99999998E+31      0.99999998E+31
      0.99999998E+31      0.99999998E+31      0.99999998E+31      0.99999998E+31      0.99999998E+31      0.99999998E+31      0.99999998E+31      0.99999998E+31      0.99999998E+31      0.99999998E+31
      0.99999998E+31      0.99999998E+31      0.99999998E+31      0.99999998E+31       1147.1260           1152.2677           1155.1421           1158.2173           1159.6963           1160.5662    
       1165.6345           1168.9191           1171.8083           1174.3494           1176.4497           1178.1500           1180.1569           1181.9940           1183.7766           1185.5640    
       1187.4865           1189.6644           1191.9344           1194.2505           1196.6083           1198.9893           1201.4083           1203.8722           1206.4180           1209.1056    
       1212.2006           1216.2704           1221.0906           1226.3579           1572.2399          0.99999998E+31      0.99999998E+31      0.99999998E+31      0.99999998E+31      0.99999998E+31
      0.99999998E+31      0.99999998E+31
      0.99999998E+31      0.99999998E+31      0.99999998E+31      0.99999998E+31      0.99999998E+31      0.99999998E+31      0.99999998E+31      0.99999998E+31      0.99999998E+31      0.99999998E+31
      0.99999998E+31      0.99999998E+31      0.99999998E+31      0.99999998E+31      0.99999998E+31      0.99999998E+31      0.99999998E+31      0.99999998E+31      0.99999998E+31      0.99999998E+31
      0.99999998E+31      0.99999998E+31      0.99999998E+31      0.99999998E+31      0.99999998E+31      0.99999998E+31      0.99999998E+31      0.99999998E+31      0.99999998E+31      0.99999998E+31
      0.99999998E+31      0.99999998E+31      0.99999998E+31      0.99999998E+31      0.99999998E+31      0.99999998E+31      0.99999998E+31      0.99999998E+31      0.99999998E+31      0.99999998E+31
      0.99999998E+31      0.99999998E+31      0.99999998E+31      0.99999998E+31      0.99999998E+31      0.99999998E+31      0.99999998E+31      0.99999998E+31      0.99999998E+31      0.99999998E+31
      0.99999998E+31      0.99999998E+31      0.99999998E+31      0.99999998E+31      0.99999998E+31      0.99999998E+31      0.99999998E+31      0.99999998E+31      0.99999998E+31      0.99999998E+31
      0.99999998E+31      0.99999998E+31      0.99999998E+31      0.99999998E+31      0.99999998E+31      0.99999998E+31      0.99999998E+31      0.99999998E+31      0.99999998E+31      0.99999998E+31
      0.99999998E+31      0.99999998E+31      0.99999998E+31      0.99999998E+31      0.99999998E+31      0.99999998E+31      0.99999998E+31      0.99999998E+31      0.99999998E+31      0.99999998E+31
      0.99999998E+31      0.99999998E+31      0.99999998E+31      0.99999998E+31      0.99999998E+31      0.99999998E+31      0.99999998E+31      0.99999998E+31      0.99999998E+31      0.99999998E+31
      0.99999998E+31      0.99999998E+31      0.99999998E+31      0.99999998E+31      0.99999998E+31      0.99999998E+31      0.99999998E+31      0.99999998E+31      0.99999998E+31      0.99999998E+31
      0.99999998E+31      0.99999998E+31      0.99999998E+31      0.99999998E+31      0.99999998E+31      0.99999998E+31      0.99999998E+31      0.99999998E+31      0.99999998E+31      0.99999998E+31
      0.99999998E+31      0.99999998E+31      0.99999998E+31      0.99999998E+31      0.99999998E+31      0.99999998E+31       1050.0406           1050.7032           1051.4548           1052.5525    
       1053.6348           1054.7646           1055.9047           1057.0603           1058.3032           1059.8263           1061.6893           1063.7007           1065.9517           1068.5089    
       1071.6880           1076.3132           1081.8560           1087.7014           1093.5115           1098.8972           1104.3242           1109.6892           1114.1963           1118.2816    
       1121.8995           1124.9351           1127.8507           1130.7362           1133.6820           1136.7216           1139.9915           1143.4802           1147.0502           1150.4590    
       1153.3939           1157.7241           1164.8008           1170.7750           1175.4337           1179.1831           1182.3168           1184.9152           1186.8550           1187.9519    
       1189.2035           1189.5837           1190.6874           1191.3878          0.99999998E+31      0.99999998E+31      0.99999998E+31      0.99999998E+31      0.99999998E+31      0.99999998E+31
      0.99999998E+31      0.99999998E+31      0.99999998E+31      0.99999998E+31      0.99999998E+31      0.99999998E+31      0.99999998E+31      0.99999998E+31      0.99999998E+31      0.99999998E+31
      0.99999998E+31      0.99999998E+31      0.99999998E+31      0.99999998E+31      0.99999998E+31       1158.5104           1159.4476           1161.0995           1162.4735           1164.2456    
       1167.7976           1170.9843           1173.3724           1175.5166           1177.3781           1178.7521           1180.7655           1182.4844           1184.1033           1185.6993    
       1187.4641           1189.5590           1191.8765           1194.1832           1196.4729           1198.7587           1201.0724           1203.4362           1205.9037           1208.5787    
       1211.6730           1216.0662           1222.4053           1231.9470          0.99999998E+31      0.99999998E+31      0.99999998E+31      0.99999998E+31      0.99999998E+31      0.99999998E+31
      0.99999998E+31      0.99999998E+31
      0.99999998E+31      0.99999998E+31      0.99999998E+31      0.99999998E+31      0.99999998E+31      0.99999998E+31      0.99999998E+31      0.99999998E+31      0.99999998E+31      0.99999998E+31
      0.99999998E+31      0.99999998E+31      0.99999998E+31      0.99999998E+31      0.99999998E+31      0.99999998E+31      0.99999998E+31      0.99999998E+31      0.99999998E+31      0.99999998E+31
      0.99999998E+31      0.99999998E+31      0.99999998E+31      0.99999998E+31      0.99999998E+31      0.99999998E+31      0.99999998E+31      0.99999998E+31      0.99999998E+31      0.99999998E+31
      0.99999998E+31      0.99999998E+31      0.99999998E+31      0.99999998E+31      0.99999998E+31      0.99999998E+31      0.99999998E+31      0.99999998E+31      0.99999998E+31      0.99999998E+31
      0.99999998E+31      0.99999998E+31      0.99999998E+31      0.99999998E+31      0.99999998E+31      0.99999998E+31      0.99999998E+31      0.99999998E+31      0.99999998E+31      0.99999998E+31
      0.99999998E+31      0.99999998E+31      0.99999998E+31      0.99999998E+31      0.99999998E+31      0.99999998E+31      0.99999998E+31      0.99999998E+31      0.99999998E+31      0.99999998E+31
      0.99999998E+31      0.99999998E+31      0.99999998E+31      0.99999998E+31      0.99999998E+31      0.99999998E+31      0.99999998E+31      0.99999998E+31      0.99999998E+31      0.99999998E+31
      0.99999998E+31      0.99999998E+31      0.99999998E+31      0.99999998E+31      0.99999998E+31      0.99999998E+31      0.99999998E+31      0.99999998E+31      0.99999998E+31      0.99999998E+31
      0.99999998E+31      0.99999998E+31      0.99999998E+31      0.99999998E+31      0.99999998E+31      0.99999998E+31      0.99999998E+31      0.99999998E+31      0.99999998E+31      0.99999998E+31
      0.99999998E+31      0.99999998E+31      0.99999998E+31      0.99999998E+31      0.99999998E+31      0.99999998E+31      0.99999998E+31      0.99999998E+31      0.99999998E+31      0.99999998E+31
      0.99999998E+31      0.99999998E+31      0.99999998E+31      0.99999998E+31      0.99999998E+31      0.99999998E+31      0.99999998E+31      0.99999998E+31      0.99999998E+31      0.99999998E+31
      0.99999998E+31      0.99999998E+31      0.99999998E+31      0.99999998E+31      0.99999998E+31      0.99999998E+31       1050.7748           1051.7625           1052.3751           1053.0914    
       1053.8054           1054.6929           1055.6564           1056.6798           1057.7745           1059.2692           1061.2291           1063.3187           1065.5265           1067.9385    
       1071.8284           1076.7708           1083.0734           1088.9823           1095.2650           1100.5162           1105.6864           1110.8762           1115.4446           1119.4933    
       1123.0812           1126.3450           1129.3986           1132.5991           1135.8385           1139.2861           1142.9308           1145.9586           1149.2035           1152.2544    
       1154.7649          0.99999998E+31       1175.5692           1178.2207           1181.3008           1184.3546           1187.5444           1190.5006           1192.8225           1194.6675    
       1196.2090           1197.8727           1199.8693           1200.8699          0.99999998E+31      0.99999998E+31      0.99999998E+31      0.99999998E+31      0.99999998E+31      0.99999998E+31
      0.99999998E+31      0.99999998E+31      0.99999998E+31      0.99999998E+31      0.99999998E+31      0.99999998E+31      0.99999998E+31      0.99999998E+31      0.99999998E+31      0.99999998E+31
      0.99999998E+31      0.99999998E+31      0.99999998E+31      0.99999998E+31      0.99999998E+31       1162.9080           1163.1034           1163.8208           1164.8660           1166.1610    
       1169.8878           1172.8492           1175.1449           1176.9485           1178.5619           1180.1169           1181.6818           1183.1648           1184.5640           1185.7896    
       1187.2050           1189.3433           1191.9476           1194.2480           1196.4661           1198.6525           1200.8323           1203.0481           1205.3558           1207.8486    
       1210.7046           1214.7650           1221.3694          0.99999998E+31      0.99999998E+31      0.99999998E+31      0.99999998E+31      0.99999998E+31      0.99999998E+31      0.99999998E+31
      0.99999998E+31      0.99999998E+31
      0.99999998E+31      0.99999998E+31      0.99999998E+31      0.99999998E+31      0.99999998E+31      0.99999998E+31      0.99999998E+31      0.99999998E+31      0.99999998E+31      0.99999998E+31
      0.99999998E+31      0.99999998E+31      0.99999998E+31      0.99999998E+31      0.99999998E+31      0.99999998E+31      0.99999998E+31      0.99999998E+31      0.99999998E+31      0.99999998E+31
      0.99999998E+31      0.99999998E+31      0.99999998E+31      0.99999998E+31      0.99999998E+31      0.99999998E+31      0.99999998E+31      0.99999998E+31      0.99999998E+31      0.99999998E+31
      0.99999998E+31      0.99999998E+31      0.99999998E+31      0.99999998E+31      0.99999998E+31      0.99999998E+31      0.99999998E+31      0.99999998E+31      0.99999998E+31      0.99999998E+31
      0.99999998E+31      0.99999998E+31      0.99999998E+31      0.99999998E+31      0.99999998E+31      0.99999998E+31      0.99999998E+31      0.99999998E+31      0.99999998E+31      0.99999998E+31
      0.99999998E+31      0.99999998E+31      0.99999998E+31      0.99999998E+31      0.99999998E+31      0.99999998E+31      0.99999998E+31      0.99999998E+31      0.99999998E+31      0.99999998E+31
      0.99999998E+31      0.99999998E+31      0.99999998E+31      0.99999998E+31      0.99999998E+31      0.99999998E+31      0.99999998E+31      0.99999998E+31      0.99999998E+31      0.99999998E+31
      0.99999998E+31      0.99999998E+31      0.99999998E+31      0.99999998E+31      0.99999998E+31      0.99999998E+31      0.99999998E+31      0.99999998E+31      0.99999998E+31      0.99999998E+31
      0.99999998E+31      0.99999998E+31      0.99999998E+31      0.99999998E+31      0.99999998E+31      0.99999998E+31      0.99999998E+31      0.99999998E+31      0.99999998E+31      0.99999998E+31
      0.99999998E+31      0.99999998E+31      0.99999998E+31      0.99999998E+31      0.99999998E+31      0.99999998E+31      0.99999998E+31      0.99999998E+31      0.99999998E+31      0.99999998E+31
      0.99999998E+31      0.99999998E+31      0.99999998E+31      0.99999998E+31      0.99999998E+31      0.99999998E+31      0.99999998E+31      0.99999998E+31      0.99999998E+31      0.99999998E+31
      0.99999998E+31      0.99999998E+31      0.99999998E+31      0.99999998E+31      0.99999998E+31      0.99999998E+31      0.99999998E+31       1052.5604           1052.9407           1053.2693    
       1053.6821           1054.3300           1055.1102           1055.9755           1056.9210           1058.3097           1060.2528           1062.3553           1064.5800           1067.0000    
       1071.8098           1075.7838          0.99999998E+31      0.99999998E+31       1097.5438           1101.4990           1106.4829           1111.6046           1116.2334           1120.1862    
       1123.8822           1127.3737           1130.7535           1134.1040           1137.5172           1141.2728           1145.7561           1148.9331           1152.5537           1156.6034    
       1160.1660          0.99999998E+31       1182.6659           1184.5857           1186.7889           1189.6545           1192.7963           1195.7844           1198.7128           1201.8210    
       1202.9032           1204.9231           1207.5493           1210.7609           1216.8833          0.99999998E+31      0.99999998E+31      0.99999998E+31      0.99999998E+31      0.99999998E+31
      0.99999998E+31      0.99999998E+31      0.99999998E+31      0.99999998E+31      0.99999998E+31      0.99999998E+31      0.99999998E+31      0.99999998E+31      0.99999998E+31      0.99999998E+31
      0.99999998E+31      0.99999998E+31      0.99999998E+31      0.99999998E+31      0.99999998E+31       1166.3094           1166.5680           1167.5753           1168.8740           1170.5682    
       1172.9458           1175.1866           1177.0659           1178.6638           1180.0449           1181.3267           1182.6896           1183.9955           1185.2587           1186.5709    
       1188.1165           1190.1874           1192.3911           1194.5374           1196.6246           1198.6653           1200.6882           1202.7111           1204.7787           1206.9391    
       1209.2321           1211.8759           1214.5070          0.99999998E+31      0.99999998E+31      0.99999998E+31      0.99999998E+31      0.99999998E+31      0.99999998E+31      0.99999998E+31
      0.99999998E+31      0.99999998E+31
      0.99999998E+31      0.99999998E+31      0.99999998E+31      0.99999998E+31      0.99999998E+31      0.99999998E+31      0.99999998E+31      0.99999998E+31      0.99999998E+31      0.99999998E+31
      0.99999998E+31      0.99999998E+31      0.99999998E+31      0.99999998E+31      0.99999998E+31      0.99999998E+31      0.99999998E+31      0.99999998E+31      0.99999998E+31      0.99999998E+31
      0.99999998E+31      0.99999998E+31      0.99999998E+31      0.99999998E+31      0.99999998E+31      0.99999998E+31      0.99999998E+31      0.99999998E+31      0.99999998E+31      0.99999998E+31
      0.99999998E+31      0.99999998E+31      0.99999998E+31      0.99999998E+31      0.99999998E+31      0.99999998E+31      0.99999998E+31      0.99999998E+31      0.99999998E+31      0.99999998E+31
      0.99999998E+31      0.99999998E+31      0.99999998E+31      0.99999998E+31      0.99999998E+31      0.99999998E+31      0.99999998E+31      0.99999998E+31      0.99999998E+31      0.99999998E+31
      0.99999998E+31      0.99999998E+31      0.99999998E+31      0.99999998E+31      0.99999998E+31      0.99999998E+31      0.99999998E+31      0.99999998E+31      0.99999998E+31      0.99999998E+31
      0.99999998E+31      0.99999998E+31      0.99999998E+31      0.99999998E+31      0.99999998E+31      0.99999998E+31      0.99999998E+31      0.99999998E+31      0.99999998E+31      0.99999998E+31
      0.99999998E+31      0.99999998E+31      0.99999998E+31      0.99999998E+31      0.99999998E+31      0.99999998E+31      0.99999998E+31      0.99999998E+31      0.99999998E+31      0.99999998E+31
      0.99999998E+31      0.99999998E+31      0.99999998E+31      0.99999998E+31      0.99999998E+31      0.99999998E+31      0.99999998E+31      0.99999998E+31      0.99999998E+31      0.99999998E+31
      0.99999998E+31      0.99999998E+31      0.99999998E+31      0.99999998E+31      0.99999998E+31      0.99999998E+31      0.99999998E+31      0.99999998E+31      0.99999998E+31      0.99999998E+31
      0.99999998E+31      0.99999998E+31      0.99999998E+31      0.99999998E+31      0.99999998E+31      0.99999998E+31      0.99999998E+31      0.99999998E+31      0.99999998E+31      0.99999998E+31
      0.99999998E+31      0.99999998E+31      0.99999998E+31      0.99999998E+31      0.99999998E+31      0.99999998E+31      0.99999998E+31      0.99999998E+31       1053.0802           1053.0088    
       1053.1481           1053.5704           1054.1383           1054.8042           1055.5703           1056.7382           1058.5039           1060.5608           1062.9297           1065.7191    
       1070.5961           1076.4865           1081.8585           1088.0145           1095.2325           1100.6685           1106.3890           1111.5699           1116.3605           1120.3300    
       1124.1750           1127.9484           1131.6251           1135.2944           1139.0123           1143.1655           1148.1573           1152.3267           1157.1472           1163.2008    
       1169.6321           1178.9911           1185.2086           1188.4509           1190.8698           1193.8123           1196.9055           1200.0684           1203.0793           1206.0403    
       1208.2267           1210.7771           1213.3932           1217.5656           1221.5889           1225.0627          0.99999998E+31      0.99999998E+31      0.99999998E+31      0.99999998E+31
      0.99999998E+31      0.99999998E+31      0.99999998E+31      0.99999998E+31      0.99999998E+31      0.99999998E+31      0.99999998E+31      0.99999998E+31      0.99999998E+31      0.99999998E+31
      0.99999998E+31      0.99999998E+31      0.99999998E+31      0.99999998E+31      0.99999998E+31       1169.1420           1169.5768           1170.9131           1172.4233           1173.8605    
       1175.7251           1177.4631           1179.0408           1180.5223           1181.7217           1182.7535           1183.7982           1184.9028           1186.0481           1187.2865    
       1189.0385           1191.0314           1193.0629           1195.0250           1196.9313           1198.8171           1200.6542           1202.4583           1204.2556           1206.0568    
       1207.8304           1209.5492           1210.8401          0.99999998E+31      0.99999998E+31      0.99999998E+31      0.99999998E+31      0.99999998E+31      0.99999998E+31      0.99999998E+31
      0.99999998E+31      0.99999998E+31
      0.99999998E+31      0.99999998E+31      0.99999998E+31      0.99999998E+31      0.99999998E+31      0.99999998E+31      0.99999998E+31      0.99999998E+31      0.99999998E+31      0.99999998E+31
      0.99999998E+31      0.99999998E+31      0.99999998E+31      0.99999998E+31      0.99999998E+31      0.99999998E+31      0.99999998E+31      0.99999998E+31      0.99999998E+31      0.99999998E+31
      0.99999998E+31      0.99999998E+31      0.99999998E+31      0.99999998E+31      0.99999998E+31      0.99999998E+31      0.99999998E+31      0.99999998E+31      0.99999998E+31      0.99999998E+31
      0.99999998E+31      0.99999998E+31      0.99999998E+31      0.99999998E+31      0.99999998E+31      0.99999998E+31      0.99999998E+31      0.99999998E+31      0.99999998E+31      0.99999998E+31
      0.99999998E+31      0.99999998E+31      0.99999998E+31      0.99999998E+31      0.99999998E+31      0.99999998E+31      0.99999998E+31      0.99999998E+31      0.99999998E+31      0.99999998E+31
      0.99999998E+31      0.99999998E+31      0.99999998E+31      0.99999998E+31      0.99999998E+31      0.99999998E+31      0.99999998E+31      0.99999998E+31      0.99999998E+31      0.99999998E+31
      0.99999998E+31      0.99999998E+31      0.99999998E+31      0.99999998E+31      0.99999998E+31      0.99999998E+31      0.99999998E+31      0.99999998E+31      0.99999998E+31      0.99999998E+31
      0.99999998E+31      0.99999998E+31      0.99999998E+31      0.99999998E+31      0.99999998E+31      0.99999998E+31      0.99999998E+31      0.99999998E+31      0.99999998E+31      0.99999998E+31
      0.99999998E+31      0.99999998E+31      0.99999998E+31      0.99999998E+31      0.99999998E+31      0.99999998E+31      0.99999998E+31      0.99999998E+31      0.99999998E+31      0.99999998E+31
      0.99999998E+31      0.99999998E+31      0.99999998E+31      0.99999998E+31      0.99999998E+31      0.99999998E+31      0.99999998E+31      0.99999998E+31      0.99999998E+31      0.99999998E+31
      0.99999998E+31      0.99999998E+31      0.99999998E+31      0.99999998E+31      0.99999998E+31      0.99999998E+31      0.99999998E+31      0.99999998E+31      0.99999998E+31      0.99999998E+31
      0.99999998E+31      0.99999998E+31      0.99999998E+31      0.99999998E+31      0.99999998E+31      0.99999998E+31      0.99999998E+31      0.99999998E+31       1052.4130           1052.1010    
       1052.1486           1052.3826           1052.7472           1053.1920           1053.7961           1054.6841           1056.0465           1057.9034           1060.2405           1063.3197    
       1067.8284           1074.1382           1080.2349           1086.7312           1093.1758           1099.0040           1104.6687           1110.0769           1115.3564           1119.7268    
       1123.9248           1128.1168           1132.1792           1136.3230           1140.5646           1145.2834           1151.2520           1156.1982           1162.1915           1168.6848    
       1175.1381           1182.1847           1187.9127           1191.0321           1194.0000           1197.3048           1200.3428           1203.4865           1206.6332           1210.0925    
       1212.4463           1215.0986           1218.1545           1222.2939           1225.6909           1227.5802          0.99999998E+31      0.99999998E+31      0.99999998E+31      0.99999998E+31
      0.99999998E+31      0.99999998E+31      0.99999998E+31      0.99999998E+31      0.99999998E+31      0.99999998E+31      0.99999998E+31      0.99999998E+31      0.99999998E+31      0.99999998E+31
      0.99999998E+31      0.99999998E+31      0.99999998E+31      0.99999998E+31      0.99999998E+31       1171.4281           1172.5916           1173.5063           1175.3138           1176.5232    
       1177.9821           1179.6084           1181.0376           1182.2781           1183.2566           1184.0842           1184.9525           1185.9000           1186.9481           1188.2761    
       1189.9996           1191.9340           1193.8176           1195.5697           1197.3969           1199.1123           1200.7463           1202.3221           1203.8519           1205.3386    
       1206.7377           1207.9585           1208.7362          0.99999998E+31      0.99999998E+31      0.99999998E+31      0.99999998E+31      0.99999998E+31      0.99999998E+31      0.99999998E+31
      0.99999998E+31      0.99999998E+31
      0.99999998E+31      0.99999998E+31      0.99999998E+31      0.99999998E+31      0.99999998E+31      0.99999998E+31      0.99999998E+31      0.99999998E+31      0.99999998E+31      0.99999998E+31
      0.99999998E+31      0.99999998E+31      0.99999998E+31      0.99999998E+31      0.99999998E+31      0.99999998E+31      0.99999998E+31      0.99999998E+31      0.99999998E+31      0.99999998E+31
      0.99999998E+31      0.99999998E+31      0.99999998E+31      0.99999998E+31      0.99999998E+31      0.99999998E+31      0.99999998E+31      0.99999998E+31      0.99999998E+31      0.99999998E+31
      0.99999998E+31      0.99999998E+31      0.99999998E+31      0.99999998E+31      0.99999998E+31      0.99999998E+31      0.99999998E+31      0.99999998E+31      0.99999998E+31      0.99999998E+31
      0.99999998E+31      0.99999998E+31      0.99999998E+31      0.99999998E+31      0.99999998E+31      0.99999998E+31      0.99999998E+31      0.99999998E+31      0.99999998E+31      0.99999998E+31
      0.99999998E+31      0.99999998E+31      0.99999998E+31      0.99999998E+31      0.99999998E+31      0.99999998E+31      0.99999998E+31      0.99999998E+31      0.99999998E+31      0.99999998E+31
      0.99999998E+31      0.99999998E+31      0.99999998E+31      0.99999998E+31      0.99999998E+31      0.99999998E+31      0.99999998E+31      0.99999998E+31      0.99999998E+31      0.99999998E+31
      0.99999998E+31      0.99999998E+31      0.99999998E+31      0.99999998E+31      0.99999998E+31      0.99999998E+31      0.99999998E+31      0.99999998E+31      0.99999998E+31      0.99999998E+31
      0.99999998E+31      0.99999998E+31      0.99999998E+31      0.99999998E+31      0.99999998E+31      0.99999998E+31      0.99999998E+31      0.99999998E+31      0.99999998E+31      0.99999998E+31
      0.99999998E+31      0.99999998E+31      0.99999998E+31      0.99999998E+31      0.99999998E+31      0.99999998E+31      0.99999998E+31      0.99999998E+31      0.99999998E+31      0.99999998E+31
      0.99999998E+31      0.99999998E+31      0.99999998E+31      0.99999998E+31      0.99999998E+31      0.99999998E+31      0.99999998E+31      0.99999998E+31      0.99999998E+31      0.99999998E+31
      0.99999998E+31      0.99999998E+31      0.99999998E+31      0.99999998E+31      0.99999998E+31      0.99999998E+31       1049.8894           1050.0232           1050.6293           1050.3219    
       1050.2964           1050.3630           1050.5754           1050.8950           1051.4049           1052.1730           1053.2681           1054.8862           1056.9940           1059.7905    
       1063.8618           1069.8536           1075.8654           1082.9012           1089.1696           1094.7911           1101.0009           1107.3359           1113.4617           1118.4579    
       1123.1667           1128.0432           1132.6095           1137.3525           1142.3363           1147.5812           1153.6521           1159.8406           1166.3774           1173.4805    
       1179.8466           1186.0925           1190.0577           1192.8118           1196.5544           1199.8257           1202.9628           1206.3785           1209.8411           1213.1301    
       1216.0742           1219.1459           1222.4082           1226.0042           1229.2737           1231.0195          0.99999998E+31      0.99999998E+31      0.99999998E+31      0.99999998E+31
      0.99999998E+31      0.99999998E+31      0.99999998E+31      0.99999998E+31      0.99999998E+31      0.99999998E+31      0.99999998E+31      0.99999998E+31      0.99999998E+31      0.99999998E+31
      0.99999998E+31      0.99999998E+31      0.99999998E+31      0.99999998E+31      0.99999998E+31      0.99999998E+31       1174.9054           1176.4176           1177.4143           1178.9397    
       1180.3589           1181.6144           1182.9037           1183.8999           1184.6652           1185.2589           1186.0833           1186.9141           1187.7935           1189.2157    
       1190.9147           1192.8970           1194.6699           1195.9194           1197.9395           1199.5527           1200.9868           1202.3213           1203.5935           1204.8191    
       1206.0026           1206.9739           1207.5425          0.99999998E+31      0.99999998E+31      0.99999998E+31      0.99999998E+31      0.99999998E+31      0.99999998E+31      0.99999998E+31
      0.99999998E+31      0.99999998E+31
      0.99999998E+31      0.99999998E+31      0.99999998E+31      0.99999998E+31      0.99999998E+31      0.99999998E+31      0.99999998E+31      0.99999998E+31      0.99999998E+31      0.99999998E+31
      0.99999998E+31      0.99999998E+31      0.99999998E+31      0.99999998E+31      0.99999998E+31      0.99999998E+31      0.99999998E+31      0.99999998E+31      0.99999998E+31      0.99999998E+31
      0.99999998E+31      0.99999998E+31      0.99999998E+31      0.99999998E+31      0.99999998E+31      0.99999998E+31      0.99999998E+31      0.99999998E+31      0.99999998E+31      0.99999998E+31
      0.99999998E+31      0.99999998E+31      0.99999998E+31      0.99999998E+31      0.99999998E+31      0.99999998E+31      0.99999998E+31      0.99999998E+31      0.99999998E+31      0.99999998E+31
      0.99999998E+31      0.99999998E+31      0.99999998E+31      0.99999998E+31      0.99999998E+31      0.99999998E+31      0.99999998E+31      0.99999998E+31      0.99999998E+31      0.99999998E+31
      0.99999998E+31      0.99999998E+31      0.99999998E+31      0.99999998E+31      0.99999998E+31      0.99999998E+31      0.99999998E+31      0.99999998E+31      0.99999998E+31      0.99999998E+31
      0.99999998E+31      0.99999998E+31      0.99999998E+31      0.99999998E+31      0.99999998E+31      0.99999998E+31      0.99999998E+31      0.99999998E+31      0.99999998E+31      0.99999998E+31
      0.99999998E+31      0.99999998E+31      0.99999998E+31      0.99999998E+31      0.99999998E+31      0.99999998E+31      0.99999998E+31      0.99999998E+31      0.99999998E+31      0.99999998E+31
      0.99999998E+31      0.99999998E+31      0.99999998E+31      0.99999998E+31      0.99999998E+31      0.99999998E+31      0.99999998E+31      0.99999998E+31      0.99999998E+31      0.99999998E+31
      0.99999998E+31      0.99999998E+31      0.99999998E+31      0.99999998E+31      0.99999998E+31      0.99999998E+31      0.99999998E+31      0.99999998E+31      0.99999998E+31      0.99999998E+31
      0.99999998E+31      0.99999998E+31      0.99999998E+31      0.99999998E+31      0.99999998E+31      0.99999998E+31      0.99999998E+31      0.99999998E+31      0.99999998E+31      0.99999998E+31
      0.99999998E+31      0.99999998E+31      0.99999998E+31      0.99999998E+31       1048.4728           1048.5416           1049.1072           1049.0164           1048.3716           1047.5618    
       1047.1434           1047.1292           1047.4316           1047.9019           1048.5432           1049.3907           1050.4980           1051.9915           1053.9036           1056.5082    
       1059.9871           1064.2474           1069.4440           1077.8967           1083.9166           1089.7872           1096.9039           1104.3745           1111.5139           1116.5415    
       1121.8959           1128.1467           1133.0028           1138.5585           1144.7964           1150.1509           1156.7444           1163.7557           1170.6306           1177.4084    
       1183.4224           1188.6206           1192.5159           1195.7635           1198.8247           1201.5364           1205.1130           1209.1768           1212.8967           1216.2496    
       1219.5048           1222.7821           1226.0432           1229.2052           1232.2891           1234.0277          0.99999998E+31      0.99999998E+31      0.99999998E+31      0.99999998E+31
      0.99999998E+31      0.99999998E+31      0.99999998E+31      0.99999998E+31      0.99999998E+31      0.99999998E+31      0.99999998E+31      0.99999998E+31      0.99999998E+31      0.99999998E+31
      0.99999998E+31      0.99999998E+31      0.99999998E+31      0.99999998E+31      0.99999998E+31      0.99999998E+31      0.99999998E+31       1178.0444           1179.3939           1181.4214    
       1182.7344           1183.8583           1184.7957           1185.5608           1186.2439           1186.8322           1187.4359           1188.1355           1189.0460           1190.3131    
       1191.9064           1194.0198           1196.0315           1197.5143           1198.9065           1200.2037           1201.3854           1202.4705           1203.4745           1204.4412    
       1205.6128           1206.4985           1206.9954          0.99999998E+31      0.99999998E+31      0.99999998E+31      0.99999998E+31      0.99999998E+31      0.99999998E+31      0.99999998E+31
      0.99999998E+31      0.99999998E+31
      0.99999998E+31      0.99999998E+31      0.99999998E+31      0.99999998E+31      0.99999998E+31      0.99999998E+31      0.99999998E+31      0.99999998E+31      0.99999998E+31      0.99999998E+31
      0.99999998E+31      0.99999998E+31      0.99999998E+31      0.99999998E+31      0.99999998E+31      0.99999998E+31      0.99999998E+31      0.99999998E+31      0.99999998E+31      0.99999998E+31
      0.99999998E+31      0.99999998E+31      0.99999998E+31      0.99999998E+31      0.99999998E+31      0.99999998E+31      0.99999998E+31      0.99999998E+31      0.99999998E+31      0.99999998E+31
      0.99999998E+31      0.99999998E+31      0.99999998E+31      0.99999998E+31      0.99999998E+31      0.99999998E+31      0.99999998E+31      0.99999998E+31      0.99999998E+31      0.99999998E+31
      0.99999998E+31      0.99999998E+31      0.99999998E+31      0.99999998E+31      0.99999998E+31      0.99999998E+31      0.99999998E+31      0.99999998E+31      0.99999998E+31      0.99999998E+31
      0.99999998E+31      0.99999998E+31      0.99999998E+31      0.99999998E+31      0.99999998E+31      0.99999998E+31      0.99999998E+31      0.99999998E+31      0.99999998E+31      0.99999998E+31
      0.99999998E+31      0.99999998E+31      0.99999998E+31      0.99999998E+31      0.99999998E+31      0.99999998E+31      0.99999998E+31      0.99999998E+31      0.99999998E+31      0.99999998E+31
      0.99999998E+31      0.99999998E+31      0.99999998E+31      0.99999998E+31      0.99999998E+31      0.99999998E+31      0.99999998E+31      0.99999998E+31      0.99999998E+31      0.99999998E+31
      0.99999998E+31      0.99999998E+31      0.99999998E+31      0.99999998E+31      0.99999998E+31      0.99999998E+31      0.99999998E+31      0.99999998E+31      0.99999998E+31      0.99999998E+31
      0.99999998E+31      0.99999998E+31      0.99999998E+31      0.99999998E+31      0.99999998E+31      0.99999998E+31      0.99999998E+31      0.99999998E+31      0.99999998E+31      0.99999998E+31
      0.99999998E+31      0.99999998E+31      0.99999998E+31      0.99999998E+31      0.99999998E+31      0.99999998E+31      0.99999998E+31      0.99999998E+31      0.99999998E+31      0.99999998E+31
      0.99999998E+31      0.99999998E+31      0.99999998E+31      0.99999998E+31       1048.2219           1048.0332           1047.5886           1046.7424           1044.9858           1043.6686    
       1043.2915           1043.5312           1044.1527           1045.0170           1045.8983           1046.8704           1048.0338           1049.4233           1051.1261           1053.4983    
       1056.6216           1060.3774           1065.5507           1071.5944           1077.9072           1084.3126           1091.9144           1101.3625           1106.7747           1113.2892    
       1119.5662           1126.1461           1132.9297           1140.1085           1146.0682           1152.9711           1159.7104           1167.7012           1174.1908           1180.3993    
       1185.7505           1190.4587           1194.6158           1198.1910           1200.7522           1202.8881           1207.2411           1211.8143           1215.6598           1219.1504    
       1222.5586           1225.8754           1229.0991           1232.1941           1234.8575           1237.3607           1240.7463           1242.8090          0.99999998E+31      0.99999998E+31
      0.99999998E+31      0.99999998E+31      0.99999998E+31      0.99999998E+31      0.99999998E+31      0.99999998E+31      0.99999998E+31      0.99999998E+31      0.99999998E+31      0.99999998E+31
      0.99999998E+31      0.99999998E+31      0.99999998E+31      0.99999998E+31      0.99999998E+31      0.99999998E+31      0.99999998E+31      0.99999998E+31      0.99999998E+31       1182.9507    
       1184.3523           1186.4783           1186.9347           1187.3966           1187.9865           1188.6566           1189.4526           1190.0970           1190.8723           1191.9857    
       1193.5557           1195.6793           1197.6604           1199.0292           1200.0590           1201.0361           1201.9604           1202.7811           1203.4570           1203.9430    
      0.99999998E+31      0.99999998E+31      0.99999998E+31      0.99999998E+31      0.99999998E+31      0.99999998E+31      0.99999998E+31      0.99999998E+31      0.99999998E+31      0.99999998E+31
      0.99999998E+31      0.99999998E+31
      0.99999998E+31      0.99999998E+31      0.99999998E+31      0.99999998E+31      0.99999998E+31      0.99999998E+31      0.99999998E+31      0.99999998E+31      0.99999998E+31      0.99999998E+31
      0.99999998E+31      0.99999998E+31      0.99999998E+31      0.99999998E+31      0.99999998E+31      0.99999998E+31      0.99999998E+31      0.99999998E+31      0.99999998E+31      0.99999998E+31
      0.99999998E+31      0.99999998E+31      0.99999998E+31      0.99999998E+31      0.99999998E+31      0.99999998E+31      0.99999998E+31      0.99999998E+31      0.99999998E+31      0.99999998E+31
      0.99999998E+31      0.99999998E+31      0.99999998E+31      0.99999998E+31      0.99999998E+31      0.99999998E+31      0.99999998E+31      0.99999998E+31      0.99999998E+31      0.99999998E+31
      0.99999998E+31      0.99999998E+31      0.99999998E+31      0.99999998E+31      0.99999998E+31      0.99999998E+31      0.99999998E+31      0.99999998E+31      0.99999998E+31      0.99999998E+31
      0.99999998E+31      0.99999998E+31      0.99999998E+31      0.99999998E+31      0.99999998E+31      0.99999998E+31      0.99999998E+31      0.99999998E+31      0.99999998E+31      0.99999998E+31
      0.99999998E+31      0.99999998E+31      0.99999998E+31      0.99999998E+31      0.99999998E+31      0.99999998E+31      0.99999998E+31      0.99999998E+31      0.99999998E+31      0.99999998E+31
      0.99999998E+31      0.99999998E+31      0.99999998E+31      0.99999998E+31      0.99999998E+31      0.99999998E+31      0.99999998E+31      0.99999998E+31      0.99999998E+31      0.99999998E+31
      0.99999998E+31      0.99999998E+31      0.99999998E+31      0.99999998E+31      0.99999998E+31      0.99999998E+31      0.99999998E+31      0.99999998E+31      0.99999998E+31      0.99999998E+31
      0.99999998E+31      0.99999998E+31      0.99999998E+31      0.99999998E+31      0.99999998E+31      0.99999998E+31      0.99999998E+31      0.99999998E+31      0.99999998E+31      0.99999998E+31
      0.99999998E+31      0.99999998E+31      0.99999998E+31      0.99999998E+31      0.99999998E+31      0.99999998E+31      0.99999998E+31      0.99999998E+31      0.99999998E+31      0.99999998E+31
      0.99999998E+31      0.99999998E+31      0.99999998E+31      0.99999998E+31       1047.9960           1047.6093           1046.6160           1044.5569           1039.4131           1038.0094    
       1038.5414           1039.5605           1040.9056           1042.2489           1043.5131           1044.7401           1045.9972           1047.3337           1048.8285           1050.6493    
       1053.2874           1057.0494           1061.9418           1067.7034           1073.6852           1079.8668           1086.5720           1094.0575           1101.0262           1108.6066    
       1116.0573           1123.7294           1132.8784           1140.6006           1147.6285           1154.5664           1161.8103           1169.5562           1176.4832           1182.6901    
       1188.0199           1192.7411           1196.8600           1200.2137           1203.3113           1206.2401           1210.0925           1214.5695           1218.4318           1222.0205    
       1225.4178           1228.6432           1231.7756           1235.0349           1237.1171           1239.3105           1241.8199           1243.6555          0.99999998E+31      0.99999998E+31
      0.99999998E+31      0.99999998E+31      0.99999998E+31      0.99999998E+31      0.99999998E+31      0.99999998E+31      0.99999998E+31      0.99999998E+31      0.99999998E+31      0.99999998E+31
      0.99999998E+31      0.99999998E+31      0.99999998E+31      0.99999998E+31      0.99999998E+31      0.99999998E+31      0.99999998E+31      0.99999998E+31      0.99999998E+31      0.99999998E+31
      0.99999998E+31       1190.3268           1190.9381           1190.0486           1190.3751           1190.8888           1191.0681           1191.7870           1193.3423           1194.9697    
       1196.7317           1198.4890           1199.7535           1200.7489           1201.4690           1202.1289           1202.7660           1203.3174           1203.6843          0.99999998E+31
      0.99999998E+31      0.99999998E+31      0.99999998E+31      0.99999998E+31      0.99999998E+31      0.99999998E+31      0.99999998E+31      0.99999998E+31      0.99999998E+31      0.99999998E+31
      0.99999998E+31      0.99999998E+31
      0.99999998E+31      0.99999998E+31      0.99999998E+31      0.99999998E+31      0.99999998E+31      0.99999998E+31      0.99999998E+31      0.99999998E+31      0.99999998E+31      0.99999998E+31
      0.99999998E+31      0.99999998E+31      0.99999998E+31      0.99999998E+31      0.99999998E+31      0.99999998E+31      0.99999998E+31      0.99999998E+31      0.99999998E+31      0.99999998E+31
      0.99999998E+31      0.99999998E+31      0.99999998E+31      0.99999998E+31      0.99999998E+31      0.99999998E+31      0.99999998E+31      0.99999998E+31      0.99999998E+31      0.99999998E+31
      0.99999998E+31      0.99999998E+31      0.99999998E+31      0.99999998E+31      0.99999998E+31      0.99999998E+31      0.99999998E+31      0.99999998E+31      0.99999998E+31      0.99999998E+31
      0.99999998E+31      0.99999998E+31      0.99999998E+31      0.99999998E+31      0.99999998E+31      0.99999998E+31      0.99999998E+31      0.99999998E+31      0.99999998E+31      0.99999998E+31
      0.99999998E+31      0.99999998E+31      0.99999998E+31      0.99999998E+31      0.99999998E+31      0.99999998E+31      0.99999998E+31      0.99999998E+31      0.99999998E+31      0.99999998E+31
      0.99999998E+31      0.99999998E+31      0.99999998E+31      0.99999998E+31      0.99999998E+31      0.99999998E+31      0.99999998E+31      0.99999998E+31      0.99999998E+31      0.99999998E+31
      0.99999998E+31      0.99999998E+31      0.99999998E+31      0.99999998E+31      0.99999998E+31      0.99999998E+31      0.99999998E+31      0.99999998E+31      0.99999998E+31      0.99999998E+31
      0.99999998E+31      0.99999998E+31      0.99999998E+31      0.99999998E+31      0.99999998E+31      0.99999998E+31      0.99999998E+31      0.99999998E+31      0.99999998E+31      0.99999998E+31
      0.99999998E+31      0.99999998E+31      0.99999998E+31      0.99999998E+31      0.99999998E+31      0.99999998E+31      0.99999998E+31      0.99999998E+31      0.99999998E+31      0.99999998E+31
      0.99999998E+31      0.99999998E+31      0.99999998E+31      0.99999998E+31      0.99999998E+31      0.99999998E+31      0.99999998E+31      0.99999998E+31      0.99999998E+31      0.99999998E+31
      0.99999998E+31      0.99999998E+31      0.99999998E+31      0.99999998E+31      0.99999998E+31      0.99999998E+31      0.99999998E+31      0.99999998E+31      0.99999998E+31      0.99999998E+31
      0.99999998E+31      0.99999998E+31      0.99999998E+31      0.99999998E+31      0.99999998E+31      0.99999998E+31      0.99999998E+31      0.99999998E+31      0.99999998E+31      0.99999998E+31
      0.99999998E+31      0.99999998E+31      0.99999998E+31      0.99999998E+31      0.99999998E+31      0.99999998E+31      0.99999998E+31      0.99999998E+31      0.99999998E+31      0.99999998E+31
      0.99999998E+31       1125.9701           1135.9760           1143.5134           1149.9275           1156.0736           1163.2303           1170.7950           1178.4916           1185.5981    
       1191.4967           1196.1155           1199.7235           1202.5378           1206.6112           1209.7635           1212.9812           1217.6693           1221.5275           1225.0480    
       1228.2240           1231.1913           1233.9916           1236.5931           1238.7463           1240.6343           1243.1869           1245.5088           1248.2122           1249.9286    
       1251.1487           1251.7640          0.99999998E+31      0.99999998E+31      0.99999998E+31      0.99999998E+31      0.99999998E+31      0.99999998E+31      0.99999998E+31      0.99999998E+31
      0.99999998E+31      0.99999998E+31      0.99999998E+31      0.99999998E+31      0.99999998E+31      0.99999998E+31      0.99999998E+31      0.99999998E+31      0.99999998E+31      0.99999998E+31
      0.99999998E+31       1193.0186           1193.1541           1191.5686           1191.2104           1191.4749           1192.0653           1193.2988           1195.4838           1197.7253    
       1199.7917           1201.6069           1202.5686           1202.9519           1203.3020           1203.5988           1203.8895           1204.1852           1204.3816          0.99999998E+31
      0.99999998E+31      0.99999998E+31      0.99999998E+31      0.99999998E+31      0.99999998E+31      0.99999998E+31      0.99999998E+31      0.99999998E+31      0.99999998E+31      0.99999998E+31
      0.99999998E+31      0.99999998E+31
      0.99999998E+31      0.99999998E+31      0.99999998E+31      0.99999998E+31      0.99999998E+31      0.99999998E+31      0.99999998E+31      0.99999998E+31      0.99999998E+31      0.99999998E+31
      0.99999998E+31      0.99999998E+31      0.99999998E+31      0.99999998E+31      0.99999998E+31      0.99999998E+31      0.99999998E+31      0.99999998E+31      0.99999998E+31      0.99999998E+31
      0.99999998E+31      0.99999998E+31      0.99999998E+31      0.99999998E+31      0.99999998E+31      0.99999998E+31      0.99999998E+31      0.99999998E+31      0.99999998E+31      0.99999998E+31
      0.99999998E+31      0.99999998E+31      0.99999998E+31      0.99999998E+31      0.99999998E+31      0.99999998E+31      0.99999998E+31      0.99999998E+31      0.99999998E+31      0.99999998E+31
      0.99999998E+31      0.99999998E+31      0.99999998E+31      0.99999998E+31      0.99999998E+31      0.99999998E+31      0.99999998E+31      0.99999998E+31      0.99999998E+31      0.99999998E+31
      0.99999998E+31      0.99999998E+31      0.99999998E+31      0.99999998E+31      0.99999998E+31      0.99999998E+31      0.99999998E+31      0.99999998E+31      0.99999998E+31      0.99999998E+31
      0.99999998E+31      0.99999998E+31      0.99999998E+31      0.99999998E+31      0.99999998E+31      0.99999998E+31      0.99999998E+31      0.99999998E+31      0.99999998E+31      0.99999998E+31
      0.99999998E+31      0.99999998E+31      0.99999998E+31      0.99999998E+31      0.99999998E+31      0.99999998E+31      0.99999998E+31      0.99999998E+31      0.99999998E+31      0.99999998E+31
      0.99999998E+31      0.99999998E+31      0.99999998E+31      0.99999998E+31      0.99999998E+31      0.99999998E+31      0.99999998E+31      0.99999998E+31      0.99999998E+31      0.99999998E+31
      0.99999998E+31      0.99999998E+31      0.99999998E+31      0.99999998E+31      0.99999998E+31      0.99999998E+31      0.99999998E+31      0.99999998E+31      0.99999998E+31      0.99999998E+31
      0.99999998E+31      0.99999998E+31      0.99999998E+31      0.99999998E+31      0.99999998E+31      0.99999998E+31      0.99999998E+31      0.99999998E+31      0.99999998E+31      0.99999998E+31
      0.99999998E+31      0.99999998E+31      0.99999998E+31      0.99999998E+31      0.99999998E+31      0.99999998E+31      0.99999998E+31      0.99999998E+31      0.99999998E+31      0.99999998E+31
      0.99999998E+31      0.99999998E+31      0.99999998E+31      0.99999998E+31      0.99999998E+31      0.99999998E+31      0.99999998E+31      0.99999998E+31      0.99999998E+31      0.99999998E+31
      0.99999998E+31      0.99999998E+31      0.99999998E+31      0.99999998E+31      0.99999998E+31      0.99999998E+31      0.99999998E+31      0.99999998E+31      0.99999998E+31      0.99999998E+31
      0.99999998E+31       1126.6364           1135.7460           1143.7314           1150.2590           1156.9463           1164.1455           1172.0022           1180.6504           1189.2371    
       1196.2991           1201.3889           1204.9248           1207.8829           1211.7642           1215.1954           1218.5000           1222.1525           1225.4999           1228.4891    
       1231.1671           1233.7068           1236.1077           1238.3115           1240.3732           1242.2950           1244.3176           1246.3837           1248.4203           1250.0404    
       1251.2819           1252.1400           1253.1509           1253.8997           1254.6208           1255.2701           1255.6508          0.99999998E+31      0.99999998E+31      0.99999998E+31
      0.99999998E+31      0.99999998E+31      0.99999998E+31      0.99999998E+31      0.99999998E+31      0.99999998E+31      0.99999998E+31      0.99999998E+31      0.99999998E+31      0.99999998E+31
      0.99999998E+31      0.99999998E+31       1193.1370           1191.7953           1191.3390           1191.5697           1192.3602           1193.7856           1198.7762           1201.7394    
       1203.8934           1205.6278           1206.2772           1206.3196           1205.8190           1205.6093           1205.4612           1205.4324           1205.4515          0.99999998E+31
      0.99999998E+31      0.99999998E+31      0.99999998E+31      0.99999998E+31      0.99999998E+31      0.99999998E+31      0.99999998E+31      0.99999998E+31      0.99999998E+31      0.99999998E+31
      0.99999998E+31      0.99999998E+31
      0.99999998E+31      0.99999998E+31      0.99999998E+31      0.99999998E+31      0.99999998E+31      0.99999998E+31      0.99999998E+31      0.99999998E+31      0.99999998E+31      0.99999998E+31
      0.99999998E+31      0.99999998E+31      0.99999998E+31      0.99999998E+31      0.99999998E+31      0.99999998E+31      0.99999998E+31      0.99999998E+31      0.99999998E+31      0.99999998E+31
      0.99999998E+31      0.99999998E+31      0.99999998E+31      0.99999998E+31      0.99999998E+31      0.99999998E+31      0.99999998E+31      0.99999998E+31      0.99999998E+31      0.99999998E+31
      0.99999998E+31      0.99999998E+31      0.99999998E+31      0.99999998E+31      0.99999998E+31      0.99999998E+31      0.99999998E+31      0.99999998E+31      0.99999998E+31      0.99999998E+31
      0.99999998E+31      0.99999998E+31      0.99999998E+31      0.99999998E+31      0.99999998E+31      0.99999998E+31      0.99999998E+31      0.99999998E+31      0.99999998E+31      0.99999998E+31
      0.99999998E+31      0.99999998E+31      0.99999998E+31      0.99999998E+31      0.99999998E+31      0.99999998E+31      0.99999998E+31      0.99999998E+31      0.99999998E+31      0.99999998E+31
      0.99999998E+31      0.99999998E+31      0.99999998E+31      0.99999998E+31      0.99999998E+31      0.99999998E+31      0.99999998E+31      0.99999998E+31      0.99999998E+31      0.99999998E+31
      0.99999998E+31      0.99999998E+31      0.99999998E+31      0.99999998E+31      0.99999998E+31      0.99999998E+31      0.99999998E+31      0.99999998E+31      0.99999998E+31      0.99999998E+31
      0.99999998E+31      0.99999998E+31      0.99999998E+31      0.99999998E+31      0.99999998E+31      0.99999998E+31      0.99999998E+31      0.99999998E+31      0.99999998E+31      0.99999998E+31
      0.99999998E+31      0.99999998E+31      0.99999998E+31      0.99999998E+31      0.99999998E+31      0.99999998E+31      0.99999998E+31      0.99999998E+31      0.99999998E+31      0.99999998E+31
      0.99999998E+31      0.99999998E+31      0.99999998E+31      0.99999998E+31      0.99999998E+31      0.99999998E+31      0.99999998E+31      0.99999998E+31      0.99999998E+31      0.99999998E+31
      0.99999998E+31      0.99999998E+31      0.99999998E+31      0.99999998E+31      0.99999998E+31      0.99999998E+31      0.99999998E+31      0.99999998E+31      0.99999998E+31      0.99999998E+31
      0.99999998E+31      0.99999998E+31      0.99999998E+31      0.99999998E+31      0.99999998E+31      0.99999998E+31      0.99999998E+31      0.99999998E+31      0.99999998E+31      0.99999998E+31
      0.99999998E+31      0.99999998E+31      0.99999998E+31      0.99999998E+31      0.99999998E+31      0.99999998E+31      0.99999998E+31      0.99999998E+31      0.99999998E+31      0.99999998E+31
      0.99999998E+31       1127.3551           1135.8224           1143.2855           1150.2996           1157.5846           1164.8485           1172.9187           1182.5068           1194.7891    
       1203.1268           1208.2932           1211.2571           1214.0072           1217.7681           1221.0552           1224.1689           1227.2775           1230.0472           1232.5164    
       1234.6404           1236.5167           1238.2821           1240.0588           1241.9150           1243.5222           1245.1025           1246.9222           1248.6146           1250.0797    
       1251.4119           1252.0540           1252.8817           1253.7742           1254.6262           1255.4233           1255.9941          0.99999998E+31      0.99999998E+31      0.99999998E+31
      0.99999998E+31      0.99999998E+31      0.99999998E+31      0.99999998E+31      0.99999998E+31      0.99999998E+31      0.99999998E+31      0.99999998E+31      0.99999998E+31      0.99999998E+31
      0.99999998E+31      0.99999998E+31       1191.8510           1191.3771           1191.2100           1191.5114           1192.6559           1197.6005           1207.9285           1209.4359    
       1210.3352           1211.1672           1211.3455           1211.0321           1210.2771           1208.6237           1207.6812           1207.1378           1206.8915          0.99999998E+31
      0.99999998E+31      0.99999998E+31      0.99999998E+31      0.99999998E+31      0.99999998E+31      0.99999998E+31      0.99999998E+31      0.99999998E+31      0.99999998E+31      0.99999998E+31
      0.99999998E+31      0.99999998E+31
      0.99999998E+31      0.99999998E+31      0.99999998E+31      0.99999998E+31      0.99999998E+31      0.99999998E+31      0.99999998E+31      0.99999998E+31      0.99999998E+31      0.99999998E+31
      0.99999998E+31      0.99999998E+31      0.99999998E+31      0.99999998E+31      0.99999998E+31      0.99999998E+31      0.99999998E+31      0.99999998E+31      0.99999998E+31      0.99999998E+31
      0.99999998E+31      0.99999998E+31      0.99999998E+31      0.99999998E+31      0.99999998E+31      0.99999998E+31      0.99999998E+31      0.99999998E+31      0.99999998E+31      0.99999998E+31
      0.99999998E+31      0.99999998E+31      0.99999998E+31      0.99999998E+31      0.99999998E+31      0.99999998E+31      0.99999998E+31      0.99999998E+31      0.99999998E+31      0.99999998E+31
      0.99999998E+31      0.99999998E+31      0.99999998E+31      0.99999998E+31      0.99999998E+31      0.99999998E+31      0.99999998E+31      0.99999998E+31      0.99999998E+31      0.99999998E+31
      0.99999998E+31      0.99999998E+31      0.99999998E+31      0.99999998E+31      0.99999998E+31      0.99999998E+31      0.99999998E+31      0.99999998E+31      0.99999998E+31      0.99999998E+31
      0.99999998E+31      0.99999998E+31      0.99999998E+31      0.99999998E+31      0.99999998E+31      0.99999998E+31      0.99999998E+31      0.99999998E+31      0.99999998E+31      0.99999998E+31
      0.99999998E+31      0.99999998E+31      0.99999998E+31      0.99999998E+31      0.99999998E+31      0.99999998E+31      0.99999998E+31      0.99999998E+31      0.99999998E+31      0.99999998E+31
      0.99999998E+31      0.99999998E+31      0.99999998E+31      0.99999998E+31      0.99999998E+31      0.99999998E+31      0.99999998E+31      0.99999998E+31      0.99999998E+31      0.99999998E+31
      0.99999998E+31      0.99999998E+31      0.99999998E+31      0.99999998E+31      0.99999998E+31      0.99999998E+31      0.99999998E+31      0.99999998E+31      0.99999998E+31      0.99999998E+31
      0.99999998E+31      0.99999998E+31      0.99999998E+31      0.99999998E+31      0.99999998E+31      0.99999998E+31      0.99999998E+31      0.99999998E+31      0.99999998E+31      0.99999998E+31
      0.99999998E+31      0.99999998E+31      0.99999998E+31      0.99999998E+31      0.99999998E+31      0.99999998E+31      0.99999998E+31      0.99999998E+31      0.99999998E+31      0.99999998E+31
      0.99999998E+31      0.99999998E+31      0.99999998E+31      0.99999998E+31      0.99999998E+31      0.99999998E+31      0.99999998E+31      0.99999998E+31      0.99999998E+31      0.99999998E+31
      0.99999998E+31      0.99999998E+31      0.99999998E+31      0.99999998E+31      0.99999998E+31      0.99999998E+31      0.99999998E+31      0.99999998E+31      0.99999998E+31      0.99999998E+31
      0.99999998E+31      0.99999998E+31      0.99999998E+31      0.99999998E+31      0.99999998E+31      0.99999998E+31      0.99999998E+31      0.99999998E+31      0.99999998E+31       1206.4952    
       1210.1633           1213.9763           1217.2452           1220.1483           1223.5245           1226.1271           1229.0735           1232.0374           1234.6099           1236.7024    
       1238.3203           1239.5092           1240.6030           1241.9514           1243.3206           1244.5458           1245.3021           1247.2194           1248.6444           1249.8372    
       1250.8138           1251.5596           1252.4637           1253.5310           1254.6365           1255.7644           1256.6688          0.99999998E+31      0.99999998E+31      0.99999998E+31
      0.99999998E+31      0.99999998E+31      0.99999998E+31      0.99999998E+31      0.99999998E+31      0.99999998E+31      0.99999998E+31      0.99999998E+31      0.99999998E+31      0.99999998E+31
      0.99999998E+31      0.99999998E+31      0.99999998E+31      0.99999998E+31      0.99999998E+31      0.99999998E+31      0.99999998E+31      0.99999998E+31      0.99999998E+31      0.99999998E+31
      0.99999998E+31      0.99999998E+31      0.99999998E+31      0.99999998E+31      0.99999998E+31      0.99999998E+31      0.99999998E+31      0.99999998E+31      0.99999998E+31      0.99999998E+31
      0.99999998E+31      0.99999998E+31      0.99999998E+31      0.99999998E+31      0.99999998E+31      0.99999998E+31      0.99999998E+31      0.99999998E+31      0.99999998E+31      0.99999998E+31
      0.99999998E+31      0.99999998E+31
      0.99999998E+31      0.99999998E+31      0.99999998E+31      0.99999998E+31      0.99999998E+31      0.99999998E+31      0.99999998E+31      0.99999998E+31      0.99999998E+31      0.99999998E+31
      0.99999998E+31      0.99999998E+31      0.99999998E+31      0.99999998E+31      0.99999998E+31      0.99999998E+31      0.99999998E+31      0.99999998E+31      0.99999998E+31      0.99999998E+31
      0.99999998E+31      0.99999998E+31      0.99999998E+31      0.99999998E+31      0.99999998E+31      0.99999998E+31      0.99999998E+31      0.99999998E+31      0.99999998E+31      0.99999998E+31
      0.99999998E+31      0.99999998E+31      0.99999998E+31      0.99999998E+31      0.99999998E+31      0.99999998E+31      0.99999998E+31      0.99999998E+31      0.99999998E+31      0.99999998E+31
      0.99999998E+31      0.99999998E+31      0.99999998E+31      0.99999998E+31      0.99999998E+31      0.99999998E+31      0.99999998E+31      0.99999998E+31      0.99999998E+31      0.99999998E+31
      0.99999998E+31      0.99999998E+31      0.99999998E+31      0.99999998E+31      0.99999998E+31      0.99999998E+31      0.99999998E+31      0.99999998E+31      0.99999998E+31      0.99999998E+31
      0.99999998E+31      0.99999998E+31      0.99999998E+31      0.99999998E+31      0.99999998E+31      0.99999998E+31      0.99999998E+31      0.99999998E+31      0.99999998E+31      0.99999998E+31
      0.99999998E+31      0.99999998E+31      0.99999998E+31      0.99999998E+31      0.99999998E+31      0.99999998E+31      0.99999998E+31      0.99999998E+31      0.99999998E+31      0.99999998E+31
      0.99999998E+31      0.99999998E+31      0.99999998E+31      0.99999998E+31      0.99999998E+31      0.99999998E+31      0.99999998E+31      0.99999998E+31      0.99999998E+31      0.99999998E+31
      0.99999998E+31      0.99999998E+31      0.99999998E+31      0.99999998E+31      0.99999998E+31      0.99999998E+31      0.99999998E+31      0.99999998E+31      0.99999998E+31      0.99999998E+31
      0.99999998E+31      0.99999998E+31      0.99999998E+31      0.99999998E+31      0.99999998E+31      0.99999998E+31      0.99999998E+31      0.99999998E+31      0.99999998E+31      0.99999998E+31
      0.99999998E+31      0.99999998E+31      0.99999998E+31      0.99999998E+31      0.99999998E+31      0.99999998E+31      0.99999998E+31      0.99999998E+31      0.99999998E+31      0.99999998E+31
      0.99999998E+31      0.99999998E+31      0.99999998E+31      0.99999998E+31      0.99999998E+31      0.99999998E+31      0.99999998E+31      0.99999998E+31      0.99999998E+31      0.99999998E+31
      0.99999998E+31      0.99999998E+31      0.99999998E+31      0.99999998E+31      0.99999998E+31      0.99999998E+31      0.99999998E+31      0.99999998E+31      0.99999998E+31      0.99999998E+31
      0.99999998E+31      0.99999998E+31      0.99999998E+31      0.99999998E+31      0.99999998E+31      0.99999998E+31      0.99999998E+31      0.99999998E+31      0.99999998E+31       1214.3656    
       1216.2565           1219.1205           1221.8113           1224.7549           1227.9056           1230.7812           1233.6459           1236.1893           1238.3535           1240.2202    
       1241.5845           1242.4177           1243.0770           1243.9705           1245.0000           1245.9430           1246.7279           1247.7480           1248.6594           1249.5504    
       1250.2444           1250.7798           1252.0288           1253.3463           1254.6870           1256.1533           1257.8882           1261.0381          0.99999998E+31      0.99999998E+31
      0.99999998E+31      0.99999998E+31      0.99999998E+31      0.99999998E+31      0.99999998E+31      0.99999998E+31      0.99999998E+31      0.99999998E+31      0.99999998E+31      0.99999998E+31
      0.99999998E+31      0.99999998E+31      0.99999998E+31      0.99999998E+31      0.99999998E+31      0.99999998E+31      0.99999998E+31      0.99999998E+31      0.99999998E+31      0.99999998E+31
      0.99999998E+31      0.99999998E+31      0.99999998E+31      0.99999998E+31      0.99999998E+31      0.99999998E+31      0.99999998E+31      0.99999998E+31      0.99999998E+31      0.99999998E+31
      0.99999998E+31      0.99999998E+31      0.99999998E+31      0.99999998E+31      0.99999998E+31      0.99999998E+31      0.99999998E+31      0.99999998E+31      0.99999998E+31      0.99999998E+31
      0.99999998E+31      0.99999998E+31
      0.99999998E+31      0.99999998E+31      0.99999998E+31      0.99999998E+31      0.99999998E+31      0.99999998E+31      0.99999998E+31      0.99999998E+31      0.99999998E+31      0.99999998E+31
      0.99999998E+31      0.99999998E+31      0.99999998E+31      0.99999998E+31      0.99999998E+31      0.99999998E+31      0.99999998E+31      0.99999998E+31      0.99999998E+31      0.99999998E+31
      0.99999998E+31      0.99999998E+31      0.99999998E+31      0.99999998E+31      0.99999998E+31      0.99999998E+31      0.99999998E+31      0.99999998E+31      0.99999998E+31      0.99999998E+31
      0.99999998E+31      0.99999998E+31      0.99999998E+31      0.99999998E+31      0.99999998E+31      0.99999998E+31      0.99999998E+31      0.99999998E+31      0.99999998E+31      0.99999998E+31
      0.99999998E+31      0.99999998E+31      0.99999998E+31      0.99999998E+31      0.99999998E+31      0.99999998E+31      0.99999998E+31      0.99999998E+31      0.99999998E+31      0.99999998E+31
      0.99999998E+31      0.99999998E+31      0.99999998E+31      0.99999998E+31      0.99999998E+31      0.99999998E+31      0.99999998E+31      0.99999998E+31      0.99999998E+31      0.99999998E+31
      0.99999998E+31      0.99999998E+31      0.99999998E+31      0.99999998E+31      0.99999998E+31      0.99999998E+31      0.99999998E+31      0.99999998E+31      0.99999998E+31      0.99999998E+31
      0.99999998E+31      0.99999998E+31      0.99999998E+31      0.99999998E+31      0.99999998E+31      0.99999998E+31      0.99999998E+31      0.99999998E+31      0.99999998E+31      0.99999998E+31
      0.99999998E+31      0.99999998E+31      0.99999998E+31      0.99999998E+31      0.99999998E+31      0.99999998E+31      0.99999998E+31      0.99999998E+31      0.99999998E+31      0.99999998E+31
      0.99999998E+31      0.99999998E+31      0.99999998E+31      0.99999998E+31      0.99999998E+31      0.99999998E+31      0.99999998E+31      0.99999998E+31      0.99999998E+31      0.99999998E+31
      0.99999998E+31      0.99999998E+31      0.99999998E+31      0.99999998E+31      0.99999998E+31      0.99999998E+31      0.99999998E+31      0.99999998E+31      0.99999998E+31      0.99999998E+31
      0.99999998E+31      0.99999998E+31      0.99999998E+31      0.99999998E+31      0.99999998E+31      0.99999998E+31      0.99999998E+31      0.99999998E+31      0.99999998E+31      0.99999998E+31
      0.99999998E+31      0.99999998E+31      0.99999998E+31      0.99999998E+31      0.99999998E+31      0.99999998E+31      0.99999998E+31      0.99999998E+31      0.99999998E+31      0.99999998E+31
      0.99999998E+31      0.99999998E+31      0.99999998E+31      0.99999998E+31      0.99999998E+31      0.99999998E+31      0.99999998E+31      0.99999998E+31      0.99999998E+31      0.99999998E+31
      0.99999998E+31      0.99999998E+31      0.99999998E+31      0.99999998E+31      0.99999998E+31      0.99999998E+31      0.99999998E+31      0.99999998E+31      0.99999998E+31       1219.1777    
       1220.6304           1222.6515           1224.9785           1227.7548           1231.1021           1234.3191           1237.3281           1239.4598           1241.6118           1243.4677    
       1244.7640           1245.3682           1245.7405           1246.3613           1246.9924           1247.4746           1247.8773           1248.3772           1248.9059           1249.4567    
       1249.9254           1250.4117           1251.5208           1253.1401           1254.8035           1256.4690           1258.2439           1260.6510          0.99999998E+31      0.99999998E+31
      0.99999998E+31      0.99999998E+31      0.99999998E+31      0.99999998E+31      0.99999998E+31      0.99999998E+31      0.99999998E+31      0.99999998E+31      0.99999998E+31      0.99999998E+31
      0.99999998E+31      0.99999998E+31      0.99999998E+31      0.99999998E+31      0.99999998E+31      0.99999998E+31      0.99999998E+31      0.99999998E+31      0.99999998E+31      0.99999998E+31
      0.99999998E+31      0.99999998E+31      0.99999998E+31      0.99999998E+31      0.99999998E+31      0.99999998E+31      0.99999998E+31      0.99999998E+31      0.99999998E+31      0.99999998E+31
      0.99999998E+31      0.99999998E+31      0.99999998E+31      0.99999998E+31      0.99999998E+31      0.99999998E+31      0.99999998E+31      0.99999998E+31      0.99999998E+31      0.99999998E+31
      0.99999998E+31      0.99999998E+31
      0.99999998E+31      0.99999998E+31      0.99999998E+31      0.99999998E+31      0.99999998E+31      0.99999998E+31      0.99999998E+31      0.99999998E+31      0.99999998E+31      0.99999998E+31
      0.99999998E+31      0.99999998E+31      0.99999998E+31      0.99999998E+31      0.99999998E+31      0.99999998E+31      0.99999998E+31      0.99999998E+31      0.99999998E+31      0.99999998E+31
      0.99999998E+31      0.99999998E+31      0.99999998E+31      0.99999998E+31      0.99999998E+31      0.99999998E+31      0.99999998E+31      0.99999998E+31      0.99999998E+31      0.99999998E+31
      0.99999998E+31      0.99999998E+31      0.99999998E+31      0.99999998E+31      0.99999998E+31      0.99999998E+31      0.99999998E+31      0.99999998E+31      0.99999998E+31      0.99999998E+31
      0.99999998E+31      0.99999998E+31      0.99999998E+31      0.99999998E+31      0.99999998E+31      0.99999998E+31      0.99999998E+31      0.99999998E+31      0.99999998E+31      0.99999998E+31
      0.99999998E+31      0.99999998E+31      0.99999998E+31      0.99999998E+31      0.99999998E+31      0.99999998E+31      0.99999998E+31      0.99999998E+31      0.99999998E+31      0.99999998E+31
      0.99999998E+31      0.99999998E+31      0.99999998E+31      0.99999998E+31      0.99999998E+31      0.99999998E+31      0.99999998E+31      0.99999998E+31      0.99999998E+31      0.99999998E+31
      0.99999998E+31      0.99999998E+31      0.99999998E+31      0.99999998E+31      0.99999998E+31      0.99999998E+31      0.99999998E+31      0.99999998E+31      0.99999998E+31      0.99999998E+31
      0.99999998E+31      0.99999998E+31      0.99999998E+31      0.99999998E+31      0.99999998E+31      0.99999998E+31      0.99999998E+31      0.99999998E+31      0.99999998E+31      0.99999998E+31
      0.99999998E+31      0.99999998E+31      0.99999998E+31      0.99999998E+31      0.99999998E+31      0.99999998E+31      0.99999998E+31      0.99999998E+31      0.99999998E+31      0.99999998E+31
      0.99999998E+31      0.99999998E+31      0.99999998E+31      0.99999998E+31      0.99999998E+31      0.99999998E+31      0.99999998E+31      0.99999998E+31      0.99999998E+31      0.99999998E+31
      0.99999998E+31      0.99999998E+31      0.99999998E+31      0.99999998E+31      0.99999998E+31      0.99999998E+31      0.99999998E+31      0.99999998E+31      0.99999998E+31      0.99999998E+31
      0.99999998E+31      0.99999998E+31      0.99999998E+31      0.99999998E+31      0.99999998E+31      0.99999998E+31      0.99999998E+31      0.99999998E+31      0.99999998E+31      0.99999998E+31
      0.99999998E+31      0.99999998E+31      0.99999998E+31      0.99999998E+31      0.99999998E+31      0.99999998E+31      0.99999998E+31      0.99999998E+31      0.99999998E+31      0.99999998E+31
      0.99999998E+31      0.99999998E+31      0.99999998E+31      0.99999998E+31      0.99999998E+31      0.99999998E+31      0.99999998E+31      0.99999998E+31      0.99999998E+31       1221.6481    
       1222.8077           1224.6335           1226.7144           1229.2554           1232.4113           1235.5699           1238.4171           1240.6250           1243.5018           1245.7250    
       1247.2054           1247.9464           1248.3448           1248.7972           1249.0013           1249.0831           1249.0905           1249.1208           1249.2484           1249.4736    
       1249.6268           1249.4315           1250.4728           1252.8899           1254.9565           1256.7706           1258.4379           1259.7925          0.99999998E+31      0.99999998E+31
      0.99999998E+31      0.99999998E+31      0.99999998E+31      0.99999998E+31      0.99999998E+31      0.99999998E+31      0.99999998E+31      0.99999998E+31      0.99999998E+31      0.99999998E+31
      0.99999998E+31      0.99999998E+31      0.99999998E+31      0.99999998E+31      0.99999998E+31      0.99999998E+31      0.99999998E+31      0.99999998E+31      0.99999998E+31      0.99999998E+31
      0.99999998E+31      0.99999998E+31      0.99999998E+31      0.99999998E+31      0.99999998E+31      0.99999998E+31      0.99999998E+31      0.99999998E+31      0.99999998E+31      0.99999998E+31
      0.99999998E+31      0.99999998E+31      0.99999998E+31      0.99999998E+31      0.99999998E+31      0.99999998E+31      0.99999998E+31      0.99999998E+31      0.99999998E+31      0.99999998E+31
      0.99999998E+31      0.99999998E+31
      0.99999998E+31      0.99999998E+31      0.99999998E+31      0.99999998E+31      0.99999998E+31      0.99999998E+31      0.99999998E+31      0.99999998E+31      0.99999998E+31      0.99999998E+31
      0.99999998E+31      0.99999998E+31      0.99999998E+31      0.99999998E+31      0.99999998E+31      0.99999998E+31      0.99999998E+31      0.99999998E+31      0.99999998E+31      0.99999998E+31
      0.99999998E+31      0.99999998E+31      0.99999998E+31      0.99999998E+31      0.99999998E+31      0.99999998E+31      0.99999998E+31      0.99999998E+31      0.99999998E+31      0.99999998E+31
      0.99999998E+31      0.99999998E+31      0.99999998E+31      0.99999998E+31      0.99999998E+31      0.99999998E+31      0.99999998E+31      0.99999998E+31      0.99999998E+31      0.99999998E+31
      0.99999998E+31      0.99999998E+31      0.99999998E+31      0.99999998E+31      0.99999998E+31      0.99999998E+31      0.99999998E+31      0.99999998E+31      0.99999998E+31      0.99999998E+31
      0.99999998E+31      0.99999998E+31      0.99999998E+31      0.99999998E+31      0.99999998E+31      0.99999998E+31      0.99999998E+31      0.99999998E+31      0.99999998E+31      0.99999998E+31
      0.99999998E+31      0.99999998E+31      0.99999998E+31      0.99999998E+31      0.99999998E+31      0.99999998E+31      0.99999998E+31      0.99999998E+31      0.99999998E+31      0.99999998E+31
      0.99999998E+31      0.99999998E+31      0.99999998E+31      0.99999998E+31      0.99999998E+31      0.99999998E+31      0.99999998E+31      0.99999998E+31      0.99999998E+31      0.99999998E+31
      0.99999998E+31      0.99999998E+31      0.99999998E+31      0.99999998E+31      0.99999998E+31      0.99999998E+31      0.99999998E+31      0.99999998E+31      0.99999998E+31      0.99999998E+31
      0.99999998E+31      0.99999998E+31      0.99999998E+31      0.99999998E+31      0.99999998E+31      0.99999998E+31      0.99999998E+31      0.99999998E+31      0.99999998E+31      0.99999998E+31
      0.99999998E+31      0.99999998E+31      0.99999998E+31      0.99999998E+31      0.99999998E+31      0.99999998E+31      0.99999998E+31      0.99999998E+31      0.99999998E+31      0.99999998E+31
      0.99999998E+31      0.99999998E+31      0.99999998E+31      0.99999998E+31      0.99999998E+31      0.99999998E+31      0.99999998E+31      0.99999998E+31      0.99999998E+31      0.99999998E+31
      0.99999998E+31      0.99999998E+31      0.99999998E+31      0.99999998E+31      0.99999998E+31      0.99999998E+31      0.99999998E+31      0.99999998E+31      0.99999998E+31      0.99999998E+31
      0.99999998E+31      0.99999998E+31      0.99999998E+31      0.99999998E+31      0.99999998E+31      0.99999998E+31      0.99999998E+31      0.99999998E+31      0.99999998E+31      0.99999998E+31
      0.99999998E+31      0.99999998E+31      0.99999998E+31      0.99999998E+31      0.99999998E+31      0.99999998E+31      0.99999998E+31      0.99999998E+31      0.99999998E+31       1222.6863    
       1223.6489           1225.3115           1227.3650           1229.7992           1232.8436           1235.9191           1238.8257           1241.4712           1244.1631           1246.3297    
       1247.9060           1248.8395           1249.3389           1249.7971           1250.0994           1250.2051           1250.0957           1249.8142           1249.5894           1249.6071    
       1249.7104           1249.9087           1249.7841           1252.9758           1255.3602           1257.2758           1259.0283           1260.7012          0.99999998E+31      0.99999998E+31
      0.99999998E+31      0.99999998E+31      0.99999998E+31      0.99999998E+31      0.99999998E+31      0.99999998E+31      0.99999998E+31      0.99999998E+31      0.99999998E+31      0.99999998E+31
      0.99999998E+31      0.99999998E+31      0.99999998E+31      0.99999998E+31      0.99999998E+31      0.99999998E+31      0.99999998E+31      0.99999998E+31      0.99999998E+31      0.99999998E+31
      0.99999998E+31      0.99999998E+31      0.99999998E+31      0.99999998E+31      0.99999998E+31      0.99999998E+31      0.99999998E+31      0.99999998E+31      0.99999998E+31      0.99999998E+31
      0.99999998E+31      0.99999998E+31      0.99999998E+31      0.99999998E+31      0.99999998E+31      0.99999998E+31      0.99999998E+31      0.99999998E+31      0.99999998E+31      0.99999998E+31
      0.99999998E+31      0.99999998E+31
      0.99999998E+31      0.99999998E+31      0.99999998E+31      0.99999998E+31      0.99999998E+31      0.99999998E+31      0.99999998E+31      0.99999998E+31      0.99999998E+31      0.99999998E+31
      0.99999998E+31      0.99999998E+31      0.99999998E+31      0.99999998E+31      0.99999998E+31      0.99999998E+31      0.99999998E+31      0.99999998E+31      0.99999998E+31      0.99999998E+31
      0.99999998E+31      0.99999998E+31      0.99999998E+31      0.99999998E+31      0.99999998E+31      0.99999998E+31      0.99999998E+31      0.99999998E+31      0.99999998E+31      0.99999998E+31
      0.99999998E+31      0.99999998E+31      0.99999998E+31      0.99999998E+31      0.99999998E+31      0.99999998E+31      0.99999998E+31      0.99999998E+31      0.99999998E+31      0.99999998E+31
      0.99999998E+31      0.99999998E+31      0.99999998E+31      0.99999998E+31      0.99999998E+31      0.99999998E+31      0.99999998E+31      0.99999998E+31      0.99999998E+31      0.99999998E+31
      0.99999998E+31      0.99999998E+31      0.99999998E+31      0.99999998E+31      0.99999998E+31      0.99999998E+31      0.99999998E+31      0.99999998E+31      0.99999998E+31      0.99999998E+31
      0.99999998E+31      0.99999998E+31      0.99999998E+31      0.99999998E+31      0.99999998E+31      0.99999998E+31      0.99999998E+31      0.99999998E+31      0.99999998E+31      0.99999998E+31
      0.99999998E+31      0.99999998E+31      0.99999998E+31      0.99999998E+31      0.99999998E+31      0.99999998E+31      0.99999998E+31      0.99999998E+31      0.99999998E+31      0.99999998E+31
      0.99999998E+31      0.99999998E+31      0.99999998E+31      0.99999998E+31      0.99999998E+31      0.99999998E+31      0.99999998E+31      0.99999998E+31      0.99999998E+31      0.99999998E+31
      0.99999998E+31      0.99999998E+31      0.99999998E+31      0.99999998E+31      0.99999998E+31      0.99999998E+31      0.99999998E+31      0.99999998E+31      0.99999998E+31      0.99999998E+31
      0.99999998E+31      0.99999998E+31      0.99999998E+31      0.99999998E+31      0.99999998E+31      0.99999998E+31      0.99999998E+31      0.99999998E+31      0.99999998E+31      0.99999998E+31
      0.99999998E+31      0.99999998E+31      0.99999998E+31      0.99999998E+31      0.99999998E+31      0.99999998E+31      0.99999998E+31      0.99999998E+31      0.99999998E+31      0.99999998E+31
      0.99999998E+31      0.99999998E+31      0.99999998E+31      0.99999998E+31      0.99999998E+31      0.99999998E+31      0.99999998E+31      0.99999998E+31      0.99999998E+31      0.99999998E+31
      0.99999998E+31      0.99999998E+31      0.99999998E+31      0.99999998E+31      0.99999998E+31      0.99999998E+31      0.99999998E+31      0.99999998E+31      0.99999998E+31      0.99999998E+31
      0.99999998E+31      0.99999998E+31      0.99999998E+31      0.99999998E+31      0.99999998E+31      0.99999998E+31      0.99999998E+31      0.99999998E+31      0.99999998E+31      0.99999998E+31
      0.99999998E+31      0.99999998E+31      0.99999998E+31      0.99999998E+31      0.99999998E+31      0.99999998E+31      0.99999998E+31      0.99999998E+31      0.99999998E+31      0.99999998E+31
      0.99999998E+31      0.99999998E+31      0.99999998E+31      0.99999998E+31      0.99999998E+31      0.99999998E+31      0.99999998E+31      0.99999998E+31      0.99999998E+31      0.99999998E+31
      0.99999998E+31       1251.0311           1252.0175           1254.0499           1256.2246           1258.1882           1259.8807           1260.9103          0.99999998E+31      0.99999998E+31
      0.99999998E+31      0.99999998E+31      0.99999998E+31      0.99999998E+31      0.99999998E+31      0.99999998E+31      0.99999998E+31      0.99999998E+31      0.99999998E+31      0.99999998E+31
      0.99999998E+31      0.99999998E+31      0.99999998E+31      0.99999998E+31      0.99999998E+31      0.99999998E+31      0.99999998E+31      0.99999998E+31      0.99999998E+31      0.99999998E+31
      0.99999998E+31      0.99999998E+31      0.99999998E+31      0.99999998E+31      0.99999998E+31      0.99999998E+31      0.99999998E+31      0.99999998E+31      0.99999998E+31      0.99999998E+31
      0.99999998E+31      0.99999998E+31      0.99999998E+31      0.99999998E+31      0.99999998E+31      0.99999998E+31      0.99999998E+31      0.99999998E+31      0.99999998E+31      0.99999998E+31
      0.99999998E+31      0.99999998E+31
      0.99999998E+31      0.99999998E+31      0.99999998E+31      0.99999998E+31      0.99999998E+31      0.99999998E+31      0.99999998E+31      0.99999998E+31      0.99999998E+31      0.99999998E+31
      0.99999998E+31      0.99999998E+31      0.99999998E+31      0.99999998E+31      0.99999998E+31      0.99999998E+31      0.99999998E+31      0.99999998E+31      0.99999998E+31      0.99999998E+31
      0.99999998E+31      0.99999998E+31      0.99999998E+31      0.99999998E+31      0.99999998E+31      0.99999998E+31      0.99999998E+31      0.99999998E+31      0.99999998E+31      0.99999998E+31
      0.99999998E+31      0.99999998E+31      0.99999998E+31      0.99999998E+31      0.99999998E+31      0.99999998E+31      0.99999998E+31      0.99999998E+31      0.99999998E+31      0.99999998E+31
      0.99999998E+31      0.99999998E+31      0.99999998E+31      0.99999998E+31      0.99999998E+31      0.99999998E+31      0.99999998E+31      0.99999998E+31      0.99999998E+31      0.99999998E+31
      0.99999998E+31      0.99999998E+31      0.99999998E+31      0.99999998E+31      0.99999998E+31      0.99999998E+31      0.99999998E+31      0.99999998E+31      0.99999998E+31      0.99999998E+31
      0.99999998E+31      0.99999998E+31      0.99999998E+31      0.99999998E+31      0.99999998E+31      0.99999998E+31      0.99999998E+31      0.99999998E+31      0.99999998E+31      0.99999998E+31
      0.99999998E+31      0.99999998E+31      0.99999998E+31      0.99999998E+31      0.99999998E+31      0.99999998E+31      0.99999998E+31      0.99999998E+31      0.99999998E+31      0.99999998E+31
      0.99999998E+31      0.99999998E+31      0.99999998E+31      0.99999998E+31      0.99999998E+31      0.99999998E+31      0.99999998E+31      0.99999998E+31      0.99999998E+31      0.99999998E+31
      0.99999998E+31      0.99999998E+31      0.99999998E+31      0.99999998E+31      0.99999998E+31      0.99999998E+31      0.99999998E+31      0.99999998E+31      0.99999998E+31      0.99999998E+31
      0.99999998E+31      0.99999998E+31      0.99999998E+31      0.99999998E+31      0.99999998E+31      0.99999998E+31      0.99999998E+31      0.99999998E+31      0.99999998E+31      0.99999998E+31
      0.99999998E+31      0.99999998E+31      0.99999998E+31      0.99999998E+31      0.99999998E+31      0.99999998E+31      0.99999998E+31      0.99999998E+31      0.99999998E+31      0.99999998E+31
      0.99999998E+31      0.99999998E+31      0.99999998E+31      0.99999998E+31      0.99999998E+31      0.99999998E+31      0.99999998E+31      0.99999998E+31      0.99999998E+31      0.99999998E+31
      0.99999998E+31      0.99999998E+31      0.99999998E+31      0.99999998E+31      0.99999998E+31      0.99999998E+31      0.99999998E+31      0.99999998E+31      0.99999998E+31      0.99999998E+31
      0.99999998E+31      0.99999998E+31      0.99999998E+31      0.99999998E+31      0.99999998E+31      0.99999998E+31      0.99999998E+31      0.99999998E+31      0.99999998E+31      0.99999998E+31
      0.99999998E+31      0.99999998E+31      0.99999998E+31      0.99999998E+31      0.99999998E+31      0.99999998E+31      0.99999998E+31      0.99999998E+31      0.99999998E+31      0.99999998E+31
      0.99999998E+31      0.99999998E+31      0.99999998E+31      0.99999998E+31      0.99999998E+31      0.99999998E+31      0.99999998E+31      0.99999998E+31      0.99999998E+31      0.99999998E+31
      0.99999998E+31      0.99999998E+31       1253.7852           1255.2639           1257.3625           1259.7894           1261.7300           1264.0110          0.99999998E+31      0.99999998E+31
      0.99999998E+31      0.99999998E+31      0.99999998E+31      0.99999998E+31      0.99999998E+31      0.99999998E+31      0.99999998E+31      0.99999998E+31      0.99999998E+31      0.99999998E+31
      0.99999998E+31      0.99999998E+31      0.99999998E+31      0.99999998E+31      0.99999998E+31      0.99999998E+31      0.99999998E+31      0.99999998E+31      0.99999998E+31      0.99999998E+31
      0.99999998E+31      0.99999998E+31      0.99999998E+31      0.99999998E+31      0.99999998E+31      0.99999998E+31      0.99999998E+31      0.99999998E+31      0.99999998E+31      0.99999998E+31
      0.99999998E+31      0.99999998E+31      0.99999998E+31      0.99999998E+31      0.99999998E+31      0.99999998E+31      0.99999998E+31      0.99999998E+31      0.99999998E+31      0.99999998E+31
      0.99999998E+31      0.99999998E+31
      0.99999998E+31      0.99999998E+31      0.99999998E+31      0.99999998E+31      0.99999998E+31      0.99999998E+31      0.99999998E+31      0.99999998E+31      0.99999998E+31      0.99999998E+31
      0.99999998E+31      0.99999998E+31      0.99999998E+31      0.99999998E+31      0.99999998E+31      0.99999998E+31      0.99999998E+31      0.99999998E+31      0.99999998E+31      0.99999998E+31
      0.99999998E+31      0.99999998E+31      0.99999998E+31      0.99999998E+31      0.99999998E+31      0.99999998E+31      0.99999998E+31      0.99999998E+31      0.99999998E+31      0.99999998E+31
      0.99999998E+31      0.99999998E+31      0.99999998E+31      0.99999998E+31      0.99999998E+31      0.99999998E+31      0.99999998E+31      0.99999998E+31      0.99999998E+31      0.99999998E+31
      0.99999998E+31      0.99999998E+31      0.99999998E+31      0.99999998E+31      0.99999998E+31      0.99999998E+31      0.99999998E+31      0.99999998E+31      0.99999998E+31      0.99999998E+31
      0.99999998E+31      0.99999998E+31      0.99999998E+31      0.99999998E+31      0.99999998E+31      0.99999998E+31      0.99999998E+31      0.99999998E+31      0.99999998E+31      0.99999998E+31
      0.99999998E+31      0.99999998E+31      0.99999998E+31      0.99999998E+31      0.99999998E+31      0.99999998E+31      0.99999998E+31      0.99999998E+31      0.99999998E+31      0.99999998E+31
      0.99999998E+31      0.99999998E+31      0.99999998E+31      0.99999998E+31      0.99999998E+31      0.99999998E+31      0.99999998E+31      0.99999998E+31      0.99999998E+31      0.99999998E+31
      0.99999998E+31      0.99999998E+31      0.99999998E+31      0.99999998E+31      0.99999998E+31      0.99999998E+31      0.99999998E+31      0.99999998E+31      0.99999998E+31      0.99999998E+31
      0.99999998E+31      0.99999998E+31      0.99999998E+31      0.99999998E+31      0.99999998E+31      0.99999998E+31      0.99999998E+31      0.99999998E+31      0.99999998E+31      0.99999998E+31
      0.99999998E+31      0.99999998E+31      0.99999998E+31      0.99999998E+31      0.99999998E+31      0.99999998E+31      0.99999998E+31      0.99999998E+31      0.99999998E+31      0.99999998E+31
      0.99999998E+31      0.99999998E+31      0.99999998E+31      0.99999998E+31      0.99999998E+31      0.99999998E+31      0.99999998E+31      0.99999998E+31      0.99999998E+31      0.99999998E+31
      0.99999998E+31      0.99999998E+31      0.99999998E+31      0.99999998E+31      0.99999998E+31      0.99999998E+31      0.99999998E+31      0.99999998E+31      0.99999998E+31      0.99999998E+31
      0.99999998E+31      0.99999998E+31      0.99999998E+31      0.99999998E+31      0.99999998E+31      0.99999998E+31      0.99999998E+31      0.99999998E+31      0.99999998E+31      0.99999998E+31
      0.99999998E+31      0.99999998E+31      0.99999998E+31      0.99999998E+31      0.99999998E+31      0.99999998E+31      0.99999998E+31      0.99999998E+31      0.99999998E+31      0.99999998E+31
      0.99999998E+31      0.99999998E+31      0.99999998E+31      0.99999998E+31      0.99999998E+31      0.99999998E+31      0.99999998E+31      0.99999998E+31      0.99999998E+31      0.99999998E+31
      0.99999998E+31      0.99999998E+31      0.99999998E+31      0.99999998E+31      0.99999998E+31      0.99999998E+31      0.99999998E+31      0.99999998E+31      0.99999998E+31      0.99999998E+31
      0.99999998E+31      0.99999998E+31      0.99999998E+31      0.99999998E+31      0.99999998E+31       1261.4954           1263.3049           1266.2362          0.99999998E+31      0.99999998E+31
      0.99999998E+31      0.99999998E+31      0.99999998E+31      0.99999998E+31      0.99999998E+31      0.99999998E+31      0.99999998E+31      0.99999998E+31      0.99999998E+31      0.99999998E+31
      0.99999998E+31      0.99999998E+31      0.99999998E+31      0.99999998E+31      0.99999998E+31      0.99999998E+31      0.99999998E+31      0.99999998E+31      0.99999998E+31      0.99999998E+31
      0.99999998E+31      0.99999998E+31      0.99999998E+31      0.99999998E+31      0.99999998E+31      0.99999998E+31      0.99999998E+31      0.99999998E+31      0.99999998E+31      0.99999998E+31
      0.99999998E+31      0.99999998E+31      0.99999998E+31      0.99999998E+31      0.99999998E+31      0.99999998E+31      0.99999998E+31      0.99999998E+31      0.99999998E+31      0.99999998E+31
      0.99999998E+31      0.99999998E+31
