      0.99999998E+31      0.99999998E+31      0.99999998E+31      0.99999998E+31      0.99999998E+31      0.99999998E+31      0.99999998E+31      0.99999998E+31      0.99999998E+31      0.99999998E+31
      0.99999998E+31      0.99999998E+31      0.99999998E+31      0.99999998E+31      0.99999998E+31      0.99999998E+31      0.99999998E+31      0.99999998E+31      0.99999998E+31      0.99999998E+31
      0.99999998E+31      0.99999998E+31      0.99999998E+31      0.99999998E+31      0.99999998E+31      0.99999998E+31      0.99999998E+31      0.99999998E+31      0.99999998E+31      0.99999998E+31
      0.99999998E+31      0.99999998E+31      0.99999998E+31      0.99999998E+31      0.99999998E+31      0.99999998E+31      0.99999998E+31      0.99999998E+31      0.99999998E+31      0.99999998E+31
      0.99999998E+31      0.99999998E+31      0.99999998E+31      0.99999998E+31      0.99999998E+31      0.99999998E+31      0.99999998E+31      0.99999998E+31      0.99999998E+31      0.99999998E+31
      0.99999998E+31      0.99999998E+31      0.99999998E+31      0.99999998E+31      0.99999998E+31      0.99999998E+31      0.99999998E+31      0.99999998E+31      0.99999998E+31      0.99999998E+31
      0.99999998E+31      0.99999998E+31      0.99999998E+31      0.99999998E+31      0.99999998E+31      0.99999998E+31      0.99999998E+31      0.99999998E+31      0.99999998E+31      0.99999998E+31
      0.99999998E+31      0.99999998E+31      0.99999998E+31      0.99999998E+31      0.99999998E+31      0.99999998E+31      0.99999998E+31      0.99999998E+31      0.99999998E+31      0.99999998E+31
      0.99999998E+31      0.99999998E+31      0.99999998E+31      0.99999998E+31      0.99999998E+31      0.99999998E+31      0.99999998E+31      0.99999998E+31      0.99999998E+31      0.99999998E+31
      0.99999998E+31      0.99999998E+31      0.99999998E+31      0.99999998E+31      0.99999998E+31      0.99999998E+31      0.99999998E+31      0.99999998E+31      0.99999998E+31      0.99999998E+31
      0.99999998E+31      0.99999998E+31      0.99999998E+31      0.99999998E+31      0.99999998E+31      0.99999998E+31      0.99999998E+31      0.99999998E+31      0.99999998E+31      0.99999998E+31
      0.99999998E+31      0.99999998E+31      0.99999998E+31      0.99999998E+31      0.99999998E+31      0.99999998E+31      0.99999998E+31      0.99999998E+31      0.99999998E+31      0.99999998E+31
      0.99999998E+31      0.99999998E+31      0.99999998E+31      0.99999998E+31      0.99999998E+31      0.99999998E+31      0.99999998E+31      0.99999998E+31      0.99999998E+31      0.99999998E+31
      0.99999998E+31      0.99999998E+31      0.99999998E+31      0.99999998E+31      0.99999998E+31      0.99999998E+31      0.99999998E+31      0.99999998E+31      0.99999998E+31      0.99999998E+31
      0.99999998E+31      0.99999998E+31      0.99999998E+31      0.99999998E+31      0.99999998E+31      0.99999998E+31      0.99999998E+31      0.99999998E+31      0.99999998E+31      0.99999998E+31
      0.99999998E+31      0.99999998E+31      0.99999998E+31      0.99999998E+31      0.99999998E+31      0.99999998E+31      0.99999998E+31      0.99999998E+31      0.99999998E+31      0.99999998E+31
      0.99999998E+31      0.99999998E+31      0.99999998E+31      0.99999998E+31      0.99999998E+31      0.99999998E+31      0.99999998E+31      0.99999998E+31      0.99999998E+31      0.99999998E+31
      0.99999998E+31      0.99999998E+31      0.99999998E+31      0.99999998E+31      0.99999998E+31      0.99999998E+31      0.99999998E+31      0.99999998E+31      0.99999998E+31      0.99999998E+31
      0.99999998E+31      0.99999998E+31      0.99999998E+31      0.99999998E+31      0.99999998E+31      0.99999998E+31      0.99999998E+31      0.99999998E+31      0.99999998E+31      0.99999998E+31
      0.99999998E+31      0.99999998E+31      0.99999998E+31      0.99999998E+31      0.99999998E+31      0.99999998E+31      0.99999998E+31      0.99999998E+31      0.99999998E+31      0.99999998E+31
      0.99999998E+31      0.99999998E+31      0.99999998E+31      0.99999998E+31      0.99999998E+31      0.99999998E+31      0.99999998E+31      0.99999998E+31      0.99999998E+31      0.99999998E+31
      0.99999998E+31      0.99999998E+31      0.99999998E+31      0.99999998E+31      0.99999998E+31      0.99999998E+31      0.99999998E+31      0.99999998E+31      0.99999998E+31      0.99999998E+31
      0.99999998E+31      0.99999998E+31
      0.99999998E+31      0.99999998E+31      0.99999998E+31      0.99999998E+31      0.99999998E+31      0.99999998E+31      0.99999998E+31      0.99999998E+31      0.99999998E+31      0.99999998E+31
      0.99999998E+31      0.99999998E+31      0.99999998E+31      0.99999998E+31      0.99999998E+31      0.99999998E+31      0.99999998E+31      0.99999998E+31      0.99999998E+31      0.99999998E+31
      0.99999998E+31      0.99999998E+31      0.99999998E+31      0.99999998E+31      0.99999998E+31      0.99999998E+31      0.99999998E+31      0.99999998E+31      0.99999998E+31      0.99999998E+31
      0.99999998E+31      0.99999998E+31      0.99999998E+31      0.99999998E+31      0.99999998E+31      0.99999998E+31      0.99999998E+31      0.99999998E+31      0.99999998E+31      0.99999998E+31
      0.99999998E+31      0.99999998E+31      0.99999998E+31      0.99999998E+31      0.99999998E+31      0.99999998E+31      0.99999998E+31      0.99999998E+31      0.99999998E+31      0.99999998E+31
      0.99999998E+31      0.99999998E+31      0.99999998E+31      0.99999998E+31      0.99999998E+31      0.99999998E+31      0.99999998E+31      0.99999998E+31      0.99999998E+31      0.99999998E+31
      0.99999998E+31      0.99999998E+31      0.99999998E+31      0.99999998E+31      0.99999998E+31      0.99999998E+31      0.99999998E+31      0.99999998E+31      0.99999998E+31      0.99999998E+31
      0.99999998E+31      0.99999998E+31      0.99999998E+31      0.99999998E+31      0.99999998E+31      0.99999998E+31      0.99999998E+31      0.99999998E+31      0.99999998E+31      0.99999998E+31
      0.99999998E+31      0.99999998E+31      0.99999998E+31      0.99999998E+31      0.99999998E+31      0.99999998E+31      0.99999998E+31      0.99999998E+31      0.99999998E+31      0.99999998E+31
      0.99999998E+31      0.99999998E+31      0.99999998E+31      0.99999998E+31      0.99999998E+31      0.99999998E+31      0.99999998E+31      0.99999998E+31      0.99999998E+31      0.99999998E+31
      0.99999998E+31      0.99999998E+31      0.99999998E+31      0.99999998E+31      0.99999998E+31      0.99999998E+31      0.99999998E+31      0.99999998E+31      0.99999998E+31      0.99999998E+31
      0.99999998E+31      0.99999998E+31      0.99999998E+31      0.99999998E+31      0.99999998E+31      0.99999998E+31      0.99999998E+31      0.99999998E+31      0.99999998E+31      0.99999998E+31
      0.99999998E+31      0.99999998E+31      0.99999998E+31      0.99999998E+31      0.99999998E+31      0.99999998E+31      0.99999998E+31      0.99999998E+31      0.99999998E+31      0.99999998E+31
      0.99999998E+31      0.99999998E+31      0.99999998E+31      0.99999998E+31      0.99999998E+31      0.99999998E+31      0.99999998E+31      0.99999998E+31      0.99999998E+31      0.99999998E+31
      0.99999998E+31      0.99999998E+31      0.99999998E+31      0.99999998E+31      0.99999998E+31      0.99999998E+31      0.99999998E+31      0.99999998E+31      0.99999998E+31      0.99999998E+31
      0.99999998E+31      0.99999998E+31      0.99999998E+31      0.99999998E+31      0.99999998E+31      0.99999998E+31      0.99999998E+31      0.99999998E+31      0.99999998E+31      0.99999998E+31
      0.99999998E+31      0.99999998E+31      0.99999998E+31      0.99999998E+31      0.99999998E+31      0.99999998E+31      0.99999998E+31      0.99999998E+31      0.99999998E+31      0.99999998E+31
      0.99999998E+31      0.99999998E+31      0.99999998E+31      0.99999998E+31      0.99999998E+31      0.99999998E+31      0.99999998E+31      0.99999998E+31      0.99999998E+31      0.99999998E+31
      0.99999998E+31      0.99999998E+31      0.99999998E+31      0.99999998E+31      0.99999998E+31      0.99999998E+31      0.99999998E+31      0.99999998E+31      0.99999998E+31      0.99999998E+31
      0.99999998E+31      0.99999998E+31      0.99999998E+31      0.99999998E+31      0.99999998E+31      0.99999998E+31      0.99999998E+31      0.99999998E+31      0.99999998E+31      0.99999998E+31
      0.99999998E+31      0.99999998E+31      0.99999998E+31      0.99999998E+31      0.99999998E+31      0.99999998E+31      0.99999998E+31      0.99999998E+31      0.99999998E+31      0.99999998E+31
      0.99999998E+31      0.99999998E+31      0.99999998E+31      0.99999998E+31      0.99999998E+31      0.99999998E+31      0.99999998E+31      0.99999998E+31      0.99999998E+31      0.99999998E+31
      0.99999998E+31      0.99999998E+31
      0.99999998E+31      0.99999998E+31      0.99999998E+31      0.99999998E+31      0.99999998E+31      0.99999998E+31      0.99999998E+31      0.99999998E+31      0.99999998E+31      0.99999998E+31
      0.99999998E+31      0.99999998E+31      0.99999998E+31      0.99999998E+31      0.99999998E+31      0.99999998E+31      0.99999998E+31      0.99999998E+31      0.99999998E+31      0.99999998E+31
      0.99999998E+31      0.99999998E+31      0.99999998E+31      0.99999998E+31      0.99999998E+31      0.99999998E+31      0.99999998E+31      0.99999998E+31      0.99999998E+31      0.99999998E+31
      0.99999998E+31      0.99999998E+31      0.99999998E+31      0.99999998E+31      0.99999998E+31      0.99999998E+31      0.99999998E+31      0.99999998E+31      0.99999998E+31      0.99999998E+31
      0.99999998E+31      0.99999998E+31      0.99999998E+31      0.99999998E+31      0.99999998E+31      0.99999998E+31      0.99999998E+31      0.99999998E+31      0.99999998E+31      0.99999998E+31
      0.99999998E+31      0.99999998E+31      0.99999998E+31      0.99999998E+31      0.99999998E+31      0.99999998E+31      0.99999998E+31      0.99999998E+31      0.99999998E+31      0.99999998E+31
      0.99999998E+31      0.99999998E+31      0.99999998E+31      0.99999998E+31      0.99999998E+31      0.99999998E+31      0.99999998E+31      0.99999998E+31      0.99999998E+31      0.99999998E+31
      0.99999998E+31      0.99999998E+31      0.99999998E+31      0.99999998E+31      0.99999998E+31      0.99999998E+31      0.99999998E+31      0.99999998E+31      0.99999998E+31      0.99999998E+31
      0.99999998E+31      0.99999998E+31      0.99999998E+31      0.99999998E+31      0.99999998E+31      0.99999998E+31      0.99999998E+31      0.99999998E+31      0.99999998E+31      0.99999998E+31
      0.99999998E+31      0.99999998E+31      0.99999998E+31      0.99999998E+31      0.99999998E+31      0.99999998E+31      0.99999998E+31      0.99999998E+31      0.99999998E+31      0.99999998E+31
      0.99999998E+31      0.99999998E+31      0.99999998E+31      0.99999998E+31      0.99999998E+31      0.99999998E+31      0.99999998E+31      0.99999998E+31      0.99999998E+31      0.99999998E+31
      0.99999998E+31      0.99999998E+31      0.99999998E+31      0.99999998E+31      0.99999998E+31      0.99999998E+31      0.99999998E+31      0.99999998E+31      0.99999998E+31      0.99999998E+31
      0.99999998E+31      0.99999998E+31      0.99999998E+31      0.99999998E+31      0.99999998E+31      0.99999998E+31      0.99999998E+31      0.99999998E+31      0.99999998E+31      0.99999998E+31
      0.99999998E+31      0.99999998E+31      0.99999998E+31      0.99999998E+31      0.99999998E+31      0.99999998E+31      0.99999998E+31      0.99999998E+31      0.99999998E+31      0.99999998E+31
      0.99999998E+31      0.99999998E+31      0.99999998E+31      0.99999998E+31      0.99999998E+31      0.99999998E+31      0.99999998E+31      0.99999998E+31      0.99999998E+31      0.99999998E+31
      0.99999998E+31      0.99999998E+31      0.99999998E+31      0.99999998E+31      0.99999998E+31      0.99999998E+31      0.99999998E+31      0.99999998E+31      0.99999998E+31      0.99999998E+31
      0.99999998E+31      0.99999998E+31      0.99999998E+31      0.99999998E+31      0.99999998E+31      0.99999998E+31      0.99999998E+31      0.99999998E+31      0.99999998E+31      0.99999998E+31
      0.99999998E+31      0.99999998E+31      0.99999998E+31      0.99999998E+31      0.99999998E+31      0.99999998E+31      0.99999998E+31      0.99999998E+31      0.99999998E+31      0.99999998E+31
      0.99999998E+31      0.99999998E+31      0.99999998E+31      0.99999998E+31      0.99999998E+31      0.99999998E+31      0.99999998E+31      0.99999998E+31      0.99999998E+31      0.99999998E+31
      0.99999998E+31      0.99999998E+31      0.99999998E+31      0.99999998E+31      0.99999998E+31      0.99999998E+31      0.99999998E+31      0.99999998E+31      0.99999998E+31      0.99999998E+31
      0.99999998E+31      0.99999998E+31      0.99999998E+31      0.99999998E+31      0.99999998E+31      0.99999998E+31      0.99999998E+31      0.99999998E+31      0.99999998E+31      0.99999998E+31
      0.99999998E+31      0.99999998E+31      0.99999998E+31      0.99999998E+31      0.99999998E+31      0.99999998E+31      0.99999998E+31      0.99999998E+31      0.99999998E+31      0.99999998E+31
      0.99999998E+31      0.99999998E+31
      0.99999998E+31      0.99999998E+31      0.99999998E+31      0.99999998E+31      0.99999998E+31      0.99999998E+31      0.99999998E+31      0.99999998E+31      0.99999998E+31      0.99999998E+31
      0.99999998E+31      0.99999998E+31      0.99999998E+31      0.99999998E+31      0.99999998E+31      0.99999998E+31      0.99999998E+31      0.99999998E+31      0.99999998E+31      0.99999998E+31
      0.99999998E+31      0.99999998E+31      0.99999998E+31      0.99999998E+31      0.99999998E+31      0.99999998E+31      0.99999998E+31      0.99999998E+31      0.99999998E+31      0.99999998E+31
      0.99999998E+31      0.99999998E+31      0.99999998E+31      0.99999998E+31      0.99999998E+31      0.99999998E+31      0.99999998E+31      0.99999998E+31      0.99999998E+31      0.99999998E+31
      0.99999998E+31      0.99999998E+31      0.99999998E+31      0.99999998E+31      0.99999998E+31      0.99999998E+31      0.99999998E+31      0.99999998E+31      0.99999998E+31      0.99999998E+31
      0.99999998E+31      0.99999998E+31      0.99999998E+31      0.99999998E+31      0.99999998E+31      0.99999998E+31      0.99999998E+31      0.99999998E+31      0.99999998E+31      0.99999998E+31
      0.99999998E+31      0.99999998E+31      0.99999998E+31      0.99999998E+31      0.99999998E+31      0.99999998E+31      0.99999998E+31      0.99999998E+31      0.99999998E+31      0.99999998E+31
      0.99999998E+31      0.99999998E+31      0.99999998E+31      0.99999998E+31      0.99999998E+31      0.99999998E+31      0.99999998E+31      0.99999998E+31      0.99999998E+31      0.99999998E+31
      0.99999998E+31      0.99999998E+31      0.99999998E+31      0.99999998E+31      0.99999998E+31      0.99999998E+31      0.99999998E+31      0.99999998E+31      0.99999998E+31      0.99999998E+31
      0.99999998E+31      0.99999998E+31      0.99999998E+31      0.99999998E+31      0.99999998E+31      0.99999998E+31      0.99999998E+31      0.99999998E+31      0.99999998E+31      0.99999998E+31
      0.99999998E+31      0.99999998E+31      0.99999998E+31      0.99999998E+31      0.99999998E+31      0.99999998E+31      0.99999998E+31      0.99999998E+31      0.99999998E+31      0.99999998E+31
      0.99999998E+31      0.99999998E+31      0.99999998E+31      0.99999998E+31      0.99999998E+31      0.99999998E+31      0.99999998E+31      0.99999998E+31      0.99999998E+31      0.99999998E+31
      0.99999998E+31      0.99999998E+31      0.99999998E+31      0.99999998E+31      0.99999998E+31      0.99999998E+31      0.99999998E+31      0.99999998E+31      0.99999998E+31      0.99999998E+31
      0.99999998E+31      0.99999998E+31      0.99999998E+31      0.99999998E+31      0.99999998E+31      0.99999998E+31      0.99999998E+31      0.99999998E+31      0.99999998E+31      0.99999998E+31
      0.99999998E+31      0.99999998E+31      0.99999998E+31      0.99999998E+31      0.99999998E+31      0.99999998E+31      0.99999998E+31      0.99999998E+31      0.99999998E+31      0.99999998E+31
      0.99999998E+31      0.99999998E+31      0.99999998E+31      0.99999998E+31      0.99999998E+31      0.99999998E+31      0.99999998E+31      0.99999998E+31      0.99999998E+31      0.99999998E+31
      0.99999998E+31      0.99999998E+31      0.99999998E+31      0.99999998E+31      0.99999998E+31      0.99999998E+31      0.99999998E+31      0.99999998E+31      0.99999998E+31      0.99999998E+31
      0.99999998E+31      0.99999998E+31      0.99999998E+31      0.99999998E+31      0.99999998E+31      0.99999998E+31      0.99999998E+31      0.99999998E+31      0.99999998E+31      0.99999998E+31
      0.99999998E+31      0.99999998E+31      0.99999998E+31      0.99999998E+31      0.99999998E+31      0.99999998E+31      0.99999998E+31      0.99999998E+31      0.99999998E+31      0.99999998E+31
      0.99999998E+31      0.99999998E+31      0.99999998E+31      0.99999998E+31      0.99999998E+31      0.99999998E+31      0.99999998E+31      0.99999998E+31      0.99999998E+31      0.99999998E+31
      0.99999998E+31      0.99999998E+31      0.99999998E+31      0.99999998E+31      0.99999998E+31      0.99999998E+31      0.99999998E+31      0.99999998E+31      0.99999998E+31      0.99999998E+31
      0.99999998E+31      0.99999998E+31      0.99999998E+31      0.99999998E+31      0.99999998E+31      0.99999998E+31      0.99999998E+31      0.99999998E+31      0.99999998E+31      0.99999998E+31
      0.99999998E+31      0.99999998E+31
      0.99999998E+31      0.99999998E+31      0.99999998E+31      0.99999998E+31      0.99999998E+31      0.99999998E+31      0.99999998E+31      0.99999998E+31      0.99999998E+31      0.99999998E+31
      0.99999998E+31      0.99999998E+31      0.99999998E+31      0.99999998E+31      0.99999998E+31      0.99999998E+31      0.99999998E+31      0.99999998E+31      0.99999998E+31      0.99999998E+31
      0.99999998E+31      0.99999998E+31      0.99999998E+31      0.99999998E+31      0.99999998E+31      0.99999998E+31      0.99999998E+31      0.99999998E+31      0.99999998E+31      0.99999998E+31
      0.99999998E+31      0.99999998E+31      0.99999998E+31      0.99999998E+31      0.99999998E+31      0.99999998E+31      0.99999998E+31      0.99999998E+31      0.99999998E+31      0.99999998E+31
      0.99999998E+31      0.99999998E+31      0.99999998E+31      0.99999998E+31      0.99999998E+31      0.99999998E+31      0.99999998E+31      0.99999998E+31      0.99999998E+31      0.99999998E+31
      0.99999998E+31      0.99999998E+31      0.99999998E+31      0.99999998E+31      0.99999998E+31      0.99999998E+31      0.99999998E+31      0.99999998E+31      0.99999998E+31      0.99999998E+31
      0.99999998E+31      0.99999998E+31      0.99999998E+31      0.99999998E+31      0.99999998E+31      0.99999998E+31      0.99999998E+31      0.99999998E+31      0.99999998E+31      0.99999998E+31
      0.99999998E+31      0.99999998E+31      0.99999998E+31      0.99999998E+31      0.99999998E+31      0.99999998E+31      0.99999998E+31      0.99999998E+31      0.99999998E+31      0.99999998E+31
      0.99999998E+31      0.99999998E+31      0.99999998E+31      0.99999998E+31      0.99999998E+31      0.99999998E+31      0.99999998E+31      0.99999998E+31      0.99999998E+31      0.99999998E+31
      0.99999998E+31      0.99999998E+31      0.99999998E+31      0.99999998E+31      0.99999998E+31      0.99999998E+31      0.99999998E+31      0.99999998E+31      0.99999998E+31      0.99999998E+31
      0.99999998E+31      0.99999998E+31      0.99999998E+31      0.99999998E+31      0.99999998E+31      0.99999998E+31      0.99999998E+31      0.99999998E+31      0.99999998E+31      0.99999998E+31
      0.99999998E+31      0.99999998E+31      0.99999998E+31      0.99999998E+31      0.99999998E+31      0.99999998E+31      0.99999998E+31      0.99999998E+31      0.99999998E+31      0.99999998E+31
      0.99999998E+31      0.99999998E+31      0.99999998E+31      0.99999998E+31      0.99999998E+31      0.99999998E+31      0.99999998E+31      0.99999998E+31      0.99999998E+31      0.99999998E+31
      0.99999998E+31      0.99999998E+31      0.99999998E+31      0.99999998E+31      0.99999998E+31      0.99999998E+31      0.99999998E+31      0.99999998E+31      0.99999998E+31      0.99999998E+31
      0.99999998E+31      0.99999998E+31      0.99999998E+31      0.99999998E+31      0.99999998E+31      0.99999998E+31      0.99999998E+31      0.99999998E+31      0.99999998E+31      0.99999998E+31
      0.99999998E+31      0.99999998E+31      0.99999998E+31      0.99999998E+31      0.99999998E+31      0.99999998E+31      0.99999998E+31      0.99999998E+31      0.99999998E+31      0.99999998E+31
      0.99999998E+31      0.99999998E+31      0.99999998E+31      0.99999998E+31      0.99999998E+31      0.99999998E+31      0.99999998E+31      0.99999998E+31      0.99999998E+31      0.99999998E+31
      0.99999998E+31      0.99999998E+31      0.99999998E+31      0.99999998E+31      0.99999998E+31      0.99999998E+31      0.99999998E+31      0.99999998E+31      0.99999998E+31      0.99999998E+31
      0.99999998E+31      0.99999998E+31      0.99999998E+31      0.99999998E+31      0.99999998E+31      0.99999998E+31      0.99999998E+31      0.99999998E+31      0.99999998E+31      0.99999998E+31
      0.99999998E+31      0.99999998E+31      0.99999998E+31      0.99999998E+31      0.99999998E+31      0.99999998E+31      0.99999998E+31      0.99999998E+31      0.99999998E+31      0.99999998E+31
      0.99999998E+31      0.99999998E+31      0.99999998E+31      0.99999998E+31      0.99999998E+31      0.99999998E+31      0.99999998E+31      0.99999998E+31      0.99999998E+31      0.99999998E+31
      0.99999998E+31      0.99999998E+31      0.99999998E+31      0.99999998E+31      0.99999998E+31      0.99999998E+31      0.99999998E+31      0.99999998E+31      0.99999998E+31      0.99999998E+31
      0.99999998E+31      0.99999998E+31
      0.99999998E+31      0.99999998E+31      0.99999998E+31      0.99999998E+31      0.99999998E+31      0.99999998E+31      0.99999998E+31      0.99999998E+31      0.99999998E+31      0.99999998E+31
      0.99999998E+31      0.99999998E+31      0.99999998E+31      0.99999998E+31      0.99999998E+31      0.99999998E+31      0.99999998E+31      0.99999998E+31      0.99999998E+31      0.99999998E+31
      0.99999998E+31      0.99999998E+31      0.99999998E+31      0.99999998E+31      0.99999998E+31      0.99999998E+31      0.99999998E+31      0.99999998E+31      0.99999998E+31      0.99999998E+31
      0.99999998E+31      0.99999998E+31      0.99999998E+31      0.99999998E+31      0.99999998E+31      0.99999998E+31      0.99999998E+31      0.99999998E+31      0.99999998E+31      0.99999998E+31
      0.99999998E+31      0.99999998E+31      0.99999998E+31      0.99999998E+31      0.99999998E+31      0.99999998E+31      0.99999998E+31      0.99999998E+31      0.99999998E+31      0.99999998E+31
      0.99999998E+31      0.99999998E+31      0.99999998E+31      0.99999998E+31      0.99999998E+31      0.99999998E+31      0.99999998E+31      0.99999998E+31      0.99999998E+31      0.99999998E+31
      0.99999998E+31      0.99999998E+31      0.99999998E+31      0.99999998E+31      0.99999998E+31      0.99999998E+31      0.99999998E+31      0.99999998E+31      0.99999998E+31      0.99999998E+31
      0.99999998E+31      0.99999998E+31      0.99999998E+31      0.99999998E+31      0.99999998E+31      0.99999998E+31      0.99999998E+31      0.99999998E+31      0.99999998E+31      0.99999998E+31
      0.99999998E+31      0.99999998E+31      0.99999998E+31      0.99999998E+31      0.99999998E+31      0.99999998E+31      0.99999998E+31      0.99999998E+31      0.99999998E+31      0.99999998E+31
      0.99999998E+31      0.99999998E+31      0.99999998E+31      0.99999998E+31      0.99999998E+31      0.99999998E+31      0.99999998E+31      0.99999998E+31      0.99999998E+31      0.99999998E+31
      0.99999998E+31      0.99999998E+31      0.99999998E+31      0.99999998E+31      0.99999998E+31      0.99999998E+31      0.99999998E+31      0.99999998E+31      0.99999998E+31      0.99999998E+31
      0.99999998E+31      0.99999998E+31      0.99999998E+31      0.99999998E+31       1560.0891           1565.1185           1569.5519           1574.3081           1579.8822          0.99999998E+31
      0.99999998E+31      0.99999998E+31      0.99999998E+31      0.99999998E+31      0.99999998E+31      0.99999998E+31      0.99999998E+31      0.99999998E+31      0.99999998E+31      0.99999998E+31
      0.99999998E+31      0.99999998E+31      0.99999998E+31      0.99999998E+31      0.99999998E+31      0.99999998E+31      0.99999998E+31      0.99999998E+31      0.99999998E+31      0.99999998E+31
      0.99999998E+31      0.99999998E+31      0.99999998E+31      0.99999998E+31      0.99999998E+31      0.99999998E+31      0.99999998E+31      0.99999998E+31      0.99999998E+31      0.99999998E+31
      0.99999998E+31      0.99999998E+31      0.99999998E+31      0.99999998E+31      0.99999998E+31      0.99999998E+31      0.99999998E+31      0.99999998E+31      0.99999998E+31      0.99999998E+31
      0.99999998E+31      0.99999998E+31      0.99999998E+31      0.99999998E+31      0.99999998E+31      0.99999998E+31      0.99999998E+31      0.99999998E+31      0.99999998E+31      0.99999998E+31
      0.99999998E+31      0.99999998E+31      0.99999998E+31      0.99999998E+31      0.99999998E+31      0.99999998E+31      0.99999998E+31      0.99999998E+31      0.99999998E+31      0.99999998E+31
      0.99999998E+31      0.99999998E+31      0.99999998E+31      0.99999998E+31      0.99999998E+31      0.99999998E+31      0.99999998E+31      0.99999998E+31      0.99999998E+31      0.99999998E+31
      0.99999998E+31      0.99999998E+31      0.99999998E+31      0.99999998E+31      0.99999998E+31      0.99999998E+31      0.99999998E+31      0.99999998E+31      0.99999998E+31      0.99999998E+31
      0.99999998E+31      0.99999998E+31      0.99999998E+31      0.99999998E+31      0.99999998E+31      0.99999998E+31      0.99999998E+31      0.99999998E+31      0.99999998E+31      0.99999998E+31
      0.99999998E+31      0.99999998E+31      0.99999998E+31      0.99999998E+31      0.99999998E+31      0.99999998E+31      0.99999998E+31      0.99999998E+31      0.99999998E+31      0.99999998E+31
      0.99999998E+31      0.99999998E+31
      0.99999998E+31      0.99999998E+31      0.99999998E+31      0.99999998E+31      0.99999998E+31      0.99999998E+31      0.99999998E+31      0.99999998E+31      0.99999998E+31      0.99999998E+31
      0.99999998E+31      0.99999998E+31      0.99999998E+31      0.99999998E+31      0.99999998E+31      0.99999998E+31      0.99999998E+31      0.99999998E+31      0.99999998E+31      0.99999998E+31
      0.99999998E+31      0.99999998E+31      0.99999998E+31      0.99999998E+31      0.99999998E+31      0.99999998E+31      0.99999998E+31      0.99999998E+31      0.99999998E+31      0.99999998E+31
      0.99999998E+31      0.99999998E+31      0.99999998E+31      0.99999998E+31      0.99999998E+31      0.99999998E+31      0.99999998E+31      0.99999998E+31      0.99999998E+31      0.99999998E+31
      0.99999998E+31      0.99999998E+31      0.99999998E+31      0.99999998E+31      0.99999998E+31      0.99999998E+31      0.99999998E+31      0.99999998E+31      0.99999998E+31      0.99999998E+31
      0.99999998E+31      0.99999998E+31      0.99999998E+31      0.99999998E+31      0.99999998E+31      0.99999998E+31      0.99999998E+31      0.99999998E+31      0.99999998E+31      0.99999998E+31
      0.99999998E+31      0.99999998E+31      0.99999998E+31      0.99999998E+31      0.99999998E+31      0.99999998E+31      0.99999998E+31      0.99999998E+31      0.99999998E+31      0.99999998E+31
      0.99999998E+31      0.99999998E+31      0.99999998E+31      0.99999998E+31      0.99999998E+31      0.99999998E+31      0.99999998E+31      0.99999998E+31      0.99999998E+31      0.99999998E+31
      0.99999998E+31      0.99999998E+31      0.99999998E+31      0.99999998E+31      0.99999998E+31      0.99999998E+31      0.99999998E+31      0.99999998E+31      0.99999998E+31      0.99999998E+31
      0.99999998E+31      0.99999998E+31      0.99999998E+31      0.99999998E+31      0.99999998E+31      0.99999998E+31      0.99999998E+31      0.99999998E+31      0.99999998E+31      0.99999998E+31
      0.99999998E+31      0.99999998E+31      0.99999998E+31      0.99999998E+31      0.99999998E+31      0.99999998E+31      0.99999998E+31      0.99999998E+31      0.99999998E+31      0.99999998E+31
      0.99999998E+31      0.99999998E+31      0.99999998E+31       1467.2826           1528.3949           1543.4642           1549.6372           1552.9901           1567.4934           1487.9905    
      0.99999998E+31      0.99999998E+31      0.99999998E+31      0.99999998E+31      0.99999998E+31      0.99999998E+31      0.99999998E+31      0.99999998E+31      0.99999998E+31      0.99999998E+31
      0.99999998E+31      0.99999998E+31      0.99999998E+31      0.99999998E+31      0.99999998E+31      0.99999998E+31      0.99999998E+31      0.99999998E+31      0.99999998E+31      0.99999998E+31
      0.99999998E+31      0.99999998E+31      0.99999998E+31      0.99999998E+31      0.99999998E+31      0.99999998E+31      0.99999998E+31      0.99999998E+31      0.99999998E+31      0.99999998E+31
      0.99999998E+31      0.99999998E+31      0.99999998E+31      0.99999998E+31      0.99999998E+31      0.99999998E+31      0.99999998E+31      0.99999998E+31      0.99999998E+31      0.99999998E+31
      0.99999998E+31      0.99999998E+31      0.99999998E+31      0.99999998E+31      0.99999998E+31      0.99999998E+31      0.99999998E+31      0.99999998E+31      0.99999998E+31      0.99999998E+31
      0.99999998E+31      0.99999998E+31      0.99999998E+31      0.99999998E+31      0.99999998E+31      0.99999998E+31      0.99999998E+31      0.99999998E+31      0.99999998E+31      0.99999998E+31
      0.99999998E+31      0.99999998E+31      0.99999998E+31      0.99999998E+31      0.99999998E+31      0.99999998E+31      0.99999998E+31      0.99999998E+31      0.99999998E+31      0.99999998E+31
      0.99999998E+31      0.99999998E+31      0.99999998E+31      0.99999998E+31      0.99999998E+31      0.99999998E+31      0.99999998E+31      0.99999998E+31      0.99999998E+31      0.99999998E+31
      0.99999998E+31      0.99999998E+31      0.99999998E+31      0.99999998E+31      0.99999998E+31      0.99999998E+31      0.99999998E+31      0.99999998E+31      0.99999998E+31      0.99999998E+31
      0.99999998E+31      0.99999998E+31      0.99999998E+31      0.99999998E+31      0.99999998E+31      0.99999998E+31      0.99999998E+31      0.99999998E+31      0.99999998E+31      0.99999998E+31
      0.99999998E+31      0.99999998E+31
      0.99999998E+31      0.99999998E+31      0.99999998E+31      0.99999998E+31      0.99999998E+31      0.99999998E+31      0.99999998E+31      0.99999998E+31      0.99999998E+31      0.99999998E+31
      0.99999998E+31      0.99999998E+31      0.99999998E+31      0.99999998E+31      0.99999998E+31      0.99999998E+31      0.99999998E+31      0.99999998E+31      0.99999998E+31      0.99999998E+31
      0.99999998E+31      0.99999998E+31      0.99999998E+31      0.99999998E+31      0.99999998E+31      0.99999998E+31      0.99999998E+31      0.99999998E+31      0.99999998E+31      0.99999998E+31
      0.99999998E+31      0.99999998E+31      0.99999998E+31      0.99999998E+31      0.99999998E+31      0.99999998E+31      0.99999998E+31      0.99999998E+31      0.99999998E+31      0.99999998E+31
      0.99999998E+31      0.99999998E+31      0.99999998E+31      0.99999998E+31      0.99999998E+31      0.99999998E+31      0.99999998E+31      0.99999998E+31      0.99999998E+31      0.99999998E+31
      0.99999998E+31      0.99999998E+31      0.99999998E+31      0.99999998E+31      0.99999998E+31      0.99999998E+31      0.99999998E+31      0.99999998E+31      0.99999998E+31      0.99999998E+31
      0.99999998E+31       1699.1500           1637.5552           1615.8914           1648.0007           1688.0005          0.99999998E+31      0.99999998E+31      0.99999998E+31      0.99999998E+31
      0.99999998E+31      0.99999998E+31      0.99999998E+31      0.99999998E+31      0.99999998E+31      0.99999998E+31      0.99999998E+31      0.99999998E+31      0.99999998E+31      0.99999998E+31
      0.99999998E+31      0.99999998E+31      0.99999998E+31      0.99999998E+31      0.99999998E+31      0.99999998E+31      0.99999998E+31      0.99999998E+31      0.99999998E+31      0.99999998E+31
      0.99999998E+31      0.99999998E+31      0.99999998E+31      0.99999998E+31      0.99999998E+31      0.99999998E+31      0.99999998E+31      0.99999998E+31      0.99999998E+31      0.99999998E+31
      0.99999998E+31      0.99999998E+31      0.99999998E+31      0.99999998E+31      0.99999998E+31      0.99999998E+31      0.99999998E+31      0.99999998E+31      0.99999998E+31      0.99999998E+31
      0.99999998E+31      0.99999998E+31       1439.5518           1445.5956           1452.6443           1450.7006           1474.2855           1499.7147           1474.2754           1468.5336    
       1462.5923          0.99999998E+31      0.99999998E+31      0.99999998E+31      0.99999998E+31      0.99999998E+31      0.99999998E+31      0.99999998E+31      0.99999998E+31      0.99999998E+31
      0.99999998E+31      0.99999998E+31      0.99999998E+31      0.99999998E+31      0.99999998E+31      0.99999998E+31      0.99999998E+31      0.99999998E+31      0.99999998E+31      0.99999998E+31
      0.99999998E+31      0.99999998E+31      0.99999998E+31      0.99999998E+31      0.99999998E+31      0.99999998E+31      0.99999998E+31      0.99999998E+31      0.99999998E+31      0.99999998E+31
      0.99999998E+31      0.99999998E+31      0.99999998E+31      0.99999998E+31      0.99999998E+31      0.99999998E+31      0.99999998E+31      0.99999998E+31      0.99999998E+31      0.99999998E+31
      0.99999998E+31      0.99999998E+31      0.99999998E+31      0.99999998E+31      0.99999998E+31      0.99999998E+31      0.99999998E+31      0.99999998E+31      0.99999998E+31      0.99999998E+31
      0.99999998E+31      0.99999998E+31      0.99999998E+31      0.99999998E+31      0.99999998E+31      0.99999998E+31      0.99999998E+31      0.99999998E+31      0.99999998E+31      0.99999998E+31
      0.99999998E+31      0.99999998E+31      0.99999998E+31      0.99999998E+31      0.99999998E+31      0.99999998E+31      0.99999998E+31      0.99999998E+31      0.99999998E+31      0.99999998E+31
      0.99999998E+31      0.99999998E+31      0.99999998E+31      0.99999998E+31      0.99999998E+31      0.99999998E+31      0.99999998E+31      0.99999998E+31      0.99999998E+31      0.99999998E+31
      0.99999998E+31      0.99999998E+31      0.99999998E+31      0.99999998E+31      0.99999998E+31      0.99999998E+31      0.99999998E+31      0.99999998E+31      0.99999998E+31      0.99999998E+31
      0.99999998E+31      0.99999998E+31      0.99999998E+31      0.99999998E+31      0.99999998E+31      0.99999998E+31      0.99999998E+31      0.99999998E+31      0.99999998E+31      0.99999998E+31
      0.99999998E+31      0.99999998E+31
      0.99999998E+31      0.99999998E+31      0.99999998E+31      0.99999998E+31      0.99999998E+31      0.99999998E+31      0.99999998E+31      0.99999998E+31      0.99999998E+31      0.99999998E+31
      0.99999998E+31      0.99999998E+31      0.99999998E+31      0.99999998E+31      0.99999998E+31      0.99999998E+31      0.99999998E+31      0.99999998E+31      0.99999998E+31      0.99999998E+31
      0.99999998E+31      0.99999998E+31      0.99999998E+31      0.99999998E+31      0.99999998E+31      0.99999998E+31      0.99999998E+31      0.99999998E+31      0.99999998E+31      0.99999998E+31
      0.99999998E+31      0.99999998E+31      0.99999998E+31      0.99999998E+31      0.99999998E+31      0.99999998E+31      0.99999998E+31      0.99999998E+31      0.99999998E+31      0.99999998E+31
      0.99999998E+31      0.99999998E+31      0.99999998E+31      0.99999998E+31      0.99999998E+31      0.99999998E+31      0.99999998E+31      0.99999998E+31      0.99999998E+31      0.99999998E+31
      0.99999998E+31      0.99999998E+31      0.99999998E+31      0.99999998E+31      0.99999998E+31      0.99999998E+31      0.99999998E+31      0.99999998E+31      0.99999998E+31      0.99999998E+31
      0.99999998E+31       1673.9087           1626.3530           1601.2800           1595.0111           1616.0012          0.99999998E+31      0.99999998E+31      0.99999998E+31      0.99999998E+31
      0.99999998E+31      0.99999998E+31      0.99999998E+31      0.99999998E+31      0.99999998E+31      0.99999998E+31      0.99999998E+31      0.99999998E+31      0.99999998E+31      0.99999998E+31
      0.99999998E+31      0.99999998E+31      0.99999998E+31      0.99999998E+31      0.99999998E+31      0.99999998E+31      0.99999998E+31      0.99999998E+31      0.99999998E+31      0.99999998E+31
      0.99999998E+31      0.99999998E+31      0.99999998E+31      0.99999998E+31      0.99999998E+31      0.99999998E+31      0.99999998E+31      0.99999998E+31      0.99999998E+31      0.99999998E+31
      0.99999998E+31      0.99999998E+31      0.99999998E+31      0.99999998E+31      0.99999998E+31      0.99999998E+31      0.99999998E+31      0.99999998E+31      0.99999998E+31      0.99999998E+31
      0.99999998E+31       1428.1238           1430.8840           1419.9032           1420.1748           1421.3224           1425.7068           1442.2283           1452.2717           1454.7473    
       1459.8287           1454.4375          0.99999998E+31      0.99999998E+31      0.99999998E+31      0.99999998E+31      0.99999998E+31      0.99999998E+31      0.99999998E+31      0.99999998E+31
      0.99999998E+31      0.99999998E+31      0.99999998E+31      0.99999998E+31      0.99999998E+31      0.99999998E+31      0.99999998E+31      0.99999998E+31      0.99999998E+31      0.99999998E+31
      0.99999998E+31      0.99999998E+31      0.99999998E+31      0.99999998E+31      0.99999998E+31      0.99999998E+31      0.99999998E+31      0.99999998E+31      0.99999998E+31      0.99999998E+31
      0.99999998E+31      0.99999998E+31      0.99999998E+31      0.99999998E+31      0.99999998E+31      0.99999998E+31      0.99999998E+31      0.99999998E+31      0.99999998E+31      0.99999998E+31
      0.99999998E+31      0.99999998E+31      0.99999998E+31      0.99999998E+31      0.99999998E+31      0.99999998E+31      0.99999998E+31      0.99999998E+31      0.99999998E+31      0.99999998E+31
      0.99999998E+31      0.99999998E+31      0.99999998E+31      0.99999998E+31      0.99999998E+31      0.99999998E+31      0.99999998E+31      0.99999998E+31      0.99999998E+31      0.99999998E+31
      0.99999998E+31      0.99999998E+31      0.99999998E+31      0.99999998E+31      0.99999998E+31      0.99999998E+31      0.99999998E+31      0.99999998E+31      0.99999998E+31      0.99999998E+31
      0.99999998E+31      0.99999998E+31      0.99999998E+31      0.99999998E+31      0.99999998E+31      0.99999998E+31      0.99999998E+31      0.99999998E+31      0.99999998E+31      0.99999998E+31
      0.99999998E+31      0.99999998E+31      0.99999998E+31      0.99999998E+31      0.99999998E+31      0.99999998E+31      0.99999998E+31      0.99999998E+31      0.99999998E+31      0.99999998E+31
      0.99999998E+31      0.99999998E+31      0.99999998E+31      0.99999998E+31      0.99999998E+31      0.99999998E+31      0.99999998E+31      0.99999998E+31      0.99999998E+31      0.99999998E+31
      0.99999998E+31      0.99999998E+31
      0.99999998E+31      0.99999998E+31      0.99999998E+31      0.99999998E+31      0.99999998E+31      0.99999998E+31      0.99999998E+31      0.99999998E+31      0.99999998E+31      0.99999998E+31
      0.99999998E+31      0.99999998E+31      0.99999998E+31      0.99999998E+31      0.99999998E+31      0.99999998E+31      0.99999998E+31      0.99999998E+31      0.99999998E+31      0.99999998E+31
      0.99999998E+31      0.99999998E+31      0.99999998E+31      0.99999998E+31      0.99999998E+31      0.99999998E+31      0.99999998E+31      0.99999998E+31      0.99999998E+31      0.99999998E+31
      0.99999998E+31      0.99999998E+31      0.99999998E+31      0.99999998E+31      0.99999998E+31      0.99999998E+31      0.99999998E+31      0.99999998E+31      0.99999998E+31      0.99999998E+31
      0.99999998E+31      0.99999998E+31      0.99999998E+31      0.99999998E+31      0.99999998E+31      0.99999998E+31      0.99999998E+31      0.99999998E+31      0.99999998E+31      0.99999998E+31
      0.99999998E+31      0.99999998E+31      0.99999998E+31      0.99999998E+31      0.99999998E+31      0.99999998E+31      0.99999998E+31      0.99999998E+31      0.99999998E+31      0.99999998E+31
      0.99999998E+31       1631.8468           1611.8547           1578.6744           1562.2037           1587.0009          0.99999998E+31      0.99999998E+31      0.99999998E+31      0.99999998E+31
      0.99999998E+31      0.99999998E+31      0.99999998E+31      0.99999998E+31      0.99999998E+31      0.99999998E+31      0.99999998E+31      0.99999998E+31      0.99999998E+31      0.99999998E+31
      0.99999998E+31      0.99999998E+31      0.99999998E+31      0.99999998E+31      0.99999998E+31      0.99999998E+31      0.99999998E+31      0.99999998E+31      0.99999998E+31      0.99999998E+31
      0.99999998E+31      0.99999998E+31      0.99999998E+31      0.99999998E+31      0.99999998E+31      0.99999998E+31      0.99999998E+31      0.99999998E+31      0.99999998E+31      0.99999998E+31
      0.99999998E+31      0.99999998E+31      0.99999998E+31      0.99999998E+31      0.99999998E+31      0.99999998E+31      0.99999998E+31      0.99999998E+31      0.99999998E+31      0.99999998E+31
      0.99999998E+31       1422.6079           1412.5822           1414.1379           1416.1710           1418.1497           1422.1367           1434.6681           1444.3564           1448.7195    
       1499.9197           1526.3165           1457.0383           1465.4462          0.99999998E+31      0.99999998E+31      0.99999998E+31      0.99999998E+31      0.99999998E+31      0.99999998E+31
      0.99999998E+31      0.99999998E+31      0.99999998E+31      0.99999998E+31      0.99999998E+31      0.99999998E+31      0.99999998E+31      0.99999998E+31      0.99999998E+31      0.99999998E+31
      0.99999998E+31      0.99999998E+31      0.99999998E+31      0.99999998E+31      0.99999998E+31      0.99999998E+31      0.99999998E+31      0.99999998E+31      0.99999998E+31      0.99999998E+31
      0.99999998E+31      0.99999998E+31      0.99999998E+31      0.99999998E+31      0.99999998E+31      0.99999998E+31      0.99999998E+31      0.99999998E+31      0.99999998E+31      0.99999998E+31
      0.99999998E+31      0.99999998E+31      0.99999998E+31      0.99999998E+31      0.99999998E+31      0.99999998E+31      0.99999998E+31      0.99999998E+31      0.99999998E+31      0.99999998E+31
      0.99999998E+31      0.99999998E+31      0.99999998E+31      0.99999998E+31      0.99999998E+31      0.99999998E+31      0.99999998E+31      0.99999998E+31      0.99999998E+31      0.99999998E+31
      0.99999998E+31      0.99999998E+31      0.99999998E+31      0.99999998E+31      0.99999998E+31      0.99999998E+31      0.99999998E+31      0.99999998E+31      0.99999998E+31      0.99999998E+31
      0.99999998E+31      0.99999998E+31      0.99999998E+31      0.99999998E+31      0.99999998E+31      0.99999998E+31      0.99999998E+31      0.99999998E+31      0.99999998E+31      0.99999998E+31
      0.99999998E+31      0.99999998E+31      0.99999998E+31      0.99999998E+31      0.99999998E+31      0.99999998E+31      0.99999998E+31      0.99999998E+31      0.99999998E+31      0.99999998E+31
      0.99999998E+31      0.99999998E+31      0.99999998E+31      0.99999998E+31      0.99999998E+31      0.99999998E+31      0.99999998E+31      0.99999998E+31      0.99999998E+31      0.99999998E+31
      0.99999998E+31      0.99999998E+31
      0.99999998E+31      0.99999998E+31      0.99999998E+31      0.99999998E+31      0.99999998E+31      0.99999998E+31      0.99999998E+31      0.99999998E+31      0.99999998E+31      0.99999998E+31
      0.99999998E+31      0.99999998E+31      0.99999998E+31      0.99999998E+31      0.99999998E+31      0.99999998E+31      0.99999998E+31      0.99999998E+31      0.99999998E+31      0.99999998E+31
      0.99999998E+31      0.99999998E+31      0.99999998E+31      0.99999998E+31      0.99999998E+31      0.99999998E+31      0.99999998E+31      0.99999998E+31      0.99999998E+31      0.99999998E+31
      0.99999998E+31      0.99999998E+31      0.99999998E+31      0.99999998E+31      0.99999998E+31      0.99999998E+31      0.99999998E+31      0.99999998E+31      0.99999998E+31      0.99999998E+31
      0.99999998E+31      0.99999998E+31      0.99999998E+31      0.99999998E+31      0.99999998E+31      0.99999998E+31      0.99999998E+31      0.99999998E+31      0.99999998E+31      0.99999998E+31
      0.99999998E+31      0.99999998E+31      0.99999998E+31      0.99999998E+31      0.99999998E+31      0.99999998E+31      0.99999998E+31      0.99999998E+31      0.99999998E+31      0.99999998E+31
      0.99999998E+31       1607.0953           1560.1101           1546.8149           1535.2167           1515.3190           1531.0010           1586.0004           1604.0004           1573.0006    
       1573.0004           1525.0006           1525.0005           1525.0005           1525.0005           1620.0002           1616.0007           1612.0010           1614.0007           1608.0015    
       1633.0006           1668.0000           1689.0000           1685.0000           1664.0000          0.99999998E+31      0.99999998E+31      0.99999998E+31      0.99999998E+31      0.99999998E+31
      0.99999998E+31      0.99999998E+31      0.99999998E+31      0.99999998E+31      0.99999998E+31      0.99999998E+31      0.99999998E+31      0.99999998E+31      0.99999998E+31      0.99999998E+31
      0.99999998E+31      0.99999998E+31      0.99999998E+31      0.99999998E+31      0.99999998E+31      0.99999998E+31      0.99999998E+31      0.99999998E+31      0.99999998E+31      0.99999998E+31
      0.99999998E+31       1409.5815           1410.2938           1411.2872           1413.1274           1415.2400           1419.8734           1428.4041           1442.3688           1446.6694    
       1457.6957           1454.2623           1455.2744           1467.9501           1489.2964           1562.3241           1500.8979          0.99999998E+31      0.99999998E+31      0.99999998E+31
      0.99999998E+31      0.99999998E+31      0.99999998E+31      0.99999998E+31      0.99999998E+31      0.99999998E+31      0.99999998E+31      0.99999998E+31      0.99999998E+31      0.99999998E+31
      0.99999998E+31      0.99999998E+31      0.99999998E+31      0.99999998E+31      0.99999998E+31      0.99999998E+31      0.99999998E+31      0.99999998E+31      0.99999998E+31      0.99999998E+31
      0.99999998E+31      0.99999998E+31      0.99999998E+31      0.99999998E+31      0.99999998E+31      0.99999998E+31      0.99999998E+31      0.99999998E+31      0.99999998E+31      0.99999998E+31
      0.99999998E+31      0.99999998E+31      0.99999998E+31      0.99999998E+31      0.99999998E+31      0.99999998E+31      0.99999998E+31      0.99999998E+31      0.99999998E+31      0.99999998E+31
      0.99999998E+31      0.99999998E+31      0.99999998E+31      0.99999998E+31      0.99999998E+31      0.99999998E+31      0.99999998E+31      0.99999998E+31      0.99999998E+31      0.99999998E+31
      0.99999998E+31      0.99999998E+31      0.99999998E+31      0.99999998E+31      0.99999998E+31      0.99999998E+31      0.99999998E+31      0.99999998E+31      0.99999998E+31      0.99999998E+31
      0.99999998E+31      0.99999998E+31      0.99999998E+31      0.99999998E+31      0.99999998E+31      0.99999998E+31      0.99999998E+31      0.99999998E+31      0.99999998E+31      0.99999998E+31
      0.99999998E+31      0.99999998E+31      0.99999998E+31      0.99999998E+31      0.99999998E+31      0.99999998E+31      0.99999998E+31      0.99999998E+31      0.99999998E+31      0.99999998E+31
      0.99999998E+31      0.99999998E+31      0.99999998E+31      0.99999998E+31      0.99999998E+31      0.99999998E+31      0.99999998E+31      0.99999998E+31      0.99999998E+31      0.99999998E+31
      0.99999998E+31      0.99999998E+31
      0.99999998E+31      0.99999998E+31      0.99999998E+31      0.99999998E+31      0.99999998E+31      0.99999998E+31      0.99999998E+31      0.99999998E+31      0.99999998E+31      0.99999998E+31
      0.99999998E+31      0.99999998E+31      0.99999998E+31      0.99999998E+31      0.99999998E+31      0.99999998E+31      0.99999998E+31      0.99999998E+31      0.99999998E+31      0.99999998E+31
      0.99999998E+31      0.99999998E+31      0.99999998E+31      0.99999998E+31      0.99999998E+31      0.99999998E+31      0.99999998E+31      0.99999998E+31      0.99999998E+31      0.99999998E+31
      0.99999998E+31      0.99999998E+31      0.99999998E+31      0.99999998E+31      0.99999998E+31      0.99999998E+31      0.99999998E+31      0.99999998E+31      0.99999998E+31      0.99999998E+31
      0.99999998E+31      0.99999998E+31      0.99999998E+31      0.99999998E+31      0.99999998E+31      0.99999998E+31      0.99999998E+31      0.99999998E+31      0.99999998E+31      0.99999998E+31
      0.99999998E+31      0.99999998E+31      0.99999998E+31      0.99999998E+31      0.99999998E+31      0.99999998E+31      0.99999998E+31      0.99999998E+31      0.99999998E+31      0.99999998E+31
      0.99999998E+31       1540.1194           1527.5900           1511.4275           1498.6855           1488.3691           1479.9254           1478.3531           1479.0004           1476.0004    
       1433.0004           1383.0010           1378.0006           1332.0015           1330.0017           1473.0002           1566.0001           1572.0004           1566.0007           1573.0011    
       1593.0002           1618.0000           1632.0000           1626.0000           1612.0000          0.99999998E+31      0.99999998E+31      0.99999998E+31      0.99999998E+31      0.99999998E+31
      0.99999998E+31      0.99999998E+31      0.99999998E+31      0.99999998E+31      0.99999998E+31      0.99999998E+31      0.99999998E+31      0.99999998E+31      0.99999998E+31      0.99999998E+31
      0.99999998E+31      0.99999998E+31      0.99999998E+31      0.99999998E+31      0.99999998E+31      0.99999998E+31      0.99999998E+31       1405.4976           1405.9813           1406.9659    
       1406.8671           1407.1591           1407.8153           1408.7448           1409.8745           1411.3298          0.99999998E+31      0.99999998E+31      0.99999998E+31      0.99999998E+31
       1453.5477           1454.9424           1453.8804           1453.4832           1468.1167           1492.5135           1491.5323           1487.0328           1512.8907           1537.5382    
      0.99999998E+31      0.99999998E+31      0.99999998E+31      0.99999998E+31      0.99999998E+31      0.99999998E+31      0.99999998E+31      0.99999998E+31      0.99999998E+31      0.99999998E+31
      0.99999998E+31      0.99999998E+31      0.99999998E+31      0.99999998E+31      0.99999998E+31      0.99999998E+31      0.99999998E+31      0.99999998E+31      0.99999998E+31      0.99999998E+31
      0.99999998E+31      0.99999998E+31      0.99999998E+31      0.99999998E+31      0.99999998E+31      0.99999998E+31      0.99999998E+31      0.99999998E+31      0.99999998E+31      0.99999998E+31
      0.99999998E+31      0.99999998E+31      0.99999998E+31      0.99999998E+31      0.99999998E+31      0.99999998E+31      0.99999998E+31      0.99999998E+31      0.99999998E+31      0.99999998E+31
      0.99999998E+31      0.99999998E+31      0.99999998E+31      0.99999998E+31      0.99999998E+31      0.99999998E+31      0.99999998E+31      0.99999998E+31      0.99999998E+31      0.99999998E+31
      0.99999998E+31      0.99999998E+31      0.99999998E+31      0.99999998E+31      0.99999998E+31      0.99999998E+31      0.99999998E+31      0.99999998E+31      0.99999998E+31      0.99999998E+31
      0.99999998E+31      0.99999998E+31      0.99999998E+31      0.99999998E+31      0.99999998E+31      0.99999998E+31      0.99999998E+31      0.99999998E+31      0.99999998E+31      0.99999998E+31
      0.99999998E+31      0.99999998E+31      0.99999998E+31      0.99999998E+31      0.99999998E+31      0.99999998E+31      0.99999998E+31      0.99999998E+31      0.99999998E+31      0.99999998E+31
      0.99999998E+31      0.99999998E+31      0.99999998E+31      0.99999998E+31      0.99999998E+31      0.99999998E+31      0.99999998E+31      0.99999998E+31      0.99999998E+31      0.99999998E+31
      0.99999998E+31      0.99999998E+31
      0.99999998E+31      0.99999998E+31      0.99999998E+31      0.99999998E+31      0.99999998E+31      0.99999998E+31      0.99999998E+31      0.99999998E+31      0.99999998E+31      0.99999998E+31
      0.99999998E+31      0.99999998E+31      0.99999998E+31      0.99999998E+31      0.99999998E+31      0.99999998E+31      0.99999998E+31      0.99999998E+31      0.99999998E+31      0.99999998E+31
      0.99999998E+31      0.99999998E+31      0.99999998E+31      0.99999998E+31      0.99999998E+31      0.99999998E+31      0.99999998E+31      0.99999998E+31      0.99999998E+31      0.99999998E+31
      0.99999998E+31      0.99999998E+31      0.99999998E+31      0.99999998E+31      0.99999998E+31      0.99999998E+31      0.99999998E+31      0.99999998E+31      0.99999998E+31      0.99999998E+31
      0.99999998E+31      0.99999998E+31      0.99999998E+31      0.99999998E+31      0.99999998E+31      0.99999998E+31      0.99999998E+31      0.99999998E+31      0.99999998E+31      0.99999998E+31
      0.99999998E+31      0.99999998E+31      0.99999998E+31      0.99999998E+31      0.99999998E+31      0.99999998E+31      0.99999998E+31      0.99999998E+31      0.99999998E+31      0.99999998E+31
      0.99999998E+31       1650.9261           1499.8790           1482.1666           1465.4504           1449.9556           1428.8983           1408.2755           1388.5176           1357.1108    
       1322.9094           1306.0187           1301.9218           1285.6469           1280.1278           1278.3540           1327.0007           1448.0002           1513.0002           1532.0007    
       1534.0006           1565.0000           1560.0000           1580.0000           1563.0000           1543.0000          0.99999998E+31      0.99999998E+31      0.99999998E+31      0.99999998E+31
      0.99999998E+31      0.99999998E+31      0.99999998E+31      0.99999998E+31      0.99999998E+31      0.99999998E+31      0.99999998E+31      0.99999998E+31      0.99999998E+31      0.99999998E+31
      0.99999998E+31      0.99999998E+31      0.99999998E+31      0.99999998E+31      0.99999998E+31      0.99999998E+31       1404.5891           1404.5051           1404.6604           1404.2692    
       1404.7323           1405.4078           1405.8701           1406.3226           1407.0134           1407.8127          0.99999998E+31      0.99999998E+31      0.99999998E+31      0.99999998E+31
      0.99999998E+31       1453.0090           1452.9591           1449.7864           1445.8766           1444.4171           1442.3467           1445.3773           1459.8142           1477.9065    
      0.99999998E+31      0.99999998E+31      0.99999998E+31      0.99999998E+31      0.99999998E+31      0.99999998E+31      0.99999998E+31      0.99999998E+31      0.99999998E+31      0.99999998E+31
      0.99999998E+31      0.99999998E+31      0.99999998E+31      0.99999998E+31      0.99999998E+31      0.99999998E+31      0.99999998E+31      0.99999998E+31      0.99999998E+31      0.99999998E+31
      0.99999998E+31      0.99999998E+31      0.99999998E+31      0.99999998E+31      0.99999998E+31      0.99999998E+31      0.99999998E+31      0.99999998E+31      0.99999998E+31      0.99999998E+31
      0.99999998E+31      0.99999998E+31      0.99999998E+31      0.99999998E+31      0.99999998E+31      0.99999998E+31      0.99999998E+31      0.99999998E+31      0.99999998E+31      0.99999998E+31
      0.99999998E+31      0.99999998E+31      0.99999998E+31      0.99999998E+31      0.99999998E+31      0.99999998E+31      0.99999998E+31      0.99999998E+31      0.99999998E+31      0.99999998E+31
      0.99999998E+31      0.99999998E+31      0.99999998E+31      0.99999998E+31      0.99999998E+31      0.99999998E+31      0.99999998E+31      0.99999998E+31      0.99999998E+31      0.99999998E+31
      0.99999998E+31      0.99999998E+31      0.99999998E+31      0.99999998E+31      0.99999998E+31      0.99999998E+31      0.99999998E+31      0.99999998E+31      0.99999998E+31      0.99999998E+31
      0.99999998E+31      0.99999998E+31      0.99999998E+31      0.99999998E+31      0.99999998E+31      0.99999998E+31      0.99999998E+31      0.99999998E+31      0.99999998E+31      0.99999998E+31
      0.99999998E+31      0.99999998E+31      0.99999998E+31      0.99999998E+31      0.99999998E+31      0.99999998E+31      0.99999998E+31      0.99999998E+31      0.99999998E+31      0.99999998E+31
      0.99999998E+31      0.99999998E+31
      0.99999998E+31      0.99999998E+31      0.99999998E+31      0.99999998E+31      0.99999998E+31      0.99999998E+31      0.99999998E+31      0.99999998E+31      0.99999998E+31      0.99999998E+31
      0.99999998E+31      0.99999998E+31      0.99999998E+31      0.99999998E+31      0.99999998E+31      0.99999998E+31      0.99999998E+31      0.99999998E+31      0.99999998E+31      0.99999998E+31
      0.99999998E+31      0.99999998E+31      0.99999998E+31      0.99999998E+31      0.99999998E+31      0.99999998E+31      0.99999998E+31      0.99999998E+31      0.99999998E+31      0.99999998E+31
      0.99999998E+31      0.99999998E+31      0.99999998E+31      0.99999998E+31      0.99999998E+31      0.99999998E+31      0.99999998E+31      0.99999998E+31      0.99999998E+31      0.99999998E+31
      0.99999998E+31      0.99999998E+31      0.99999998E+31      0.99999998E+31      0.99999998E+31      0.99999998E+31      0.99999998E+31      0.99999998E+31      0.99999998E+31      0.99999998E+31
      0.99999998E+31      0.99999998E+31      0.99999998E+31      0.99999998E+31      0.99999998E+31      0.99999998E+31      0.99999998E+31      0.99999998E+31      0.99999998E+31      0.99999998E+31
      0.99999998E+31       1621.0448           1474.3444           1454.5657           1438.5238           1422.8652           1403.6198           1382.9551           1366.9006           1347.5250    
       1323.7982           1303.4482           1294.5272           1286.5876           1280.4012           1278.1307           1276.8336           1276.2366           1374.0004           1486.0002    
       1512.0001           1490.0001           1509.0000           1524.0000           1504.0000           1487.0000          0.99999998E+31      0.99999998E+31      0.99999998E+31      0.99999998E+31
      0.99999998E+31      0.99999998E+31      0.99999998E+31      0.99999998E+31      0.99999998E+31      0.99999998E+31      0.99999998E+31      0.99999998E+31      0.99999998E+31      0.99999998E+31
      0.99999998E+31      0.99999998E+31      0.99999998E+31      0.99999998E+31       1416.2113           1412.1659           1403.9924           1402.9983           1402.7235           1402.8356    
       1403.1458           1403.5793           1403.8324           1403.9783           1404.1293           1404.4274          0.99999998E+31      0.99999998E+31      0.99999998E+31      0.99999998E+31
      0.99999998E+31      0.99999998E+31       1450.2391           1448.6223           1441.9408           1427.2539           1418.3798           1404.2556           1398.1550           1383.7908    
       1345.5928          0.99999998E+31      0.99999998E+31      0.99999998E+31      0.99999998E+31      0.99999998E+31      0.99999998E+31      0.99999998E+31      0.99999998E+31      0.99999998E+31
      0.99999998E+31      0.99999998E+31      0.99999998E+31      0.99999998E+31      0.99999998E+31      0.99999998E+31      0.99999998E+31      0.99999998E+31      0.99999998E+31      0.99999998E+31
      0.99999998E+31      0.99999998E+31      0.99999998E+31      0.99999998E+31      0.99999998E+31      0.99999998E+31      0.99999998E+31      0.99999998E+31      0.99999998E+31      0.99999998E+31
      0.99999998E+31      0.99999998E+31      0.99999998E+31      0.99999998E+31      0.99999998E+31      0.99999998E+31      0.99999998E+31      0.99999998E+31      0.99999998E+31      0.99999998E+31
      0.99999998E+31      0.99999998E+31      0.99999998E+31      0.99999998E+31      0.99999998E+31      0.99999998E+31      0.99999998E+31      0.99999998E+31      0.99999998E+31      0.99999998E+31
      0.99999998E+31      0.99999998E+31      0.99999998E+31      0.99999998E+31      0.99999998E+31      0.99999998E+31      0.99999998E+31      0.99999998E+31      0.99999998E+31      0.99999998E+31
      0.99999998E+31      0.99999998E+31      0.99999998E+31      0.99999998E+31      0.99999998E+31      0.99999998E+31      0.99999998E+31      0.99999998E+31      0.99999998E+31      0.99999998E+31
      0.99999998E+31      0.99999998E+31      0.99999998E+31      0.99999998E+31      0.99999998E+31      0.99999998E+31      0.99999998E+31      0.99999998E+31      0.99999998E+31      0.99999998E+31
      0.99999998E+31      0.99999998E+31      0.99999998E+31      0.99999998E+31      0.99999998E+31      0.99999998E+31      0.99999998E+31      0.99999998E+31      0.99999998E+31      0.99999998E+31
      0.99999998E+31      0.99999998E+31
      0.99999998E+31      0.99999998E+31      0.99999998E+31      0.99999998E+31      0.99999998E+31      0.99999998E+31      0.99999998E+31      0.99999998E+31      0.99999998E+31      0.99999998E+31
      0.99999998E+31      0.99999998E+31      0.99999998E+31      0.99999998E+31      0.99999998E+31      0.99999998E+31      0.99999998E+31      0.99999998E+31      0.99999998E+31      0.99999998E+31
      0.99999998E+31      0.99999998E+31      0.99999998E+31      0.99999998E+31      0.99999998E+31      0.99999998E+31      0.99999998E+31      0.99999998E+31      0.99999998E+31      0.99999998E+31
      0.99999998E+31      0.99999998E+31      0.99999998E+31      0.99999998E+31      0.99999998E+31      0.99999998E+31      0.99999998E+31      0.99999998E+31      0.99999998E+31      0.99999998E+31
      0.99999998E+31      0.99999998E+31      0.99999998E+31      0.99999998E+31      0.99999998E+31      0.99999998E+31      0.99999998E+31      0.99999998E+31      0.99999998E+31      0.99999998E+31
      0.99999998E+31      0.99999998E+31      0.99999998E+31      0.99999998E+31      0.99999998E+31      0.99999998E+31      0.99999998E+31      0.99999998E+31      0.99999998E+31      0.99999998E+31
      0.99999998E+31       1636.3660           1449.3413           1429.5183           1415.6832           1401.6824           1388.1068           1372.4167           1354.2535           1335.3322    
       1317.0115           1302.1833           1293.1494           1285.9020           1280.7667           1278.2139           1276.8632           1276.0784           1275.8557           1345.0002    
       1460.0001           1460.0000           1453.0000           1463.0000           1460.0000           1445.0000          0.99999998E+31      0.99999998E+31      0.99999998E+31      0.99999998E+31
      0.99999998E+31      0.99999998E+31      0.99999998E+31      0.99999998E+31      0.99999998E+31      0.99999998E+31      0.99999998E+31      0.99999998E+31      0.99999998E+31      0.99999998E+31
      0.99999998E+31      0.99999998E+31      0.99999998E+31      0.99999998E+31       1413.4470           1412.0887           1403.3120           1402.4291           1401.9937           1401.7504    
       1401.6586           1401.5861           1401.6278           1401.7079           1401.5300           1401.0868           1399.6837          0.99999998E+31      0.99999998E+31      0.99999998E+31
      0.99999998E+31      0.99999998E+31      0.99999998E+31       1440.3329           1431.1760           1419.1288           1396.4801           1378.1764           1356.4919           1334.0200    
       1340.5314           1619.4133           1800.1105          0.99999998E+31      0.99999998E+31      0.99999998E+31      0.99999998E+31      0.99999998E+31      0.99999998E+31      0.99999998E+31
      0.99999998E+31      0.99999998E+31      0.99999998E+31      0.99999998E+31      0.99999998E+31      0.99999998E+31      0.99999998E+31      0.99999998E+31      0.99999998E+31      0.99999998E+31
      0.99999998E+31      0.99999998E+31      0.99999998E+31      0.99999998E+31      0.99999998E+31      0.99999998E+31      0.99999998E+31      0.99999998E+31      0.99999998E+31      0.99999998E+31
      0.99999998E+31      0.99999998E+31      0.99999998E+31      0.99999998E+31      0.99999998E+31      0.99999998E+31      0.99999998E+31      0.99999998E+31      0.99999998E+31      0.99999998E+31
      0.99999998E+31      0.99999998E+31      0.99999998E+31      0.99999998E+31      0.99999998E+31      0.99999998E+31      0.99999998E+31      0.99999998E+31      0.99999998E+31      0.99999998E+31
      0.99999998E+31      0.99999998E+31      0.99999998E+31      0.99999998E+31      0.99999998E+31      0.99999998E+31      0.99999998E+31      0.99999998E+31      0.99999998E+31      0.99999998E+31
      0.99999998E+31      0.99999998E+31      0.99999998E+31      0.99999998E+31      0.99999998E+31      0.99999998E+31      0.99999998E+31      0.99999998E+31      0.99999998E+31      0.99999998E+31
      0.99999998E+31      0.99999998E+31      0.99999998E+31      0.99999998E+31      0.99999998E+31      0.99999998E+31      0.99999998E+31      0.99999998E+31      0.99999998E+31      0.99999998E+31
      0.99999998E+31      0.99999998E+31      0.99999998E+31      0.99999998E+31      0.99999998E+31      0.99999998E+31      0.99999998E+31      0.99999998E+31      0.99999998E+31      0.99999998E+31
      0.99999998E+31      0.99999998E+31
      0.99999998E+31      0.99999998E+31      0.99999998E+31      0.99999998E+31      0.99999998E+31      0.99999998E+31      0.99999998E+31      0.99999998E+31      0.99999998E+31      0.99999998E+31
      0.99999998E+31      0.99999998E+31      0.99999998E+31      0.99999998E+31      0.99999998E+31      0.99999998E+31      0.99999998E+31      0.99999998E+31      0.99999998E+31      0.99999998E+31
      0.99999998E+31      0.99999998E+31      0.99999998E+31      0.99999998E+31      0.99999998E+31      0.99999998E+31      0.99999998E+31      0.99999998E+31      0.99999998E+31      0.99999998E+31
      0.99999998E+31      0.99999998E+31      0.99999998E+31      0.99999998E+31      0.99999998E+31      0.99999998E+31      0.99999998E+31      0.99999998E+31      0.99999998E+31      0.99999998E+31
      0.99999998E+31      0.99999998E+31      0.99999998E+31      0.99999998E+31      0.99999998E+31      0.99999998E+31      0.99999998E+31      0.99999998E+31      0.99999998E+31      0.99999998E+31
      0.99999998E+31      0.99999998E+31      0.99999998E+31      0.99999998E+31      0.99999998E+31      0.99999998E+31      0.99999998E+31       1668.3597           1620.3336           1570.0969    
       1645.2089           1478.5009           1424.5946           1406.2788           1394.1320           1382.4235           1370.0607           1356.1764           1339.5225           1322.7825    
       1309.6750           1299.3986           1291.7875           1285.0758           1280.8602           1278.3639           1276.9662           1276.5068           1276.9700           1278.8826    
       1281.6355           1285.4598           1290.3995           1296.2006           1301.7113           1305.2152          0.99999998E+31      0.99999998E+31      0.99999998E+31      0.99999998E+31
      0.99999998E+31      0.99999998E+31      0.99999998E+31      0.99999998E+31      0.99999998E+31      0.99999998E+31      0.99999998E+31      0.99999998E+31      0.99999998E+31      0.99999998E+31
      0.99999998E+31      0.99999998E+31      0.99999998E+31       1403.4147           1407.3060           1405.1288           1402.9828           1401.9673           1401.4237           1400.8705    
       1400.4426           1399.5856           1399.3572           1399.6201           1399.1829           1398.5959           1398.2648          0.99999998E+31      0.99999998E+31      0.99999998E+31
      0.99999998E+31      0.99999998E+31      0.99999998E+31      0.99999998E+31       1417.8668           1397.2230           1378.3281           1357.7135           1335.2603           1312.8004    
       1295.3412           1360.3337           1619.0758          0.99999998E+31      0.99999998E+31      0.99999998E+31      0.99999998E+31      0.99999998E+31      0.99999998E+31      0.99999998E+31
      0.99999998E+31      0.99999998E+31      0.99999998E+31      0.99999998E+31      0.99999998E+31      0.99999998E+31      0.99999998E+31      0.99999998E+31      0.99999998E+31      0.99999998E+31
      0.99999998E+31      0.99999998E+31      0.99999998E+31      0.99999998E+31      0.99999998E+31      0.99999998E+31      0.99999998E+31      0.99999998E+31      0.99999998E+31      0.99999998E+31
      0.99999998E+31      0.99999998E+31      0.99999998E+31      0.99999998E+31      0.99999998E+31      0.99999998E+31      0.99999998E+31      0.99999998E+31      0.99999998E+31      0.99999998E+31
      0.99999998E+31      0.99999998E+31      0.99999998E+31      0.99999998E+31      0.99999998E+31      0.99999998E+31      0.99999998E+31      0.99999998E+31      0.99999998E+31      0.99999998E+31
      0.99999998E+31      0.99999998E+31      0.99999998E+31      0.99999998E+31      0.99999998E+31      0.99999998E+31      0.99999998E+31      0.99999998E+31      0.99999998E+31      0.99999998E+31
      0.99999998E+31      0.99999998E+31      0.99999998E+31      0.99999998E+31      0.99999998E+31      0.99999998E+31      0.99999998E+31      0.99999998E+31      0.99999998E+31      0.99999998E+31
      0.99999998E+31      0.99999998E+31      0.99999998E+31      0.99999998E+31      0.99999998E+31      0.99999998E+31      0.99999998E+31      0.99999998E+31      0.99999998E+31      0.99999998E+31
      0.99999998E+31      0.99999998E+31      0.99999998E+31      0.99999998E+31      0.99999998E+31      0.99999998E+31      0.99999998E+31      0.99999998E+31      0.99999998E+31      0.99999998E+31
      0.99999998E+31      0.99999998E+31
      0.99999998E+31      0.99999998E+31      0.99999998E+31      0.99999998E+31      0.99999998E+31      0.99999998E+31      0.99999998E+31      0.99999998E+31      0.99999998E+31      0.99999998E+31
      0.99999998E+31      0.99999998E+31      0.99999998E+31      0.99999998E+31      0.99999998E+31      0.99999998E+31      0.99999998E+31      0.99999998E+31      0.99999998E+31      0.99999998E+31
      0.99999998E+31      0.99999998E+31      0.99999998E+31      0.99999998E+31      0.99999998E+31      0.99999998E+31       1265.8624           1267.8959           1268.3597           1267.3107    
       1266.9495           1260.4896           1256.8230           1256.2112           1255.9912           1254.7545           1257.9980           1260.3402           1261.7654           1261.9910    
       1261.5200           1260.1237           1267.3236           1275.5601           1280.7743           1278.9796           1271.4037           1269.6323           1268.8423          0.99999998E+31
      0.99999998E+31      0.99999998E+31      0.99999998E+31      0.99999998E+31      0.99999998E+31      0.99999998E+31      0.99999998E+31       1625.2455           1493.8871           1503.0669    
       1471.6886           1417.3871           1401.0652           1384.2317           1374.5334           1364.6206           1353.8544           1341.2616           1326.9413           1313.0070    
       1302.4807           1294.9258           1289.8582           1284.5308           1280.6302           1277.9713           1276.0042           1277.0464           1278.1719           1280.5599    
       1284.1643           1289.2937           1295.9043           1302.9222           1308.6443           1312.3241          0.99999998E+31      0.99999998E+31      0.99999998E+31      0.99999998E+31
      0.99999998E+31      0.99999998E+31      0.99999998E+31      0.99999998E+31      0.99999998E+31      0.99999998E+31      0.99999998E+31      0.99999998E+31      0.99999998E+31      0.99999998E+31
      0.99999998E+31      0.99999998E+31      0.99999998E+31       1399.5201           1405.0038           1405.1667           1402.2817           1401.2148           1400.8419           1400.1063    
       1399.7286           1399.2047           1398.6428           1397.9633           1396.9506           1395.9122           1395.0839          0.99999998E+31      0.99999998E+31      0.99999998E+31
      0.99999998E+31      0.99999998E+31      0.99999998E+31      0.99999998E+31      0.99999998E+31       1387.1486           1371.5598           1344.5797           1320.6979           1295.4786    
       1272.5892           1256.3191           1320.1196           1225.5742           1219.0618           1212.2325          0.99999998E+31      0.99999998E+31      0.99999998E+31      0.99999998E+31
      0.99999998E+31      0.99999998E+31      0.99999998E+31      0.99999998E+31      0.99999998E+31      0.99999998E+31      0.99999998E+31      0.99999998E+31      0.99999998E+31      0.99999998E+31
      0.99999998E+31      0.99999998E+31      0.99999998E+31      0.99999998E+31      0.99999998E+31      0.99999998E+31      0.99999998E+31      0.99999998E+31      0.99999998E+31      0.99999998E+31
      0.99999998E+31      0.99999998E+31      0.99999998E+31      0.99999998E+31      0.99999998E+31      0.99999998E+31      0.99999998E+31      0.99999998E+31      0.99999998E+31      0.99999998E+31
      0.99999998E+31      0.99999998E+31      0.99999998E+31      0.99999998E+31      0.99999998E+31      0.99999998E+31      0.99999998E+31      0.99999998E+31      0.99999998E+31      0.99999998E+31
      0.99999998E+31      0.99999998E+31      0.99999998E+31      0.99999998E+31      0.99999998E+31      0.99999998E+31      0.99999998E+31      0.99999998E+31      0.99999998E+31      0.99999998E+31
      0.99999998E+31      0.99999998E+31      0.99999998E+31      0.99999998E+31      0.99999998E+31      0.99999998E+31      0.99999998E+31      0.99999998E+31      0.99999998E+31      0.99999998E+31
      0.99999998E+31      0.99999998E+31      0.99999998E+31      0.99999998E+31      0.99999998E+31      0.99999998E+31      0.99999998E+31      0.99999998E+31      0.99999998E+31      0.99999998E+31
      0.99999998E+31      0.99999998E+31      0.99999998E+31      0.99999998E+31      0.99999998E+31      0.99999998E+31      0.99999998E+31      0.99999998E+31      0.99999998E+31      0.99999998E+31
      0.99999998E+31      0.99999998E+31
      0.99999998E+31      0.99999998E+31      0.99999998E+31      0.99999998E+31      0.99999998E+31      0.99999998E+31      0.99999998E+31      0.99999998E+31      0.99999998E+31      0.99999998E+31
      0.99999998E+31      0.99999998E+31      0.99999998E+31      0.99999998E+31      0.99999998E+31      0.99999998E+31      0.99999998E+31      0.99999998E+31      0.99999998E+31      0.99999998E+31
      0.99999998E+31      0.99999998E+31      0.99999998E+31      0.99999998E+31      0.99999998E+31      0.99999998E+31       1235.7683           1235.7725           1235.8176           1235.9183    
       1236.1118           1236.4069           1236.9408           1237.9236           1239.3091           1240.6660           1243.2213           1245.5927           1246.7977           1247.2164    
       1247.3435           1246.1543           1246.3718           1246.8042           1247.3964           1248.2089           1249.5677           1252.4574           1256.8673           1274.2334    
       1279.2797           1283.6417           1297.7458           1307.7618           1318.1100           1330.5396           1346.6403           1399.0159           1397.0928           1443.0045    
       1394.1178           1386.6787           1376.4275           1364.3339           1356.6460           1348.4376           1339.4877           1328.5380           1315.6704           1304.6736    
       1296.1628           1290.0206           1285.7048           1282.7633           1279.9479           1276.3284           1275.9701           1276.5922           1279.1899           1282.3804    
       1287.3662           1294.1528           1302.7997           1312.0731           1320.2126           1324.9763          0.99999998E+31      0.99999998E+31      0.99999998E+31      0.99999998E+31
      0.99999998E+31      0.99999998E+31      0.99999998E+31      0.99999998E+31      0.99999998E+31      0.99999998E+31      0.99999998E+31      0.99999998E+31      0.99999998E+31      0.99999998E+31
      0.99999998E+31      0.99999998E+31      0.99999998E+31       1392.9406           1398.8041           1401.1417           1400.4908           1399.8192           1399.5520           1399.4125    
       1399.1118           1398.6711           1397.9084           1396.7296           1394.9362           1392.3213           1387.2156           1382.5519           1378.4165          0.99999998E+31
      0.99999998E+31      0.99999998E+31      0.99999998E+31      0.99999998E+31      0.99999998E+31      0.99999998E+31       1351.0001           1337.2919           1309.4742           1285.4724    
       1252.6002           1232.8214           1217.9963           1207.0583           1199.1417           1196.6738           1199.9399           1199.3943           1206.2620           1211.7963    
      0.99999998E+31      0.99999998E+31      0.99999998E+31      0.99999998E+31      0.99999998E+31      0.99999998E+31      0.99999998E+31      0.99999998E+31      0.99999998E+31      0.99999998E+31
      0.99999998E+31      0.99999998E+31      0.99999998E+31      0.99999998E+31      0.99999998E+31      0.99999998E+31      0.99999998E+31      0.99999998E+31      0.99999998E+31      0.99999998E+31
      0.99999998E+31      0.99999998E+31      0.99999998E+31      0.99999998E+31      0.99999998E+31      0.99999998E+31      0.99999998E+31      0.99999998E+31      0.99999998E+31      0.99999998E+31
      0.99999998E+31      0.99999998E+31      0.99999998E+31      0.99999998E+31      0.99999998E+31      0.99999998E+31      0.99999998E+31      0.99999998E+31      0.99999998E+31      0.99999998E+31
      0.99999998E+31      0.99999998E+31      0.99999998E+31      0.99999998E+31      0.99999998E+31      0.99999998E+31      0.99999998E+31      0.99999998E+31      0.99999998E+31      0.99999998E+31
      0.99999998E+31      0.99999998E+31      0.99999998E+31      0.99999998E+31      0.99999998E+31      0.99999998E+31      0.99999998E+31      0.99999998E+31      0.99999998E+31      0.99999998E+31
      0.99999998E+31      0.99999998E+31      0.99999998E+31      0.99999998E+31      0.99999998E+31      0.99999998E+31      0.99999998E+31      0.99999998E+31      0.99999998E+31      0.99999998E+31
      0.99999998E+31      0.99999998E+31      0.99999998E+31      0.99999998E+31      0.99999998E+31      0.99999998E+31      0.99999998E+31      0.99999998E+31      0.99999998E+31      0.99999998E+31
      0.99999998E+31      0.99999998E+31
      0.99999998E+31      0.99999998E+31      0.99999998E+31      0.99999998E+31      0.99999998E+31      0.99999998E+31      0.99999998E+31      0.99999998E+31      0.99999998E+31      0.99999998E+31
      0.99999998E+31      0.99999998E+31      0.99999998E+31      0.99999998E+31      0.99999998E+31      0.99999998E+31      0.99999998E+31      0.99999998E+31      0.99999998E+31      0.99999998E+31
      0.99999998E+31      0.99999998E+31      0.99999998E+31      0.99999998E+31      0.99999998E+31      0.99999998E+31       1235.3107           1235.2748           1235.2656           1235.2916    
       1235.3596           1235.4663           1235.6426           1236.4863           1237.1194           1237.6431           1238.6423           1240.3386           1242.2928           1243.3396    
       1243.5721           1243.9940           1244.6664           1245.4573           1246.3175           1247.3169           1248.6777           1250.9510           1256.6910           1261.8822    
       1265.9241           1272.0906           1282.5273           1292.0879           1299.2784           1310.0637           1323.7729           1339.5283           1351.6505           1373.9382    
       1359.8494           1356.7405           1352.1438           1347.6720           1341.4946           1333.9492           1325.8931           1316.6671           1306.4779           1297.8312    
       1291.1349           1286.2686           1282.7915           1280.1556           1278.1636           1275.3882           1275.5380           1276.6713           1279.2395           1282.8434    
       1290.6705           1301.5243           1314.6777           1330.3352           1346.3245           1359.6805          0.99999998E+31      0.99999998E+31      0.99999998E+31      0.99999998E+31
      0.99999998E+31      0.99999998E+31      0.99999998E+31      0.99999998E+31      0.99999998E+31      0.99999998E+31      0.99999998E+31      0.99999998E+31      0.99999998E+31      0.99999998E+31
      0.99999998E+31      0.99999998E+31      0.99999998E+31       1386.9253           1393.2671           1397.5667           1397.2313           1397.2704           1397.5729           1397.7502    
       1397.6091           1397.0288           1395.9647           1394.0581           1390.9237           1386.6409           1381.6479           1377.1702           1374.2678           1348.6130    
       1342.6281           1316.5040           1309.9136          0.99999998E+31      0.99999998E+31      0.99999998E+31      0.99999998E+31      0.99999998E+31      0.99999998E+31      0.99999998E+31
       1225.9233           1213.3787           1201.8667           1193.6273           1187.9097           1182.6947           1200.3890           1196.9326           1189.3396           1189.5927    
       1211.2432           1433.4486           1826.4824           1871.0675          0.99999998E+31      0.99999998E+31      0.99999998E+31      0.99999998E+31      0.99999998E+31      0.99999998E+31
      0.99999998E+31      0.99999998E+31      0.99999998E+31      0.99999998E+31      0.99999998E+31      0.99999998E+31      0.99999998E+31      0.99999998E+31      0.99999998E+31      0.99999998E+31
      0.99999998E+31      0.99999998E+31      0.99999998E+31      0.99999998E+31      0.99999998E+31      0.99999998E+31      0.99999998E+31      0.99999998E+31      0.99999998E+31      0.99999998E+31
      0.99999998E+31      0.99999998E+31      0.99999998E+31      0.99999998E+31      0.99999998E+31      0.99999998E+31      0.99999998E+31      0.99999998E+31      0.99999998E+31      0.99999998E+31
      0.99999998E+31      0.99999998E+31      0.99999998E+31      0.99999998E+31      0.99999998E+31      0.99999998E+31      0.99999998E+31      0.99999998E+31      0.99999998E+31      0.99999998E+31
      0.99999998E+31      0.99999998E+31      0.99999998E+31      0.99999998E+31      0.99999998E+31      0.99999998E+31      0.99999998E+31      0.99999998E+31      0.99999998E+31      0.99999998E+31
      0.99999998E+31      0.99999998E+31      0.99999998E+31      0.99999998E+31      0.99999998E+31      0.99999998E+31      0.99999998E+31      0.99999998E+31      0.99999998E+31      0.99999998E+31
      0.99999998E+31      0.99999998E+31      0.99999998E+31      0.99999998E+31      0.99999998E+31      0.99999998E+31      0.99999998E+31      0.99999998E+31      0.99999998E+31      0.99999998E+31
      0.99999998E+31      0.99999998E+31
      0.99999998E+31      0.99999998E+31      0.99999998E+31      0.99999998E+31      0.99999998E+31      0.99999998E+31      0.99999998E+31      0.99999998E+31      0.99999998E+31      0.99999998E+31
      0.99999998E+31      0.99999998E+31      0.99999998E+31      0.99999998E+31      0.99999998E+31      0.99999998E+31      0.99999998E+31      0.99999998E+31      0.99999998E+31      0.99999998E+31
      0.99999998E+31      0.99999998E+31      0.99999998E+31      0.99999998E+31      0.99999998E+31      0.99999998E+31       1234.8040           1234.7566           1234.6820           1234.5852    
       1234.5074           1234.4421           1234.4568           1234.6149           1234.6685           1234.5515           1234.6688           1235.1849           1236.9940           1238.7612    
       1240.2913           1241.5161           1242.6825           1243.8939           1244.9825           1246.2589           1247.8138           1250.1565           1254.1438           1258.7639    
       1263.4243           1269.5103           1276.8241           1284.1968           1291.6229           1300.4833           1311.0656           1321.8748           1331.4694           1338.5393    
       1341.6537           1341.4036           1338.9502           1334.7664           1329.0201           1321.7188           1314.1923           1306.5022           1298.9396           1292.2390    
       1286.8535           1282.9576           1280.1455           1277.9320           1276.4497           1273.1355           1274.0391           1276.1357           1279.6589           1284.5062    
       1292.9517           1305.7577           1324.3092           1345.2183           1365.7418           1399.7155          0.99999998E+31      0.99999998E+31      0.99999998E+31      0.99999998E+31
      0.99999998E+31      0.99999998E+31      0.99999998E+31      0.99999998E+31      0.99999998E+31      0.99999998E+31      0.99999998E+31      0.99999998E+31      0.99999998E+31      0.99999998E+31
      0.99999998E+31      0.99999998E+31      0.99999998E+31       1382.4384           1389.1945           1392.6680           1392.4354           1392.6896           1395.8002           1396.4512    
       1396.6222           1395.8721           1395.0585           1393.0923           1389.9158           1385.5671           1377.1908           1368.8042           1361.4810           1356.6938    
       1336.5614           1319.4777           1301.6008           1290.5652           1284.0110          0.99999998E+31      0.99999998E+31      0.99999998E+31      0.99999998E+31      0.99999998E+31
       1214.7803           1201.2766           1190.2144           1183.2772           1178.2094           1198.8915           1329.9500           1347.4281           1195.4463           1422.1990    
       1197.9205           1229.3785           1461.5646           1826.6560          0.99999998E+31      0.99999998E+31      0.99999998E+31      0.99999998E+31      0.99999998E+31      0.99999998E+31
      0.99999998E+31      0.99999998E+31      0.99999998E+31      0.99999998E+31      0.99999998E+31      0.99999998E+31      0.99999998E+31      0.99999998E+31      0.99999998E+31      0.99999998E+31
      0.99999998E+31      0.99999998E+31      0.99999998E+31      0.99999998E+31      0.99999998E+31      0.99999998E+31      0.99999998E+31      0.99999998E+31      0.99999998E+31      0.99999998E+31
      0.99999998E+31      0.99999998E+31      0.99999998E+31      0.99999998E+31      0.99999998E+31      0.99999998E+31      0.99999998E+31      0.99999998E+31      0.99999998E+31      0.99999998E+31
      0.99999998E+31      0.99999998E+31      0.99999998E+31      0.99999998E+31      0.99999998E+31      0.99999998E+31      0.99999998E+31      0.99999998E+31      0.99999998E+31      0.99999998E+31
      0.99999998E+31      0.99999998E+31      0.99999998E+31      0.99999998E+31      0.99999998E+31      0.99999998E+31      0.99999998E+31      0.99999998E+31      0.99999998E+31      0.99999998E+31
      0.99999998E+31      0.99999998E+31      0.99999998E+31      0.99999998E+31      0.99999998E+31      0.99999998E+31      0.99999998E+31      0.99999998E+31      0.99999998E+31      0.99999998E+31
      0.99999998E+31      0.99999998E+31      0.99999998E+31      0.99999998E+31      0.99999998E+31      0.99999998E+31      0.99999998E+31      0.99999998E+31      0.99999998E+31      0.99999998E+31
      0.99999998E+31      0.99999998E+31
      0.99999998E+31      0.99999998E+31      0.99999998E+31      0.99999998E+31      0.99999998E+31      0.99999998E+31      0.99999998E+31      0.99999998E+31      0.99999998E+31      0.99999998E+31
      0.99999998E+31      0.99999998E+31      0.99999998E+31      0.99999998E+31      0.99999998E+31      0.99999998E+31      0.99999998E+31      0.99999998E+31      0.99999998E+31      0.99999998E+31
      0.99999998E+31      0.99999998E+31      0.99999998E+31      0.99999998E+31      0.99999998E+31      0.99999998E+31       1234.3704           1234.2941           1234.1501           1233.8988    
       1233.5519           1233.0505           1232.5469           1232.1903           1232.0009           1232.1843           1232.5092           1233.1490           1234.2560           1235.8815    
       1237.4666           1239.0044           1240.5387           1242.0841           1243.3706           1244.8682           1246.7190           1249.0667           1252.3678           1256.3663    
       1260.9006           1265.9760           1271.8010           1278.1981           1284.7344           1291.9529           1300.1365           1308.3616           1315.2688           1321.8590    
       1326.2455           1327.7290           1326.8054           1323.5992           1317.8226           1310.9830           1304.0701           1297.8213           1292.2155           1287.1516    
       1282.9521           1279.8051           1277.4409           1275.1227           1274.3975           1269.6973           1271.0778           1273.8949           1278.5314           1286.0836    
       1296.9237           1313.4872           1335.5485           1367.3125           1414.3706           1439.4635           1464.0726           1476.5355          0.99999998E+31      0.99999998E+31
      0.99999998E+31      0.99999998E+31      0.99999998E+31      0.99999998E+31      0.99999998E+31      0.99999998E+31      0.99999998E+31      0.99999998E+31      0.99999998E+31      0.99999998E+31
      0.99999998E+31      0.99999998E+31      0.99999998E+31       1386.5171           1387.8119           1389.1349           1387.6196           1386.2753           1385.3630           1385.1185    
       1386.4752           1389.1376          0.99999998E+31      0.99999998E+31      0.99999998E+31       1366.1665           1371.4646           1366.2172           1354.0013           1341.3545    
       1328.1719           1319.6757           1292.9465           1282.5587           1274.5272           1268.2896           1260.8982          0.99999998E+31      0.99999998E+31      0.99999998E+31
      0.99999998E+31       1192.2789           1180.3536           1175.1479           1181.9596           1186.2798           1187.1956           1191.1632           1406.9567           1504.3584    
       1408.4636           1188.9244           1232.2557           1458.0291           1819.5206           1883.5040          0.99999998E+31      0.99999998E+31      0.99999998E+31      0.99999998E+31
      0.99999998E+31      0.99999998E+31      0.99999998E+31      0.99999998E+31      0.99999998E+31      0.99999998E+31      0.99999998E+31      0.99999998E+31      0.99999998E+31      0.99999998E+31
      0.99999998E+31      0.99999998E+31      0.99999998E+31      0.99999998E+31      0.99999998E+31      0.99999998E+31      0.99999998E+31      0.99999998E+31      0.99999998E+31      0.99999998E+31
      0.99999998E+31      0.99999998E+31      0.99999998E+31      0.99999998E+31      0.99999998E+31      0.99999998E+31      0.99999998E+31      0.99999998E+31      0.99999998E+31      0.99999998E+31
      0.99999998E+31      0.99999998E+31      0.99999998E+31      0.99999998E+31      0.99999998E+31      0.99999998E+31      0.99999998E+31      0.99999998E+31      0.99999998E+31      0.99999998E+31
      0.99999998E+31      0.99999998E+31      0.99999998E+31      0.99999998E+31      0.99999998E+31      0.99999998E+31      0.99999998E+31      0.99999998E+31      0.99999998E+31      0.99999998E+31
      0.99999998E+31      0.99999998E+31      0.99999998E+31      0.99999998E+31      0.99999998E+31      0.99999998E+31      0.99999998E+31      0.99999998E+31      0.99999998E+31      0.99999998E+31
      0.99999998E+31      0.99999998E+31      0.99999998E+31      0.99999998E+31      0.99999998E+31      0.99999998E+31      0.99999998E+31      0.99999998E+31      0.99999998E+31      0.99999998E+31
      0.99999998E+31      0.99999998E+31
      0.99999998E+31      0.99999998E+31      0.99999998E+31      0.99999998E+31      0.99999998E+31      0.99999998E+31      0.99999998E+31      0.99999998E+31      0.99999998E+31      0.99999998E+31
      0.99999998E+31      0.99999998E+31      0.99999998E+31      0.99999998E+31      0.99999998E+31      0.99999998E+31      0.99999998E+31      0.99999998E+31      0.99999998E+31      0.99999998E+31
      0.99999998E+31      0.99999998E+31      0.99999998E+31      0.99999998E+31      0.99999998E+31      0.99999998E+31       1234.0267           1233.9280           1233.7456           1233.3864    
       1232.6953           1231.8950           1231.2070           1230.7150           1230.4791           1230.5223           1230.7473           1231.2496           1232.1433           1233.4800    
       1235.1027           1236.5483           1237.9409           1239.5746           1241.2317           1243.0291           1245.2094           1247.7152           1250.7289           1254.2007    
       1258.1643           1262.5222           1267.1886           1272.3361           1278.0902           1284.5198           1291.0203           1298.3314           1304.0215           1308.6968    
       1312.4510           1314.6527           1314.0668           1310.9659           1305.5911           1299.3903           1294.0360           1289.7372           1285.8798           1282.2021    
       1278.9329           1273.5430           1264.2380           1262.9792           1263.3329           1265.0410           1267.2468           1270.7936           1277.1438           1287.1023    
       1300.7329           1320.7802           1358.9530           1400.7460           1432.5112           1461.9559           1483.8573           1495.3419          0.99999998E+31      0.99999998E+31
      0.99999998E+31      0.99999998E+31      0.99999998E+31      0.99999998E+31      0.99999998E+31      0.99999998E+31      0.99999998E+31      0.99999998E+31      0.99999998E+31      0.99999998E+31
      0.99999998E+31      0.99999998E+31      0.99999998E+31       1381.1371           1377.0861           1381.4644           1381.2687           1380.4514           1379.5814           1379.8860    
       1379.3383          0.99999998E+31      0.99999998E+31      0.99999998E+31      0.99999998E+31       1358.8948           1354.9734           1344.7413           1341.0199           1328.5864    
       1321.6936           1309.3873           1283.4738           1274.2393           1267.8558           1260.1118           1252.1313           1245.7230           1243.9186          0.99999998E+31
      0.99999998E+31      0.99999998E+31       1171.0651           1170.9880           1177.7588           1178.9110           1183.3218           1184.9573           1187.1234           1404.4031    
       1179.4034           1168.5422           1183.1901           1215.6870           1469.0486           1885.1052          0.99999998E+31      0.99999998E+31      0.99999998E+31      0.99999998E+31
      0.99999998E+31      0.99999998E+31      0.99999998E+31      0.99999998E+31      0.99999998E+31      0.99999998E+31      0.99999998E+31      0.99999998E+31      0.99999998E+31      0.99999998E+31
      0.99999998E+31      0.99999998E+31      0.99999998E+31      0.99999998E+31      0.99999998E+31      0.99999998E+31      0.99999998E+31      0.99999998E+31      0.99999998E+31      0.99999998E+31
      0.99999998E+31      0.99999998E+31      0.99999998E+31      0.99999998E+31      0.99999998E+31      0.99999998E+31      0.99999998E+31      0.99999998E+31      0.99999998E+31      0.99999998E+31
      0.99999998E+31      0.99999998E+31      0.99999998E+31      0.99999998E+31      0.99999998E+31      0.99999998E+31      0.99999998E+31      0.99999998E+31      0.99999998E+31      0.99999998E+31
      0.99999998E+31      0.99999998E+31      0.99999998E+31      0.99999998E+31      0.99999998E+31      0.99999998E+31      0.99999998E+31      0.99999998E+31      0.99999998E+31      0.99999998E+31
      0.99999998E+31      0.99999998E+31      0.99999998E+31      0.99999998E+31      0.99999998E+31      0.99999998E+31      0.99999998E+31      0.99999998E+31      0.99999998E+31      0.99999998E+31
      0.99999998E+31      0.99999998E+31      0.99999998E+31      0.99999998E+31      0.99999998E+31      0.99999998E+31      0.99999998E+31      0.99999998E+31      0.99999998E+31      0.99999998E+31
      0.99999998E+31      0.99999998E+31
      0.99999998E+31      0.99999998E+31      0.99999998E+31      0.99999998E+31      0.99999998E+31      0.99999998E+31      0.99999998E+31      0.99999998E+31      0.99999998E+31      0.99999998E+31
      0.99999998E+31      0.99999998E+31      0.99999998E+31      0.99999998E+31      0.99999998E+31      0.99999998E+31      0.99999998E+31      0.99999998E+31      0.99999998E+31      0.99999998E+31
      0.99999998E+31      0.99999998E+31      0.99999998E+31      0.99999998E+31      0.99999998E+31      0.99999998E+31       1233.7601           1233.6255           1233.3921           1232.8596    
       1231.8477           1230.9238           1230.1823           1229.5702           1229.2274           1229.0912           1229.1989           1229.6115           1230.1837           1231.0958    
       1232.4983           1233.8695           1235.4707           1236.9825           1238.8046           1240.8765           1243.3059           1246.0190           1248.9250           1252.0767    
       1255.5236           1259.2549           1263.2833           1267.6356           1272.3547           1277.6012           1286.1780           1290.8521           1294.3326           1298.7609    
       1301.0098           1301.3834           1299.6648           1296.1749           1292.8011           1288.7417           1284.7722           1282.1820           1279.8391           1276.3828    
       1264.0653           1261.5245           1260.4838           1260.1703           1260.3502           1261.3668           1263.1938           1266.5153           1273.4084           1287.1986    
       1305.0312           1334.8778           1379.1793           1411.8661           1449.5647           1489.5145           1511.3647           1521.2239          0.99999998E+31      0.99999998E+31
      0.99999998E+31      0.99999998E+31      0.99999998E+31      0.99999998E+31      0.99999998E+31      0.99999998E+31      0.99999998E+31      0.99999998E+31      0.99999998E+31      0.99999998E+31
      0.99999998E+31      0.99999998E+31      0.99999998E+31       1364.5055           1376.0424           1376.7560           1376.2777           1374.6486           1372.1031           1368.6515    
       1370.1699          0.99999998E+31      0.99999998E+31      0.99999998E+31      0.99999998E+31      0.99999998E+31       1341.8888           1340.6198           1330.9363           1321.8553    
       1313.4982           1288.7551           1270.7672           1263.1077           1262.5392           1256.5662           1246.6981           1238.4266           1225.8864           1211.2069    
       1191.5856           1168.9417           1167.4446           1165.5587           1172.1058           1176.5729           1356.5842           1373.6642           1177.1851           1176.0812    
       1166.4366           1153.5776           1163.0690           1181.0334           1301.5533           1778.3893          0.99999998E+31      0.99999998E+31      0.99999998E+31      0.99999998E+31
      0.99999998E+31      0.99999998E+31      0.99999998E+31      0.99999998E+31      0.99999998E+31      0.99999998E+31      0.99999998E+31      0.99999998E+31      0.99999998E+31      0.99999998E+31
      0.99999998E+31      0.99999998E+31      0.99999998E+31      0.99999998E+31      0.99999998E+31      0.99999998E+31      0.99999998E+31      0.99999998E+31      0.99999998E+31      0.99999998E+31
      0.99999998E+31      0.99999998E+31      0.99999998E+31      0.99999998E+31      0.99999998E+31      0.99999998E+31      0.99999998E+31      0.99999998E+31      0.99999998E+31      0.99999998E+31
      0.99999998E+31      0.99999998E+31      0.99999998E+31      0.99999998E+31      0.99999998E+31      0.99999998E+31      0.99999998E+31      0.99999998E+31      0.99999998E+31      0.99999998E+31
      0.99999998E+31      0.99999998E+31      0.99999998E+31      0.99999998E+31      0.99999998E+31      0.99999998E+31      0.99999998E+31      0.99999998E+31      0.99999998E+31      0.99999998E+31
      0.99999998E+31      0.99999998E+31      0.99999998E+31      0.99999998E+31      0.99999998E+31      0.99999998E+31      0.99999998E+31      0.99999998E+31      0.99999998E+31      0.99999998E+31
      0.99999998E+31      0.99999998E+31      0.99999998E+31      0.99999998E+31      0.99999998E+31      0.99999998E+31      0.99999998E+31      0.99999998E+31      0.99999998E+31      0.99999998E+31
      0.99999998E+31      0.99999998E+31
      0.99999998E+31      0.99999998E+31      0.99999998E+31      0.99999998E+31      0.99999998E+31      0.99999998E+31      0.99999998E+31      0.99999998E+31      0.99999998E+31      0.99999998E+31
      0.99999998E+31      0.99999998E+31      0.99999998E+31      0.99999998E+31      0.99999998E+31      0.99999998E+31      0.99999998E+31      0.99999998E+31      0.99999998E+31      0.99999998E+31
      0.99999998E+31      0.99999998E+31      0.99999998E+31      0.99999998E+31      0.99999998E+31      0.99999998E+31       1233.5966           1233.3929           1233.1112           1232.3317    
       1231.0961           1229.9276           1229.0742           1228.5259           1228.1741           1227.9900           1227.9678           1228.1517           1228.5453           1229.1482    
       1230.0613           1231.3368           1232.7195           1234.3193           1236.2256           1238.4827           1241.1135           1243.9655           1246.8097           1249.6826    
       1252.7177           1255.9630           1259.4253           1263.1675           1267.1499           1274.7053           1276.8645           1283.0773           1284.4971           1288.1107    
       1289.8833           1289.3698           1287.0895           1284.1521           1281.4952           1279.3401           1277.2488           1275.7341           1270.3999           1261.6396    
       1259.4929           1258.0609           1257.1646           1256.7688           1257.1671           1257.9717           1259.0934           1261.2716           1266.4552           1283.6953    
       1314.7480           1339.0991           1372.1248           1410.8047           1457.2633           1519.7290           1543.9121           1553.2969          0.99999998E+31      0.99999998E+31
      0.99999998E+31      0.99999998E+31      0.99999998E+31      0.99999998E+31      0.99999998E+31      0.99999998E+31      0.99999998E+31      0.99999998E+31      0.99999998E+31      0.99999998E+31
      0.99999998E+31      0.99999998E+31       1357.1033           1356.3405           1380.7871           1368.7742           1367.8855           1366.0244           1362.2295           1356.1544    
       1356.7970          0.99999998E+31      0.99999998E+31      0.99999998E+31      0.99999998E+31      0.99999998E+31      0.99999998E+31       1325.5039           1324.4908           1315.9464    
       1294.8469           1265.9115           1251.6318           1244.8005          0.99999998E+31      0.99999998E+31       1238.8240           1230.3250           1207.2219           1184.2329    
       1169.4692           1161.2623           1160.0232           1161.2993           1164.1115           1168.4568           1327.2920           1339.4193           1164.3196           1157.8345    
       1153.5992           1148.1510           1153.4646           1164.9308           1201.6366           1733.6959          0.99999998E+31      0.99999998E+31      0.99999998E+31      0.99999998E+31
      0.99999998E+31      0.99999998E+31      0.99999998E+31      0.99999998E+31      0.99999998E+31      0.99999998E+31      0.99999998E+31      0.99999998E+31      0.99999998E+31      0.99999998E+31
      0.99999998E+31      0.99999998E+31      0.99999998E+31      0.99999998E+31      0.99999998E+31      0.99999998E+31      0.99999998E+31      0.99999998E+31      0.99999998E+31      0.99999998E+31
      0.99999998E+31      0.99999998E+31      0.99999998E+31      0.99999998E+31      0.99999998E+31      0.99999998E+31      0.99999998E+31      0.99999998E+31      0.99999998E+31      0.99999998E+31
      0.99999998E+31      0.99999998E+31      0.99999998E+31      0.99999998E+31      0.99999998E+31      0.99999998E+31      0.99999998E+31      0.99999998E+31      0.99999998E+31      0.99999998E+31
      0.99999998E+31      0.99999998E+31      0.99999998E+31      0.99999998E+31      0.99999998E+31      0.99999998E+31      0.99999998E+31      0.99999998E+31      0.99999998E+31      0.99999998E+31
      0.99999998E+31      0.99999998E+31      0.99999998E+31      0.99999998E+31      0.99999998E+31      0.99999998E+31      0.99999998E+31      0.99999998E+31      0.99999998E+31      0.99999998E+31
      0.99999998E+31      0.99999998E+31      0.99999998E+31      0.99999998E+31      0.99999998E+31      0.99999998E+31      0.99999998E+31      0.99999998E+31      0.99999998E+31      0.99999998E+31
      0.99999998E+31      0.99999998E+31
      0.99999998E+31      0.99999998E+31      0.99999998E+31      0.99999998E+31      0.99999998E+31      0.99999998E+31      0.99999998E+31      0.99999998E+31      0.99999998E+31      0.99999998E+31
      0.99999998E+31      0.99999998E+31      0.99999998E+31      0.99999998E+31      0.99999998E+31      0.99999998E+31      0.99999998E+31      0.99999998E+31      0.99999998E+31      0.99999998E+31
      0.99999998E+31      0.99999998E+31      0.99999998E+31      0.99999998E+31      0.99999998E+31      0.99999998E+31      0.99999998E+31       1233.2357           1232.8942           1232.0435    
       1230.7461           1229.0857           1228.2307           1227.6940           1227.2863           1226.9779           1226.8136           1226.8024           1226.9899           1227.3942    
       1228.0746           1229.0511           1230.1919           1231.6107           1233.4198           1235.7390           1238.5039           1241.5867           1244.3966           1246.9666    
       1249.6602           1252.4796           1255.4935           1258.7363           1262.1990           1269.1322           1270.9750           1272.0770           1275.9722           1279.0649    
       1280.2538           1279.7505           1278.2316           1276.4828           1275.1793           1273.4714           1271.9344           1262.8944           1259.1573           1257.7974    
       1256.6364           1255.5638           1254.4490           1253.6884           1253.2327           1253.1509           1253.6246           1254.7485           1259.2533           1277.6630    
       1300.4944           1323.6490           1351.8667           1385.0073           1421.4254           1458.5304           1476.5359           1484.0701          0.99999998E+31      0.99999998E+31
      0.99999998E+31      0.99999998E+31      0.99999998E+31      0.99999998E+31      0.99999998E+31      0.99999998E+31      0.99999998E+31      0.99999998E+31      0.99999998E+31      0.99999998E+31
      0.99999998E+31      0.99999998E+31       1337.6427           1339.9973           1344.8706           1350.3176           1360.5831           1359.9054           1350.0974           1332.5844    
       1344.2335          0.99999998E+31      0.99999998E+31      0.99999998E+31      0.99999998E+31      0.99999998E+31      0.99999998E+31      0.99999998E+31      0.99999998E+31      0.99999998E+31
      0.99999998E+31       1229.5377           1223.8313           1221.1483          0.99999998E+31      0.99999998E+31      0.99999998E+31      0.99999998E+31       1193.9839           1180.3661    
       1167.2432           1158.4305           1155.7229           1155.7791           1156.9929           1158.6901           1158.9290           1153.2830           1150.6494           1147.9091    
       1145.9160           1145.2272           1150.5701           1161.8441           1186.2023           1357.6976           1828.0488           1916.8070           1991.2571           2087.2603    
      0.99999998E+31      0.99999998E+31      0.99999998E+31      0.99999998E+31      0.99999998E+31      0.99999998E+31      0.99999998E+31      0.99999998E+31      0.99999998E+31      0.99999998E+31
      0.99999998E+31      0.99999998E+31      0.99999998E+31      0.99999998E+31      0.99999998E+31      0.99999998E+31      0.99999998E+31      0.99999998E+31      0.99999998E+31      0.99999998E+31
      0.99999998E+31      0.99999998E+31      0.99999998E+31      0.99999998E+31      0.99999998E+31      0.99999998E+31      0.99999998E+31      0.99999998E+31      0.99999998E+31      0.99999998E+31
      0.99999998E+31      0.99999998E+31      0.99999998E+31      0.99999998E+31      0.99999998E+31      0.99999998E+31      0.99999998E+31      0.99999998E+31      0.99999998E+31      0.99999998E+31
      0.99999998E+31      0.99999998E+31      0.99999998E+31      0.99999998E+31      0.99999998E+31      0.99999998E+31      0.99999998E+31      0.99999998E+31      0.99999998E+31      0.99999998E+31
      0.99999998E+31      0.99999998E+31      0.99999998E+31      0.99999998E+31      0.99999998E+31      0.99999998E+31      0.99999998E+31      0.99999998E+31      0.99999998E+31      0.99999998E+31
      0.99999998E+31      0.99999998E+31      0.99999998E+31      0.99999998E+31      0.99999998E+31      0.99999998E+31      0.99999998E+31      0.99999998E+31      0.99999998E+31      0.99999998E+31
      0.99999998E+31      0.99999998E+31
      0.99999998E+31      0.99999998E+31      0.99999998E+31      0.99999998E+31      0.99999998E+31      0.99999998E+31      0.99999998E+31      0.99999998E+31      0.99999998E+31      0.99999998E+31
      0.99999998E+31      0.99999998E+31      0.99999998E+31      0.99999998E+31      0.99999998E+31      0.99999998E+31      0.99999998E+31      0.99999998E+31      0.99999998E+31      0.99999998E+31
      0.99999998E+31      0.99999998E+31      0.99999998E+31      0.99999998E+31      0.99999998E+31      0.99999998E+31      0.99999998E+31      0.99999998E+31      0.99999998E+31      0.99999998E+31
      0.99999998E+31       1228.3402           1227.4836           1226.8719           1226.4584           1226.1296           1225.8833           1225.7509           1225.7823           1225.9930    
       1226.4012           1227.0419           1227.8960           1228.9935           1230.5717           1232.7064           1235.5679           1238.7115           1241.4890           1243.9246    
       1246.2889           1248.7439           1251.4188           1254.3214           1257.4614           1263.2721           1264.6699           1266.0564           1268.8612           1270.6790    
       1271.8169           1272.0256           1271.5217           1270.6974           1269.5813           1265.1815           1259.9208           1258.2327           1256.9360           1255.7529    
       1254.6171           1253.4724           1252.2341           1250.9059           1249.4326           1248.1990           1247.2877           1253.3678           1256.1221           1263.2626    
       1280.1814           1297.9154           1322.1014           1348.5913           1376.5348           1403.9417           1421.0095           1424.0537          0.99999998E+31      0.99999998E+31
      0.99999998E+31      0.99999998E+31      0.99999998E+31      0.99999998E+31      0.99999998E+31      0.99999998E+31      0.99999998E+31      0.99999998E+31      0.99999998E+31      0.99999998E+31
      0.99999998E+31      0.99999998E+31       1291.6373           1317.7953           1302.5442           1317.0273          0.99999998E+31      0.99999998E+31       1321.9790           1310.4529    
      0.99999998E+31      0.99999998E+31      0.99999998E+31      0.99999998E+31      0.99999998E+31      0.99999998E+31      0.99999998E+31      0.99999998E+31      0.99999998E+31      0.99999998E+31
      0.99999998E+31       1198.4983           1197.1138           1191.1493          0.99999998E+31      0.99999998E+31      0.99999998E+31      0.99999998E+31      0.99999998E+31      0.99999998E+31
       1165.2754           1157.4075           1151.8596           1150.2407           1152.7743           1153.5114           1151.1813           1147.3810           1144.1989           1142.2067    
       1140.7706           1140.8409           1147.2440           1161.6895           1175.1498           1198.1990           1424.7811           1806.7224           1940.2894           2059.4500    
      0.99999998E+31      0.99999998E+31      0.99999998E+31      0.99999998E+31      0.99999998E+31      0.99999998E+31      0.99999998E+31      0.99999998E+31      0.99999998E+31      0.99999998E+31
      0.99999998E+31      0.99999998E+31      0.99999998E+31      0.99999998E+31      0.99999998E+31      0.99999998E+31      0.99999998E+31      0.99999998E+31      0.99999998E+31      0.99999998E+31
      0.99999998E+31      0.99999998E+31      0.99999998E+31      0.99999998E+31      0.99999998E+31      0.99999998E+31      0.99999998E+31      0.99999998E+31      0.99999998E+31      0.99999998E+31
      0.99999998E+31      0.99999998E+31      0.99999998E+31      0.99999998E+31      0.99999998E+31      0.99999998E+31      0.99999998E+31      0.99999998E+31      0.99999998E+31      0.99999998E+31
      0.99999998E+31      0.99999998E+31      0.99999998E+31      0.99999998E+31      0.99999998E+31      0.99999998E+31      0.99999998E+31      0.99999998E+31      0.99999998E+31      0.99999998E+31
      0.99999998E+31      0.99999998E+31      0.99999998E+31      0.99999998E+31      0.99999998E+31      0.99999998E+31      0.99999998E+31      0.99999998E+31      0.99999998E+31      0.99999998E+31
      0.99999998E+31      0.99999998E+31      0.99999998E+31      0.99999998E+31      0.99999998E+31      0.99999998E+31      0.99999998E+31      0.99999998E+31      0.99999998E+31      0.99999998E+31
      0.99999998E+31      0.99999998E+31
      0.99999998E+31      0.99999998E+31      0.99999998E+31      0.99999998E+31      0.99999998E+31      0.99999998E+31      0.99999998E+31      0.99999998E+31      0.99999998E+31      0.99999998E+31
      0.99999998E+31      0.99999998E+31      0.99999998E+31      0.99999998E+31      0.99999998E+31      0.99999998E+31      0.99999998E+31      0.99999998E+31      0.99999998E+31      0.99999998E+31
      0.99999998E+31      0.99999998E+31      0.99999998E+31      0.99999998E+31      0.99999998E+31      0.99999998E+31      0.99999998E+31      0.99999998E+31      0.99999998E+31      0.99999998E+31
      0.99999998E+31      0.99999998E+31       1226.8259           1225.9719           1225.5656           1225.2655           1225.0275           1224.8610           1224.8022           1224.8536    
       1225.0188           1225.3535           1225.9006           1226.6831           1227.8350           1229.5520           1232.0204           1235.1112           1237.8540           1240.2214    
       1242.4594           1244.7748           1244.6542           1244.7108           1252.6310           1257.1743           1257.9489           1259.6697           1262.2024           1263.8496    
       1264.9175           1265.6633           1266.0381           1266.0582           1264.5850           1259.6143           1258.1829           1256.8470           1255.5852           1254.3021    
       1252.9213           1251.6365           1250.0901           1248.2192           1245.9700           1244.5817           1248.7589           1239.9225           1239.3029           1243.3334    
       1262.5844           1274.0101           1291.9546           1313.0870           1334.1990           1353.4817           1366.3348           1369.0844          0.99999998E+31      0.99999998E+31
      0.99999998E+31      0.99999998E+31      0.99999998E+31      0.99999998E+31      0.99999998E+31      0.99999998E+31       920.81635           921.19836           922.47174           936.91864    
       1123.4202           1176.7985           1173.3477           1236.1398           1247.5035           1238.8673          0.99999998E+31      0.99999998E+31      0.99999998E+31       1241.1177    
      0.99999998E+31      0.99999998E+31      0.99999998E+31      0.99999998E+31      0.99999998E+31      0.99999998E+31      0.99999998E+31      0.99999998E+31      0.99999998E+31      0.99999998E+31
      0.99999998E+31       1155.0709           1151.5342           1154.8300          0.99999998E+31      0.99999998E+31      0.99999998E+31      0.99999998E+31      0.99999998E+31      0.99999998E+31
       1155.9645           1153.5522           1146.9890           1149.7058           1152.3566           1151.8071           1147.6150           1143.9006           1141.1960           1139.4258    
       1138.5083           1138.5421           1141.2327           1150.0677           1171.7457           1193.7174           1268.7853           1681.9850           1897.1442           2031.2549    
      0.99999998E+31      0.99999998E+31      0.99999998E+31      0.99999998E+31      0.99999998E+31      0.99999998E+31      0.99999998E+31      0.99999998E+31      0.99999998E+31      0.99999998E+31
      0.99999998E+31      0.99999998E+31      0.99999998E+31      0.99999998E+31      0.99999998E+31      0.99999998E+31      0.99999998E+31      0.99999998E+31      0.99999998E+31      0.99999998E+31
      0.99999998E+31      0.99999998E+31      0.99999998E+31      0.99999998E+31      0.99999998E+31      0.99999998E+31      0.99999998E+31      0.99999998E+31      0.99999998E+31      0.99999998E+31
      0.99999998E+31      0.99999998E+31      0.99999998E+31      0.99999998E+31      0.99999998E+31      0.99999998E+31      0.99999998E+31      0.99999998E+31      0.99999998E+31      0.99999998E+31
      0.99999998E+31      0.99999998E+31      0.99999998E+31      0.99999998E+31      0.99999998E+31      0.99999998E+31      0.99999998E+31      0.99999998E+31      0.99999998E+31      0.99999998E+31
      0.99999998E+31      0.99999998E+31      0.99999998E+31      0.99999998E+31      0.99999998E+31      0.99999998E+31      0.99999998E+31      0.99999998E+31      0.99999998E+31      0.99999998E+31
      0.99999998E+31      0.99999998E+31      0.99999998E+31      0.99999998E+31      0.99999998E+31      0.99999998E+31      0.99999998E+31      0.99999998E+31      0.99999998E+31      0.99999998E+31
      0.99999998E+31      0.99999998E+31
      0.99999998E+31      0.99999998E+31      0.99999998E+31      0.99999998E+31      0.99999998E+31      0.99999998E+31      0.99999998E+31      0.99999998E+31      0.99999998E+31      0.99999998E+31
      0.99999998E+31      0.99999998E+31      0.99999998E+31      0.99999998E+31      0.99999998E+31      0.99999998E+31      0.99999998E+31      0.99999998E+31      0.99999998E+31      0.99999998E+31
      0.99999998E+31      0.99999998E+31      0.99999998E+31      0.99999998E+31      0.99999998E+31      0.99999998E+31      0.99999998E+31      0.99999998E+31      0.99999998E+31      0.99999998E+31
      0.99999998E+31      0.99999998E+31      0.99999998E+31       1224.8914           1224.6061           1224.3594           1224.1230           1223.9214           1223.7808           1223.7152    
       1223.7371           1223.8571           1224.1024           1224.5265           1225.2427           1226.4463           1228.6820           1230.6628           1231.6227           1232.7876    
       1234.1282           1236.0116           1238.0659           1241.1677           1247.1338           1247.4611           1250.8944           1253.0979           1256.5227           1258.1376    
       1259.5612           1260.6921           1261.5809           1262.1661           1259.8330           1258.0637           1256.8436           1255.6552           1254.3926           1253.0210    
       1251.5204           1249.8657           1247.9486           1250.0839           1249.4420           1245.5593           1234.1927           1231.3207           1229.8289           1231.4614    
       1242.5400           1250.4801           1264.2910           1280.7462           1296.9685           1308.7373           1312.6742           1312.3375          0.99999998E+31      0.99999998E+31
      0.99999998E+31      0.99999998E+31      0.99999998E+31      0.99999998E+31      0.99999998E+31      0.99999998E+31       920.46399           920.22644           932.83337           1002.0796    
       1101.0699           1136.5928           1142.7223           1191.3376           1206.8757           1188.5905          0.99999998E+31      0.99999998E+31      0.99999998E+31       1152.8591    
       1093.1085           1067.3524          0.99999998E+31      0.99999998E+31      0.99999998E+31      0.99999998E+31      0.99999998E+31      0.99999998E+31      0.99999998E+31      0.99999998E+31
      0.99999998E+31       1121.2441           1105.6971           1104.8842           1109.2292          0.99999998E+31      0.99999998E+31      0.99999998E+31      0.99999998E+31      0.99999998E+31
       1152.5302           1149.3958           1145.0824           1149.7240           1150.6185           1148.8483           1144.2527           1140.9979           1138.7517           1137.3381    
       1136.6699           1136.7661           1138.6995           1145.4156           1164.1689           1190.4314           1234.8887           1617.5669           1868.4187           2003.5543    
      0.99999998E+31      0.99999998E+31      0.99999998E+31      0.99999998E+31      0.99999998E+31      0.99999998E+31      0.99999998E+31      0.99999998E+31      0.99999998E+31      0.99999998E+31
      0.99999998E+31      0.99999998E+31      0.99999998E+31      0.99999998E+31      0.99999998E+31      0.99999998E+31      0.99999998E+31      0.99999998E+31      0.99999998E+31      0.99999998E+31
      0.99999998E+31      0.99999998E+31      0.99999998E+31      0.99999998E+31      0.99999998E+31      0.99999998E+31      0.99999998E+31      0.99999998E+31      0.99999998E+31      0.99999998E+31
      0.99999998E+31      0.99999998E+31      0.99999998E+31      0.99999998E+31      0.99999998E+31      0.99999998E+31      0.99999998E+31      0.99999998E+31      0.99999998E+31      0.99999998E+31
      0.99999998E+31      0.99999998E+31      0.99999998E+31      0.99999998E+31      0.99999998E+31      0.99999998E+31      0.99999998E+31      0.99999998E+31      0.99999998E+31      0.99999998E+31
      0.99999998E+31      0.99999998E+31      0.99999998E+31      0.99999998E+31      0.99999998E+31      0.99999998E+31      0.99999998E+31      0.99999998E+31      0.99999998E+31      0.99999998E+31
      0.99999998E+31      0.99999998E+31      0.99999998E+31      0.99999998E+31      0.99999998E+31      0.99999998E+31      0.99999998E+31      0.99999998E+31      0.99999998E+31      0.99999998E+31
      0.99999998E+31      0.99999998E+31
      0.99999998E+31      0.99999998E+31      0.99999998E+31      0.99999998E+31      0.99999998E+31      0.99999998E+31      0.99999998E+31      0.99999998E+31      0.99999998E+31      0.99999998E+31
      0.99999998E+31      0.99999998E+31      0.99999998E+31      0.99999998E+31      0.99999998E+31      0.99999998E+31      0.99999998E+31      0.99999998E+31      0.99999998E+31      0.99999998E+31
      0.99999998E+31      0.99999998E+31      0.99999998E+31      0.99999998E+31      0.99999998E+31      0.99999998E+31      0.99999998E+31      0.99999998E+31      0.99999998E+31      0.99999998E+31
      0.99999998E+31      0.99999998E+31      0.99999998E+31       1223.9084           1223.6901           1223.4642           1223.2054           1222.9473           1222.7163           1222.5328    
       1222.4127           1222.3685           1222.4099           1222.5292           1222.9761           1223.9868           1224.8452           1226.2319           1227.6654           1229.1191    
       1230.6508           1232.4121           1235.0060           1237.9336           1240.9653           1243.1404           1245.4347           1247.0654           1252.3319           1253.9645    
       1255.5048           1256.7678           1257.8341           1258.7745           1257.5323           1256.5443           1255.5886           1254.4668           1253.1973           1251.7515    
       1250.0887           1248.1234           1250.2567           1246.9847           1238.7336           1233.9366           1228.6758           1224.1094           1220.8807           1219.9913    
       1223.8030           1228.2086           1238.2802           1249.9391           1260.6694           1267.5708           1262.4998           1240.0029           1184.4480           1112.1571    
       1049.1237           1020.5153           996.26270           931.53333           923.56104           926.57727           923.37665           924.62024           950.86340           1031.9067    
       1110.7642           1121.5223           1129.8365           1140.4033           1124.0577           1148.3180          0.99999998E+31      0.99999998E+31      0.99999998E+31       1071.6953    
       1057.4154           1041.8251           1035.7854          0.99999998E+31      0.99999998E+31      0.99999998E+31      0.99999998E+31      0.99999998E+31      0.99999998E+31      0.99999998E+31
      0.99999998E+31       1083.7054           1064.1163           1052.4550           1044.0311           1154.8372          0.99999998E+31      0.99999998E+31      0.99999998E+31      0.99999998E+31
      0.99999998E+31      0.99999998E+31       1143.6526           1142.9026           1143.8496           1142.7281           1139.3636           1137.9138           1136.4653           1135.5067    
       1135.0698           1135.1949           1136.3108           1140.8007           1154.0775           1183.0284           1230.5414           1736.4553           1891.5216           1983.2819    
      0.99999998E+31      0.99999998E+31      0.99999998E+31      0.99999998E+31      0.99999998E+31      0.99999998E+31      0.99999998E+31      0.99999998E+31      0.99999998E+31      0.99999998E+31
      0.99999998E+31      0.99999998E+31      0.99999998E+31      0.99999998E+31      0.99999998E+31      0.99999998E+31      0.99999998E+31      0.99999998E+31      0.99999998E+31      0.99999998E+31
      0.99999998E+31      0.99999998E+31      0.99999998E+31      0.99999998E+31      0.99999998E+31      0.99999998E+31      0.99999998E+31      0.99999998E+31      0.99999998E+31      0.99999998E+31
      0.99999998E+31      0.99999998E+31      0.99999998E+31      0.99999998E+31      0.99999998E+31      0.99999998E+31      0.99999998E+31      0.99999998E+31      0.99999998E+31      0.99999998E+31
      0.99999998E+31      0.99999998E+31      0.99999998E+31      0.99999998E+31      0.99999998E+31      0.99999998E+31      0.99999998E+31      0.99999998E+31      0.99999998E+31      0.99999998E+31
      0.99999998E+31      0.99999998E+31      0.99999998E+31      0.99999998E+31      0.99999998E+31      0.99999998E+31      0.99999998E+31      0.99999998E+31      0.99999998E+31      0.99999998E+31
      0.99999998E+31      0.99999998E+31      0.99999998E+31      0.99999998E+31      0.99999998E+31      0.99999998E+31      0.99999998E+31      0.99999998E+31      0.99999998E+31      0.99999998E+31
      0.99999998E+31      0.99999998E+31
      0.99999998E+31      0.99999998E+31      0.99999998E+31      0.99999998E+31      0.99999998E+31      0.99999998E+31      0.99999998E+31      0.99999998E+31      0.99999998E+31      0.99999998E+31
      0.99999998E+31      0.99999998E+31      0.99999998E+31      0.99999998E+31      0.99999998E+31      0.99999998E+31      0.99999998E+31      0.99999998E+31      0.99999998E+31      0.99999998E+31
      0.99999998E+31      0.99999998E+31      0.99999998E+31      0.99999998E+31      0.99999998E+31      0.99999998E+31      0.99999998E+31      0.99999998E+31      0.99999998E+31      0.99999998E+31
      0.99999998E+31      0.99999998E+31      0.99999998E+31       1223.0582           1222.8638           1222.6245           1222.3162           1221.9731           1221.6371           1221.3281    
       1221.0675           1220.8690           1220.7394           1220.6788           1220.6520           1220.9655           1221.8547           1223.1550           1224.5266           1225.9294    
       1227.4088           1229.1003           1231.3229           1234.2235           1236.5095           1239.1490           1241.6573           1243.9058           1246.6337           1250.6793    
       1252.3268           1253.5403           1254.5309           1255.5026           1255.3547           1254.9427           1254.2477           1253.2421           1251.9902           1250.4841    
       1248.6665           1246.4481           1253.9534           1239.7478           1234.8906           1228.9752           1222.4587           1216.2318           1210.4026           1206.5979    
       1204.6482           1210.5991           1212.4939           1220.0500           1226.1063           1226.4667           1217.9006           1196.3625           1151.2933           1065.2386    
       1036.6490           1012.0174           987.19464           937.94110           927.79395           921.49414           915.31830           919.98059           932.59296           1026.7057    
       1091.8240           1109.2570           1117.0321           1116.1428           1069.3135           1049.7759          0.99999998E+31      0.99999998E+31      0.99999998E+31       1022.4847    
       1005.0363           1021.8093           1027.3048          0.99999998E+31      0.99999998E+31      0.99999998E+31      0.99999998E+31      0.99999998E+31      0.99999998E+31      0.99999998E+31
       1006.0363           1027.6993           1033.3418           1024.4875           1022.0536           1020.1777           1033.7820          0.99999998E+31      0.99999998E+31      0.99999998E+31
      0.99999998E+31      0.99999998E+31      0.99999998E+31       1139.0835           1139.4261           1138.6932           1136.9688           1135.5762           1134.4843           1133.7942    
       1133.5409           1133.6697           1134.4119           1136.6921           1144.2393           1164.1129           1209.3824           1614.3652           1836.5040           1913.3867    
      0.99999998E+31      0.99999998E+31      0.99999998E+31      0.99999998E+31      0.99999998E+31      0.99999998E+31      0.99999998E+31      0.99999998E+31      0.99999998E+31      0.99999998E+31
      0.99999998E+31      0.99999998E+31      0.99999998E+31      0.99999998E+31      0.99999998E+31      0.99999998E+31      0.99999998E+31      0.99999998E+31      0.99999998E+31      0.99999998E+31
      0.99999998E+31      0.99999998E+31      0.99999998E+31      0.99999998E+31      0.99999998E+31      0.99999998E+31      0.99999998E+31      0.99999998E+31      0.99999998E+31      0.99999998E+31
      0.99999998E+31      0.99999998E+31      0.99999998E+31      0.99999998E+31      0.99999998E+31      0.99999998E+31      0.99999998E+31      0.99999998E+31      0.99999998E+31      0.99999998E+31
      0.99999998E+31      0.99999998E+31      0.99999998E+31      0.99999998E+31      0.99999998E+31      0.99999998E+31      0.99999998E+31      0.99999998E+31      0.99999998E+31      0.99999998E+31
      0.99999998E+31      0.99999998E+31      0.99999998E+31      0.99999998E+31      0.99999998E+31      0.99999998E+31      0.99999998E+31      0.99999998E+31      0.99999998E+31      0.99999998E+31
      0.99999998E+31      0.99999998E+31      0.99999998E+31      0.99999998E+31      0.99999998E+31      0.99999998E+31      0.99999998E+31      0.99999998E+31      0.99999998E+31      0.99999998E+31
      0.99999998E+31      0.99999998E+31
      0.99999998E+31      0.99999998E+31      0.99999998E+31      0.99999998E+31      0.99999998E+31      0.99999998E+31      0.99999998E+31      0.99999998E+31      0.99999998E+31      0.99999998E+31
      0.99999998E+31      0.99999998E+31      0.99999998E+31      0.99999998E+31      0.99999998E+31      0.99999998E+31      0.99999998E+31      0.99999998E+31      0.99999998E+31      0.99999998E+31
      0.99999998E+31      0.99999998E+31      0.99999998E+31      0.99999998E+31      0.99999998E+31      0.99999998E+31      0.99999998E+31      0.99999998E+31      0.99999998E+31      0.99999998E+31
      0.99999998E+31      0.99999998E+31      0.99999998E+31       1222.3544           1222.1698           1221.8748           1221.4814           1221.0250           1220.5636           1220.1205    
       1219.7172           1219.3740           1219.0980           1218.6156           1218.6479           1218.9753           1219.6404           1220.6296           1221.8074           1223.0452    
       1224.3237           1225.9360           1227.8171           1230.6252           1232.8302           1235.2933           1237.9214           1240.5901           1244.8007           1248.1658    
       1249.9120           1250.9636           1251.8478           1252.5842           1253.2117           1253.3483           1252.8839           1252.0186           1250.7819           1249.2266    
       1247.2833           1253.1335           1241.6971           1236.7462           1230.8605           1223.4777           1214.8623           1205.8519           1197.0162           1189.8966    
       1183.9615           1179.9727           1190.3406           1193.3673           1186.1041           1182.2996           1171.7316           1152.2152           1069.8345           1040.3060    
       1017.9434           1008.5984           979.86108           931.94885           910.88690           906.08435           903.95166           909.23712           918.31934           1007.1977    
       1073.9962           1081.8728           1093.5902           1054.6991           1016.7430           985.27539           944.09314           935.72168           927.29510           944.60718    
       955.11670           952.77881           1001.8204          0.99999998E+31      0.99999998E+31      0.99999998E+31       935.26794           937.52399           941.78210           949.02570    
       964.08643           977.85797           977.41553           978.71576           1002.0901           1000.2700           1084.3341          0.99999998E+31      0.99999998E+31      0.99999998E+31
      0.99999998E+31      0.99999998E+31       1139.2987           1138.6261           1137.7385           1136.4617           1134.9491           1133.6252           1132.6873           1132.1750    
       1131.9910           1132.1251           1132.7001           1134.1313           1138.2736           1152.9469           1187.1525           1322.6963           1757.2061           1829.4022    
      0.99999998E+31      0.99999998E+31      0.99999998E+31      0.99999998E+31      0.99999998E+31      0.99999998E+31      0.99999998E+31      0.99999998E+31      0.99999998E+31      0.99999998E+31
      0.99999998E+31      0.99999998E+31      0.99999998E+31      0.99999998E+31      0.99999998E+31      0.99999998E+31      0.99999998E+31      0.99999998E+31      0.99999998E+31      0.99999998E+31
      0.99999998E+31      0.99999998E+31      0.99999998E+31      0.99999998E+31      0.99999998E+31      0.99999998E+31      0.99999998E+31      0.99999998E+31      0.99999998E+31      0.99999998E+31
      0.99999998E+31      0.99999998E+31      0.99999998E+31      0.99999998E+31      0.99999998E+31      0.99999998E+31      0.99999998E+31      0.99999998E+31      0.99999998E+31      0.99999998E+31
      0.99999998E+31      0.99999998E+31      0.99999998E+31      0.99999998E+31      0.99999998E+31      0.99999998E+31      0.99999998E+31      0.99999998E+31      0.99999998E+31      0.99999998E+31
      0.99999998E+31      0.99999998E+31      0.99999998E+31      0.99999998E+31      0.99999998E+31      0.99999998E+31      0.99999998E+31      0.99999998E+31      0.99999998E+31      0.99999998E+31
      0.99999998E+31      0.99999998E+31      0.99999998E+31      0.99999998E+31      0.99999998E+31      0.99999998E+31      0.99999998E+31      0.99999998E+31      0.99999998E+31      0.99999998E+31
      0.99999998E+31      0.99999998E+31
      0.99999998E+31      0.99999998E+31      0.99999998E+31      0.99999998E+31      0.99999998E+31      0.99999998E+31      0.99999998E+31      0.99999998E+31      0.99999998E+31      0.99999998E+31
      0.99999998E+31      0.99999998E+31      0.99999998E+31      0.99999998E+31      0.99999998E+31      0.99999998E+31      0.99999998E+31      0.99999998E+31      0.99999998E+31      0.99999998E+31
      0.99999998E+31      0.99999998E+31      0.99999998E+31      0.99999998E+31      0.99999998E+31      0.99999998E+31      0.99999998E+31      0.99999998E+31      0.99999998E+31      0.99999998E+31
      0.99999998E+31      0.99999998E+31      0.99999998E+31       1221.8232           1221.6353           1221.2638           1220.7330           1220.1096           1219.5079           1218.9193    
       1218.3618           1217.8837           1217.4824           1216.9137           1216.9495           1217.1862           1217.6885           1218.4431           1219.3386           1220.3673    
       1221.4700           1222.8358           1224.6024           1226.6172           1228.7302           1231.1965           1233.9745           1237.2009           1243.0779           1245.8656    
       1247.9259           1248.8142           1249.6154           1250.7842           1251.3895           1251.7229           1251.5297           1250.7872           1249.6075           1247.9863    
       1252.8104           1245.5437           1239.1007           1233.7941           1226.5367           1216.8401           1204.5398           1191.2473           1179.2561           1169.2404    
       1159.2485           1150.6605           1141.8710           1132.4653           1131.5869           1112.4441           1089.1726           1057.5829           1037.2532           1054.5750    
       1042.3741           989.23193           944.30927           904.35144           896.85486           893.51056           892.99164           896.15320           908.33282           962.82465    
       1039.0934           1049.9136           1048.2245           964.32068           903.84540           898.10944           880.70221           870.26721           875.49451           888.43353    
       910.43262           919.06018           916.10931          0.99999998E+31      0.99999998E+31      0.99999998E+31       932.84314           931.78320           931.84204           934.40283    
       939.01141           945.26105           950.94122           955.86707           968.87805           989.02295           1028.4404          0.99999998E+31      0.99999998E+31      0.99999998E+31
      0.99999998E+31      0.99999998E+31       1143.6188           1140.2091           1137.9312           1135.5425           1133.4690           1131.9723           1131.1105           1130.6420    
       1130.5035           1130.6572           1131.2012           1132.3545           1134.8467           1143.5398           1169.5624           1207.2563           1403.4324           1761.4474    
      0.99999998E+31      0.99999998E+31      0.99999998E+31      0.99999998E+31      0.99999998E+31      0.99999998E+31      0.99999998E+31      0.99999998E+31      0.99999998E+31      0.99999998E+31
      0.99999998E+31      0.99999998E+31      0.99999998E+31      0.99999998E+31      0.99999998E+31      0.99999998E+31      0.99999998E+31      0.99999998E+31      0.99999998E+31      0.99999998E+31
      0.99999998E+31      0.99999998E+31      0.99999998E+31      0.99999998E+31      0.99999998E+31      0.99999998E+31      0.99999998E+31      0.99999998E+31      0.99999998E+31      0.99999998E+31
      0.99999998E+31      0.99999998E+31      0.99999998E+31      0.99999998E+31      0.99999998E+31      0.99999998E+31      0.99999998E+31      0.99999998E+31      0.99999998E+31      0.99999998E+31
      0.99999998E+31      0.99999998E+31      0.99999998E+31      0.99999998E+31      0.99999998E+31      0.99999998E+31      0.99999998E+31      0.99999998E+31      0.99999998E+31      0.99999998E+31
      0.99999998E+31      0.99999998E+31      0.99999998E+31      0.99999998E+31      0.99999998E+31      0.99999998E+31      0.99999998E+31      0.99999998E+31      0.99999998E+31      0.99999998E+31
      0.99999998E+31      0.99999998E+31      0.99999998E+31      0.99999998E+31      0.99999998E+31      0.99999998E+31      0.99999998E+31      0.99999998E+31      0.99999998E+31      0.99999998E+31
      0.99999998E+31      0.99999998E+31
      0.99999998E+31      0.99999998E+31      0.99999998E+31      0.99999998E+31      0.99999998E+31      0.99999998E+31      0.99999998E+31      0.99999998E+31      0.99999998E+31      0.99999998E+31
      0.99999998E+31      0.99999998E+31      0.99999998E+31      0.99999998E+31      0.99999998E+31      0.99999998E+31      0.99999998E+31      0.99999998E+31      0.99999998E+31      0.99999998E+31
      0.99999998E+31      0.99999998E+31      0.99999998E+31      0.99999998E+31      0.99999998E+31      0.99999998E+31      0.99999998E+31      0.99999998E+31      0.99999998E+31      0.99999998E+31
      0.99999998E+31      0.99999998E+31      0.99999998E+31       1221.4247           1221.1743           1220.7263           1220.0856           1219.2716           1218.4818           1217.7323    
       1216.9879           1216.3876           1215.8766           1215.3293           1215.2854           1215.4271           1215.7954           1216.3722           1217.0868           1217.9034    
       1218.8503           1219.9641           1221.2109           1222.7354           1224.7472           1227.5674           1229.4777           1234.4015           1239.1472           1242.7076    
       1245.5719           1246.6738           1247.5750           1248.7981           1249.9196           1251.4144           1252.0415           1252.1852           1251.9418           1251.8131    
       1244.4102           1241.2511           1236.9559           1230.9697           1222.2944           1209.0214           1191.2113           1173.2990           1157.6237           1143.3273    
       1130.5181           1107.8130           1110.0985           1097.8866           1082.6427           1062.5686           1045.3728           1029.2991           1071.5940           1065.5326    
       999.58649           958.71777           913.03644           889.92279           884.84131           886.36121           881.60687           883.42206           891.21436           939.80957    
       990.86273           1017.2635           996.30481           921.73615           873.02930           860.33356           847.05597           849.06018           851.81976           854.47186    
       857.40442           888.34753           898.36829          0.99999998E+31      0.99999998E+31      0.99999998E+31       940.84637           928.38562           927.78912           928.03607    
       929.29340           934.42920           941.12695           943.76373           946.34186           971.78198           987.43982          0.99999998E+31      0.99999998E+31      0.99999998E+31
      0.99999998E+31      0.99999998E+31       1149.5073           1143.0482           1172.4489           1175.7823           1132.1499           1130.4376           1129.5447           1129.1566    
       1129.1654           1129.3336           1129.9194           1131.1909           1133.3602           1137.5725           1152.5004           1180.3234           1210.4285           1572.7804    
      0.99999998E+31      0.99999998E+31      0.99999998E+31      0.99999998E+31      0.99999998E+31      0.99999998E+31      0.99999998E+31      0.99999998E+31      0.99999998E+31      0.99999998E+31
      0.99999998E+31      0.99999998E+31      0.99999998E+31      0.99999998E+31      0.99999998E+31      0.99999998E+31      0.99999998E+31      0.99999998E+31      0.99999998E+31      0.99999998E+31
      0.99999998E+31      0.99999998E+31      0.99999998E+31      0.99999998E+31      0.99999998E+31      0.99999998E+31      0.99999998E+31      0.99999998E+31      0.99999998E+31      0.99999998E+31
      0.99999998E+31      0.99999998E+31      0.99999998E+31      0.99999998E+31      0.99999998E+31      0.99999998E+31      0.99999998E+31      0.99999998E+31      0.99999998E+31      0.99999998E+31
      0.99999998E+31      0.99999998E+31      0.99999998E+31      0.99999998E+31      0.99999998E+31      0.99999998E+31      0.99999998E+31      0.99999998E+31      0.99999998E+31      0.99999998E+31
      0.99999998E+31      0.99999998E+31      0.99999998E+31      0.99999998E+31      0.99999998E+31      0.99999998E+31      0.99999998E+31      0.99999998E+31      0.99999998E+31      0.99999998E+31
      0.99999998E+31      0.99999998E+31      0.99999998E+31      0.99999998E+31      0.99999998E+31      0.99999998E+31      0.99999998E+31      0.99999998E+31      0.99999998E+31      0.99999998E+31
      0.99999998E+31      0.99999998E+31
      0.99999998E+31      0.99999998E+31      0.99999998E+31      0.99999998E+31      0.99999998E+31      0.99999998E+31      0.99999998E+31      0.99999998E+31      0.99999998E+31      0.99999998E+31
      0.99999998E+31      0.99999998E+31      0.99999998E+31      0.99999998E+31      0.99999998E+31      0.99999998E+31      0.99999998E+31      0.99999998E+31      0.99999998E+31      0.99999998E+31
      0.99999998E+31      0.99999998E+31      0.99999998E+31      0.99999998E+31      0.99999998E+31      0.99999998E+31      0.99999998E+31      0.99999998E+31      0.99999998E+31      0.99999998E+31
      0.99999998E+31      0.99999998E+31      0.99999998E+31       1221.1699           1220.7612           1220.1802           1219.3641           1218.3419           1217.4753           1216.5892    
       1215.5715           1214.8735           1214.6497           1213.6257           1213.5854           1213.6322           1213.8870           1214.3293           1214.9059           1215.5596    
       1216.3738           1217.2563           1218.0614           1219.3363           1221.2827           1222.7230           1224.8610           1231.0441           1235.5024           1239.0382    
       1242.7207           1244.9150           1246.2168           1247.2098           1248.6901           1248.8409           1249.0558           1248.5532           1247.3667           1245.5365    
       1243.0176           1239.5992           1234.8352           1227.9841           1217.6401           1198.5459           1173.8987           1153.8197           1135.2819           1117.4730    
       1098.5258           1091.0265           1077.2385           1065.2900           1050.5883           1033.9791           1019.3939           1078.2520           1035.2983           967.36963    
       958.92041           950.59576           902.23590           878.23022           882.39691           879.49945           872.52460           873.53375           879.45911           911.62891    
       937.31189           988.58862           944.21448           886.13092           856.84448           849.17853           841.19025           844.52594           846.77740           848.04559    
       850.83447           851.61462           874.88245          0.99999998E+31      0.99999998E+31      0.99999998E+31      0.99999998E+31       927.21002           926.13776           925.86810    
       926.12128           926.80103           931.56970           935.55872           936.93463           945.71014           956.65973           980.00012          0.99999998E+31      0.99999998E+31
      0.99999998E+31      0.99999998E+31       1166.7739           1144.8171           1169.1829           1169.5822           1130.3844           1128.5299           1127.8003           1127.7301    
       1176.7310           1128.0587           1128.7159           1130.3423           1133.4355           1138.7172           1138.7385           1153.6254           1178.1039           1204.0127    
      0.99999998E+31      0.99999998E+31      0.99999998E+31      0.99999998E+31      0.99999998E+31      0.99999998E+31      0.99999998E+31      0.99999998E+31      0.99999998E+31      0.99999998E+31
      0.99999998E+31      0.99999998E+31      0.99999998E+31      0.99999998E+31      0.99999998E+31      0.99999998E+31      0.99999998E+31      0.99999998E+31      0.99999998E+31      0.99999998E+31
      0.99999998E+31      0.99999998E+31      0.99999998E+31      0.99999998E+31      0.99999998E+31      0.99999998E+31      0.99999998E+31      0.99999998E+31      0.99999998E+31      0.99999998E+31
      0.99999998E+31      0.99999998E+31      0.99999998E+31      0.99999998E+31      0.99999998E+31      0.99999998E+31      0.99999998E+31      0.99999998E+31      0.99999998E+31      0.99999998E+31
      0.99999998E+31      0.99999998E+31      0.99999998E+31      0.99999998E+31      0.99999998E+31      0.99999998E+31      0.99999998E+31      0.99999998E+31      0.99999998E+31      0.99999998E+31
      0.99999998E+31      0.99999998E+31      0.99999998E+31      0.99999998E+31      0.99999998E+31      0.99999998E+31      0.99999998E+31      0.99999998E+31      0.99999998E+31      0.99999998E+31
      0.99999998E+31      0.99999998E+31      0.99999998E+31      0.99999998E+31      0.99999998E+31      0.99999998E+31      0.99999998E+31      0.99999998E+31      0.99999998E+31      0.99999998E+31
      0.99999998E+31      0.99999998E+31
      0.99999998E+31      0.99999998E+31      0.99999998E+31      0.99999998E+31      0.99999998E+31      0.99999998E+31      0.99999998E+31      0.99999998E+31      0.99999998E+31      0.99999998E+31
      0.99999998E+31      0.99999998E+31      0.99999998E+31      0.99999998E+31      0.99999998E+31      0.99999998E+31      0.99999998E+31      0.99999998E+31      0.99999998E+31      0.99999998E+31
      0.99999998E+31      0.99999998E+31      0.99999998E+31      0.99999998E+31      0.99999998E+31      0.99999998E+31      0.99999998E+31      0.99999998E+31      0.99999998E+31      0.99999998E+31
      0.99999998E+31      0.99999998E+31      0.99999998E+31      0.99999998E+31       1220.3391           1219.5228           1218.4783           1217.2968           1216.1852           1215.1188    
       1214.1846           1213.3651           1212.8856           1211.9816           1211.7762           1211.7551           1211.9009           1212.2433           1212.7281           1213.3003    
       1213.8690           1214.4546           1214.9431           1215.5938           1215.3844           1219.0663           1221.4579           1226.1416           1230.8451           1235.5511    
       1239.7964           1242.9794           1243.9037           1243.5275           1246.8542           1247.8785           1248.2418           1247.7793           1246.5439           1244.6029    
       1241.9301           1238.1770           1232.6857           1224.2904           1211.2203           1189.1174           1162.1124           1137.6150           1114.5117           1094.3484    
       1075.7374           1061.6184           1049.3300           1036.3451           1023.1891           1009.2808           1074.3922           1044.5236           967.80298           970.69806    
       958.62659           909.82440           958.56732           930.43774           879.09705           875.12488           869.89453           882.30670           872.54291           882.78406    
       905.81427           926.11530           906.86670           855.64410           846.94196           844.30212           840.03168           842.97894           845.18250           847.63055    
       849.28864           851.08533           880.51654           895.96240           934.92371           946.70038          0.99999998E+31      0.99999998E+31       924.73431           924.28259    
       924.05029           924.21021           925.04303           929.99603           930.71381           930.52844           934.94415           951.63391          0.99999998E+31      0.99999998E+31
      0.99999998E+31      0.99999998E+31       1151.3704           1143.2423           1135.1420           1130.6678           1127.7646           1126.3773           1125.9594           1178.6370    
       1126.1929           1126.5205           1127.3988           1129.5637           1134.5587           1304.9248           1139.5272           1142.2604           1147.5449           1168.6183    
      0.99999998E+31      0.99999998E+31      0.99999998E+31      0.99999998E+31      0.99999998E+31      0.99999998E+31      0.99999998E+31      0.99999998E+31      0.99999998E+31      0.99999998E+31
      0.99999998E+31      0.99999998E+31      0.99999998E+31      0.99999998E+31      0.99999998E+31      0.99999998E+31      0.99999998E+31      0.99999998E+31      0.99999998E+31      0.99999998E+31
      0.99999998E+31      0.99999998E+31      0.99999998E+31      0.99999998E+31      0.99999998E+31      0.99999998E+31      0.99999998E+31      0.99999998E+31      0.99999998E+31      0.99999998E+31
      0.99999998E+31      0.99999998E+31      0.99999998E+31      0.99999998E+31      0.99999998E+31      0.99999998E+31      0.99999998E+31      0.99999998E+31      0.99999998E+31      0.99999998E+31
      0.99999998E+31      0.99999998E+31      0.99999998E+31      0.99999998E+31      0.99999998E+31      0.99999998E+31      0.99999998E+31      0.99999998E+31      0.99999998E+31      0.99999998E+31
      0.99999998E+31      0.99999998E+31      0.99999998E+31      0.99999998E+31      0.99999998E+31      0.99999998E+31      0.99999998E+31      0.99999998E+31      0.99999998E+31      0.99999998E+31
      0.99999998E+31      0.99999998E+31      0.99999998E+31      0.99999998E+31      0.99999998E+31      0.99999998E+31      0.99999998E+31      0.99999998E+31      0.99999998E+31      0.99999998E+31
      0.99999998E+31      0.99999998E+31
      0.99999998E+31      0.99999998E+31      0.99999998E+31      0.99999998E+31      0.99999998E+31      0.99999998E+31      0.99999998E+31      0.99999998E+31      0.99999998E+31      0.99999998E+31
      0.99999998E+31      0.99999998E+31      0.99999998E+31      0.99999998E+31      0.99999998E+31      0.99999998E+31      0.99999998E+31      0.99999998E+31      0.99999998E+31      0.99999998E+31
      0.99999998E+31      0.99999998E+31      0.99999998E+31      0.99999998E+31      0.99999998E+31      0.99999998E+31      0.99999998E+31      0.99999998E+31      0.99999998E+31      0.99999998E+31
      0.99999998E+31      0.99999998E+31      0.99999998E+31      0.99999998E+31      0.99999998E+31       1218.8660           1217.5815           1216.2777           1215.0226           1213.8748    
       1212.8606           1211.8953           1211.0424           1210.2665           1209.8784           1209.7258           1209.7506           1209.9784           1210.3560           1210.8016    
       1211.2559           1211.5476           1211.8346           1211.1248           1212.0831           1213.9958           1216.7933           1219.8944           1225.2386           1231.1932    
       1236.5626           1240.9327           1243.2917           1243.9418           1245.4442           1247.1322           1247.8866           1247.3440           1246.0902           1244.1035    
       1241.2065           1236.9490           1230.7639           1221.2104           1206.3740           1183.0768           1154.5168           1124.8960           1095.4680           1071.9937    
       1053.8148           1036.5930           1065.2826           1057.3429           995.73700           1069.5726           1081.0569           986.74945           969.11639           947.64716    
       933.48053           903.77954           973.50201           966.47729           875.55939           873.63409           864.82227           878.55389           875.07391           873.83093    
       889.45282           889.92303           881.65356           854.91071           845.80121           843.37946           842.16339           843.23865           845.90381           849.47601    
       851.06805           862.25122           872.07098           879.80377           883.28442           916.41693          0.99999998E+31      0.99999998E+31       913.83447           920.80927    
       922.57892           921.80273           922.58215           923.86096           926.17474           926.15271           928.78632           931.04559           955.04181          0.99999998E+31
      0.99999998E+31      0.99999998E+31       1136.5837           1136.6656           1137.9653           1127.4656           1125.2517           1124.3279           1124.0095           1124.0543    
       1124.2407           1124.7543           1125.7344           1128.0295           1132.8368           1139.5493           1185.0974           1145.2600           1148.3478           1148.0049    
      0.99999998E+31      0.99999998E+31      0.99999998E+31      0.99999998E+31      0.99999998E+31      0.99999998E+31      0.99999998E+31      0.99999998E+31      0.99999998E+31      0.99999998E+31
      0.99999998E+31      0.99999998E+31      0.99999998E+31      0.99999998E+31      0.99999998E+31      0.99999998E+31      0.99999998E+31      0.99999998E+31      0.99999998E+31      0.99999998E+31
      0.99999998E+31      0.99999998E+31      0.99999998E+31      0.99999998E+31      0.99999998E+31      0.99999998E+31      0.99999998E+31      0.99999998E+31      0.99999998E+31      0.99999998E+31
      0.99999998E+31      0.99999998E+31      0.99999998E+31      0.99999998E+31      0.99999998E+31      0.99999998E+31      0.99999998E+31      0.99999998E+31      0.99999998E+31      0.99999998E+31
      0.99999998E+31      0.99999998E+31      0.99999998E+31      0.99999998E+31      0.99999998E+31      0.99999998E+31      0.99999998E+31      0.99999998E+31      0.99999998E+31      0.99999998E+31
      0.99999998E+31      0.99999998E+31      0.99999998E+31      0.99999998E+31      0.99999998E+31      0.99999998E+31      0.99999998E+31      0.99999998E+31      0.99999998E+31      0.99999998E+31
      0.99999998E+31      0.99999998E+31      0.99999998E+31      0.99999998E+31      0.99999998E+31      0.99999998E+31      0.99999998E+31      0.99999998E+31      0.99999998E+31      0.99999998E+31
      0.99999998E+31      0.99999998E+31
      0.99999998E+31      0.99999998E+31      0.99999998E+31      0.99999998E+31      0.99999998E+31      0.99999998E+31      0.99999998E+31      0.99999998E+31      0.99999998E+31      0.99999998E+31
      0.99999998E+31      0.99999998E+31      0.99999998E+31      0.99999998E+31      0.99999998E+31      0.99999998E+31      0.99999998E+31      0.99999998E+31      0.99999998E+31      0.99999998E+31
      0.99999998E+31      0.99999998E+31      0.99999998E+31      0.99999998E+31      0.99999998E+31      0.99999998E+31      0.99999998E+31      0.99999998E+31      0.99999998E+31      0.99999998E+31
      0.99999998E+31      0.99999998E+31      0.99999998E+31      0.99999998E+31      0.99999998E+31      0.99999998E+31       1216.8274           1215.3328           1213.9017           1212.6124    
       1211.4702           1210.4447           1210.1040           1208.4146           1207.9545           1207.5833           1207.4611           1207.5049           1207.7410           1208.0724    
       1208.4021           1208.6791           1208.8595           1207.6458           1209.0923           1210.5312           1211.8564           1214.7545           1219.1298           1226.3892    
       1233.5400           1239.8632           1274.0331           1244.6313           1246.1244           1246.6787           1247.1050           1247.1497           1246.2107           1244.4897    
       1241.0055           1236.3293           1229.5229           1219.2301           1203.2809           1178.7964           1149.6708           1116.6309           1077.6824           1049.8479    
       1031.3755           1010.0096           995.88257           980.18109           966.76544           1037.7006           980.71667           936.45612           947.40717           928.63550    
       920.15985           854.36395           893.96509           846.42169           856.97552           863.56665           855.32800           857.91272           856.94818           867.48346    
       888.20178           902.32294           863.69897           851.06091           871.31866           868.37311           842.19061           845.43256           846.40546           854.33368    
       854.77295           857.14362           855.37244           871.05579           875.64862           880.36694           884.12079           890.05347           900.47198           909.42755    
       917.89581           918.87109           921.54614           923.71118           922.60974           923.00024           924.47375           926.17145           950.04193           945.39093    
      0.99999998E+31      0.99999998E+31       1128.9390           1127.9246           1127.9113           1132.9387           1122.7570           1122.2303           1122.1104           1122.2009    
       1122.5095           1123.0391           1123.8439           1125.8596           1130.8344           1221.9553           1395.1172           1259.5909           1231.3240           1153.5012    
       1160.7499           1129.7200          0.99999998E+31      0.99999998E+31      0.99999998E+31      0.99999998E+31      0.99999998E+31      0.99999998E+31      0.99999998E+31      0.99999998E+31
      0.99999998E+31      0.99999998E+31      0.99999998E+31      0.99999998E+31      0.99999998E+31      0.99999998E+31      0.99999998E+31      0.99999998E+31      0.99999998E+31      0.99999998E+31
      0.99999998E+31      0.99999998E+31      0.99999998E+31      0.99999998E+31      0.99999998E+31      0.99999998E+31      0.99999998E+31      0.99999998E+31      0.99999998E+31      0.99999998E+31
      0.99999998E+31      0.99999998E+31      0.99999998E+31      0.99999998E+31      0.99999998E+31      0.99999998E+31      0.99999998E+31      0.99999998E+31      0.99999998E+31      0.99999998E+31
      0.99999998E+31      0.99999998E+31      0.99999998E+31      0.99999998E+31      0.99999998E+31      0.99999998E+31      0.99999998E+31      0.99999998E+31      0.99999998E+31      0.99999998E+31
      0.99999998E+31      0.99999998E+31      0.99999998E+31      0.99999998E+31      0.99999998E+31      0.99999998E+31      0.99999998E+31      0.99999998E+31      0.99999998E+31      0.99999998E+31
      0.99999998E+31      0.99999998E+31      0.99999998E+31      0.99999998E+31      0.99999998E+31      0.99999998E+31      0.99999998E+31      0.99999998E+31      0.99999998E+31      0.99999998E+31
      0.99999998E+31      0.99999998E+31
      0.99999998E+31      0.99999998E+31      0.99999998E+31      0.99999998E+31      0.99999998E+31      0.99999998E+31      0.99999998E+31      0.99999998E+31      0.99999998E+31      0.99999998E+31
      0.99999998E+31      0.99999998E+31      0.99999998E+31      0.99999998E+31      0.99999998E+31      0.99999998E+31      0.99999998E+31      0.99999998E+31      0.99999998E+31      0.99999998E+31
      0.99999998E+31      0.99999998E+31      0.99999998E+31      0.99999998E+31      0.99999998E+31      0.99999998E+31      0.99999998E+31      0.99999998E+31      0.99999998E+31      0.99999998E+31
      0.99999998E+31      0.99999998E+31      0.99999998E+31      0.99999998E+31      0.99999998E+31      0.99999998E+31      0.99999998E+31       1214.4795           1212.8187           1211.2888    
       1210.0071           1208.9247           1207.9332           1206.6068           1205.8384           1205.3878           1205.0051           1204.8352           1204.7864           1204.9188    
       1205.1893           1205.3539           1202.2256           1204.1757           1206.9174           1205.4041           1206.5162           1208.3170           1211.1384           1221.4266    
       1230.6096           1281.0787           1322.0731           1368.0479           1409.0463           1418.0586           1417.0645           1365.1161           1339.1658           1321.2128    
       1298.3575           1289.3218           1263.4198           1219.0742           1202.6505           1177.9348           1148.3096           1121.3065           1055.3572           1027.2476    
       1000.7217           982.57324           965.55261           1036.3126           1022.5833           1043.4514           948.55560           935.93030           925.27893           918.57312    
       855.83893           910.00012           834.98834           844.78662           847.31024           854.61798           860.08929           861.90698           856.92377           866.02167    
       890.58618           891.32733           847.57263           839.44714           853.05658           851.28284           836.90479           845.94427           853.17487           850.82135    
       854.47241           855.74823           855.26495           873.20502           870.75610           875.71112           880.64624           886.31445           892.81287           900.35376    
       908.19415           916.29181           919.36841           920.04102           919.61261           920.38214           920.59137           921.48218           935.69415           939.88361    
      0.99999998E+31      0.99999998E+31       1123.2888           1123.1257           1122.5453           1121.6185           1131.6863           1133.8834           1128.3444           1120.4498    
       1120.8610           1121.4646           1122.3416           1123.8387           1127.8206           1134.2223           1275.6555           1415.0134           1451.6633           1245.5625    
       1300.1508           1166.5941          0.99999998E+31      0.99999998E+31      0.99999998E+31      0.99999998E+31      0.99999998E+31      0.99999998E+31      0.99999998E+31      0.99999998E+31
      0.99999998E+31      0.99999998E+31      0.99999998E+31      0.99999998E+31      0.99999998E+31      0.99999998E+31      0.99999998E+31      0.99999998E+31      0.99999998E+31      0.99999998E+31
      0.99999998E+31      0.99999998E+31      0.99999998E+31      0.99999998E+31      0.99999998E+31      0.99999998E+31      0.99999998E+31      0.99999998E+31      0.99999998E+31      0.99999998E+31
      0.99999998E+31      0.99999998E+31      0.99999998E+31      0.99999998E+31      0.99999998E+31      0.99999998E+31      0.99999998E+31      0.99999998E+31      0.99999998E+31      0.99999998E+31
      0.99999998E+31      0.99999998E+31      0.99999998E+31      0.99999998E+31      0.99999998E+31      0.99999998E+31      0.99999998E+31      0.99999998E+31      0.99999998E+31      0.99999998E+31
      0.99999998E+31      0.99999998E+31      0.99999998E+31      0.99999998E+31      0.99999998E+31      0.99999998E+31      0.99999998E+31      0.99999998E+31      0.99999998E+31      0.99999998E+31
      0.99999998E+31      0.99999998E+31      0.99999998E+31      0.99999998E+31      0.99999998E+31      0.99999998E+31      0.99999998E+31      0.99999998E+31      0.99999998E+31      0.99999998E+31
      0.99999998E+31      0.99999998E+31
      0.99999998E+31      0.99999998E+31      0.99999998E+31      0.99999998E+31      0.99999998E+31      0.99999998E+31      0.99999998E+31      0.99999998E+31      0.99999998E+31      0.99999998E+31
      0.99999998E+31      0.99999998E+31      0.99999998E+31      0.99999998E+31      0.99999998E+31      0.99999998E+31      0.99999998E+31      0.99999998E+31      0.99999998E+31      0.99999998E+31
      0.99999998E+31      0.99999998E+31      0.99999998E+31      0.99999998E+31      0.99999998E+31      0.99999998E+31      0.99999998E+31      0.99999998E+31      0.99999998E+31      0.99999998E+31
      0.99999998E+31      0.99999998E+31      0.99999998E+31      0.99999998E+31      0.99999998E+31      0.99999998E+31      0.99999998E+31      0.99999998E+31       1211.9413           1210.0431    
       1208.4744           1207.3411           1206.2468           1204.9688           1203.7308           1203.0626           1202.4247           1201.9329           1201.5342           1201.3746    
       1201.4585           1204.8705           1198.9847           1201.7104           1206.1482           1200.7544           1202.0364           1203.6672           1205.7473           1218.2922    
       1281.0416          0.99999998E+31      0.99999998E+31      0.99999998E+31      0.99999998E+31      0.99999998E+31      0.99999998E+31      0.99999998E+31      0.99999998E+31      0.99999998E+31
      0.99999998E+31      0.99999998E+31      0.99999998E+31      0.99999998E+31      0.99999998E+31      0.99999998E+31      0.99999998E+31      0.99999998E+31       1040.8323           997.39325    
       969.79132           953.24854           939.90369           1002.3666           1034.1143           1011.1385           885.68329           870.30255           853.63794           870.82520    
       863.38586           861.94556           838.00348           837.06885           844.67249           834.48749           838.57324           850.75818           853.83203           863.20135    
       877.35522           889.84814           849.09705           843.39124           836.91345           836.90509           838.34802           841.11200           845.58612           848.94342    
       853.39209           854.42169           859.34949           864.41205           869.24091           873.98602           893.47382           896.69824           887.81848           895.67615    
       902.44128           907.66522           911.74463           914.85846           916.92981           918.35101           919.38513           920.13110           940.58960           950.34003    
      0.99999998E+31       1117.4308           1119.1061           1119.7896           1129.1720           1130.5576           1116.7698           1117.7719           1127.8212           1138.4834    
       1139.5486           1120.0331           1121.0642           1122.5763           1125.2708           1129.5060           1264.5867           1353.0129           1421.9176           1333.4453    
       1491.0233           1298.8967          0.99999998E+31      0.99999998E+31      0.99999998E+31      0.99999998E+31      0.99999998E+31      0.99999998E+31      0.99999998E+31      0.99999998E+31
      0.99999998E+31      0.99999998E+31      0.99999998E+31      0.99999998E+31      0.99999998E+31      0.99999998E+31      0.99999998E+31      0.99999998E+31      0.99999998E+31      0.99999998E+31
      0.99999998E+31      0.99999998E+31      0.99999998E+31      0.99999998E+31      0.99999998E+31      0.99999998E+31      0.99999998E+31      0.99999998E+31      0.99999998E+31      0.99999998E+31
      0.99999998E+31      0.99999998E+31      0.99999998E+31      0.99999998E+31      0.99999998E+31      0.99999998E+31      0.99999998E+31      0.99999998E+31      0.99999998E+31      0.99999998E+31
      0.99999998E+31      0.99999998E+31      0.99999998E+31      0.99999998E+31      0.99999998E+31      0.99999998E+31      0.99999998E+31      0.99999998E+31      0.99999998E+31      0.99999998E+31
      0.99999998E+31      0.99999998E+31      0.99999998E+31      0.99999998E+31      0.99999998E+31      0.99999998E+31      0.99999998E+31      0.99999998E+31      0.99999998E+31      0.99999998E+31
      0.99999998E+31      0.99999998E+31      0.99999998E+31      0.99999998E+31      0.99999998E+31      0.99999998E+31      0.99999998E+31      0.99999998E+31      0.99999998E+31      0.99999998E+31
      0.99999998E+31      0.99999998E+31
      0.99999998E+31      0.99999998E+31      0.99999998E+31      0.99999998E+31      0.99999998E+31      0.99999998E+31      0.99999998E+31      0.99999998E+31      0.99999998E+31      0.99999998E+31
      0.99999998E+31      0.99999998E+31      0.99999998E+31      0.99999998E+31      0.99999998E+31      0.99999998E+31      0.99999998E+31      0.99999998E+31      0.99999998E+31      0.99999998E+31
      0.99999998E+31      0.99999998E+31      0.99999998E+31      0.99999998E+31      0.99999998E+31      0.99999998E+31      0.99999998E+31      0.99999998E+31      0.99999998E+31      0.99999998E+31
      0.99999998E+31      0.99999998E+31      0.99999998E+31      0.99999998E+31      0.99999998E+31      0.99999998E+31      0.99999998E+31      0.99999998E+31      0.99999998E+31       1208.7804    
       1207.1414           1205.8529           1204.6539           1203.2773           1201.8538           1200.6301           1199.7096           1198.8103           1198.0427           1197.4814    
       1197.0610           1192.7584           1193.7344           1201.1759           1196.3710           1196.5106           1197.0563           1198.3639           1199.6349           1240.0702    
      0.99999998E+31      0.99999998E+31      0.99999998E+31      0.99999998E+31      0.99999998E+31      0.99999998E+31      0.99999998E+31      0.99999998E+31      0.99999998E+31      0.99999998E+31
      0.99999998E+31      0.99999998E+31      0.99999998E+31      0.99999998E+31      0.99999998E+31      0.99999998E+31      0.99999998E+31      0.99999998E+31       999.83667           967.13214    
       939.40735           927.78534           976.47119           972.86926           965.65991           989.41235           863.42145           847.59302           870.44794           851.60425    
       821.15619           846.59814           851.03729           848.63257           829.08911           829.58215           833.37158           846.24689           845.89349           851.28418    
       848.47461           845.10059           843.55847           843.60150           837.20398           838.96088           839.92590           842.72498           846.59485           850.04358    
       853.85907           857.28168           860.96228           869.96918           872.45081           873.71106           892.12311           894.13641           883.44171           891.08478    
       897.58746           902.83240           907.60907           911.60669           914.68329           917.18347           918.10272           919.01581           940.45325           955.05908    
      0.99999998E+31       1116.4429           1116.9243           1117.2625           1127.0353           1129.1765           1115.6569           1115.8809           1116.2733           1116.8242    
       1121.3447           1145.9130           1149.0172           1125.4366           1123.0616           1125.8695           1129.1786           1254.6699           1257.3153           1149.3318    
       1290.2898           1157.6014           1118.0500           1115.4800          0.99999998E+31      0.99999998E+31      0.99999998E+31      0.99999998E+31      0.99999998E+31      0.99999998E+31
      0.99999998E+31      0.99999998E+31      0.99999998E+31      0.99999998E+31      0.99999998E+31      0.99999998E+31      0.99999998E+31      0.99999998E+31      0.99999998E+31      0.99999998E+31
      0.99999998E+31      0.99999998E+31      0.99999998E+31      0.99999998E+31      0.99999998E+31      0.99999998E+31      0.99999998E+31      0.99999998E+31      0.99999998E+31      0.99999998E+31
      0.99999998E+31      0.99999998E+31      0.99999998E+31      0.99999998E+31      0.99999998E+31      0.99999998E+31      0.99999998E+31      0.99999998E+31      0.99999998E+31      0.99999998E+31
      0.99999998E+31      0.99999998E+31      0.99999998E+31      0.99999998E+31      0.99999998E+31      0.99999998E+31      0.99999998E+31      0.99999998E+31      0.99999998E+31      0.99999998E+31
      0.99999998E+31      0.99999998E+31      0.99999998E+31      0.99999998E+31      0.99999998E+31      0.99999998E+31      0.99999998E+31      0.99999998E+31      0.99999998E+31      0.99999998E+31
      0.99999998E+31      0.99999998E+31      0.99999998E+31      0.99999998E+31      0.99999998E+31      0.99999998E+31      0.99999998E+31      0.99999998E+31      0.99999998E+31      0.99999998E+31
      0.99999998E+31      0.99999998E+31
      0.99999998E+31      0.99999998E+31      0.99999998E+31      0.99999998E+31      0.99999998E+31      0.99999998E+31      0.99999998E+31      0.99999998E+31      0.99999998E+31      0.99999998E+31
      0.99999998E+31      0.99999998E+31      0.99999998E+31      0.99999998E+31      0.99999998E+31      0.99999998E+31      0.99999998E+31      0.99999998E+31      0.99999998E+31      0.99999998E+31
      0.99999998E+31      0.99999998E+31      0.99999998E+31      0.99999998E+31      0.99999998E+31      0.99999998E+31      0.99999998E+31      0.99999998E+31      0.99999998E+31      0.99999998E+31
      0.99999998E+31      0.99999998E+31      0.99999998E+31      0.99999998E+31      0.99999998E+31      0.99999998E+31      0.99999998E+31      0.99999998E+31      0.99999998E+31      0.99999998E+31
       1206.1274           1204.4977           1203.1439           1201.8324           1199.7148           1198.2719           1196.8793           1195.4790           1194.3890           1194.9197    
       1195.2351           1187.4469           1189.6793           1192.0820           1191.7538           1192.1710           1192.7788           1193.2263           1194.2067          0.99999998E+31
      0.99999998E+31      0.99999998E+31      0.99999998E+31      0.99999998E+31      0.99999998E+31      0.99999998E+31      0.99999998E+31      0.99999998E+31      0.99999998E+31      0.99999998E+31
      0.99999998E+31      0.99999998E+31      0.99999998E+31      0.99999998E+31      0.99999998E+31      0.99999998E+31      0.99999998E+31      0.99999998E+31       1001.3116           944.92999    
       915.68939           905.95288           951.55109           884.97723           874.95026           864.11511           848.62555           831.87115           820.85638           810.69293    
       815.24829           818.15240           821.46356           823.94806           825.16083           827.40887           829.42004           830.11719           838.95203           843.70984    
       845.92200           848.78510           835.85815           834.76880           838.04779           841.32294           842.13013           844.15997           847.82782           852.19690    
       900.01099           883.79742           881.10950           874.90521           873.87946           873.97156           878.99164           879.93390           881.10181           887.50098    
       893.48358           899.09650           904.05255           907.97778           923.53741           926.62689           917.10974           918.17999           940.81714           950.90649    
      0.99999998E+31       1115.3705           1115.2988           1114.9983           1114.7578           1114.2390           1113.8267           1113.9650           1114.3009           1114.8651    
       1115.7273           1131.8579           1257.2003           1287.0391           1140.7101           1182.7145           1152.0193           1127.4471           1130.3083           1206.3894    
       1138.1246           1126.0209           1111.2761           1112.1039          0.99999998E+31      0.99999998E+31      0.99999998E+31      0.99999998E+31      0.99999998E+31      0.99999998E+31
      0.99999998E+31      0.99999998E+31      0.99999998E+31      0.99999998E+31      0.99999998E+31      0.99999998E+31      0.99999998E+31      0.99999998E+31      0.99999998E+31      0.99999998E+31
      0.99999998E+31      0.99999998E+31      0.99999998E+31      0.99999998E+31      0.99999998E+31      0.99999998E+31      0.99999998E+31      0.99999998E+31      0.99999998E+31      0.99999998E+31
      0.99999998E+31      0.99999998E+31      0.99999998E+31      0.99999998E+31      0.99999998E+31      0.99999998E+31      0.99999998E+31      0.99999998E+31      0.99999998E+31      0.99999998E+31
      0.99999998E+31      0.99999998E+31      0.99999998E+31      0.99999998E+31      0.99999998E+31      0.99999998E+31      0.99999998E+31      0.99999998E+31      0.99999998E+31      0.99999998E+31
      0.99999998E+31      0.99999998E+31      0.99999998E+31      0.99999998E+31      0.99999998E+31      0.99999998E+31      0.99999998E+31      0.99999998E+31      0.99999998E+31      0.99999998E+31
      0.99999998E+31      0.99999998E+31      0.99999998E+31      0.99999998E+31      0.99999998E+31      0.99999998E+31      0.99999998E+31      0.99999998E+31      0.99999998E+31      0.99999998E+31
      0.99999998E+31      0.99999998E+31
      0.99999998E+31      0.99999998E+31      0.99999998E+31      0.99999998E+31      0.99999998E+31      0.99999998E+31      0.99999998E+31      0.99999998E+31      0.99999998E+31      0.99999998E+31
      0.99999998E+31      0.99999998E+31      0.99999998E+31      0.99999998E+31      0.99999998E+31      0.99999998E+31      0.99999998E+31      0.99999998E+31      0.99999998E+31      0.99999998E+31
      0.99999998E+31      0.99999998E+31      0.99999998E+31      0.99999998E+31      0.99999998E+31      0.99999998E+31      0.99999998E+31      0.99999998E+31      0.99999998E+31      0.99999998E+31
      0.99999998E+31      0.99999998E+31      0.99999998E+31      0.99999998E+31      0.99999998E+31      0.99999998E+31      0.99999998E+31      0.99999998E+31      0.99999998E+31      0.99999998E+31
      0.99999998E+31       1203.4310           1201.6931           1200.6072           1197.5934           1195.7968           1193.9094           1191.9458           1189.2577           1185.3464    
       1184.3420           1182.0538           1187.3757           1187.1855           1186.8901           1187.1785           1186.5951           1186.5762           1187.2452          0.99999998E+31
      0.99999998E+31      0.99999998E+31      0.99999998E+31      0.99999998E+31      0.99999998E+31      0.99999998E+31      0.99999998E+31      0.99999998E+31      0.99999998E+31      0.99999998E+31
      0.99999998E+31      0.99999998E+31      0.99999998E+31      0.99999998E+31      0.99999998E+31      0.99999998E+31      0.99999998E+31       1066.2213           896.92572           904.87024    
       896.55615           890.40350           931.43774           872.68396           864.18787           855.71594           844.73694           834.43341           821.67761           813.48926    
       812.46143           812.13733           826.28119           820.67194           823.55554           825.89093           827.39001           827.82770           831.96423           836.63306    
       840.72449           848.29785           834.95856           836.90906           843.48193           846.70599           843.13531           845.99542           846.18817           857.69580    
       901.60815           898.79199           887.11908           880.04523           876.37103           875.58557           879.97278           882.10840           883.26099           885.70752    
       891.36871           896.40509           900.97235           905.56842           917.94885           921.32312           915.85956           917.02722          0.99999998E+31      0.99999998E+31
      0.99999998E+31       1114.7140           1114.3239           1113.2666           1112.4161           1111.9921           1111.9589           1112.0616           1112.3074           1112.7972    
       1113.6138           1153.2858           1198.5642           1241.1783           1131.6317           1119.5105           1129.4506           1139.3961           1226.5060           1319.6429    
       1201.0306           1124.6372           1104.2607           1104.7964          0.99999998E+31      0.99999998E+31      0.99999998E+31      0.99999998E+31      0.99999998E+31      0.99999998E+31
      0.99999998E+31      0.99999998E+31      0.99999998E+31      0.99999998E+31      0.99999998E+31      0.99999998E+31      0.99999998E+31      0.99999998E+31      0.99999998E+31      0.99999998E+31
      0.99999998E+31      0.99999998E+31      0.99999998E+31      0.99999998E+31      0.99999998E+31      0.99999998E+31      0.99999998E+31      0.99999998E+31      0.99999998E+31      0.99999998E+31
      0.99999998E+31      0.99999998E+31      0.99999998E+31      0.99999998E+31      0.99999998E+31      0.99999998E+31      0.99999998E+31      0.99999998E+31      0.99999998E+31      0.99999998E+31
      0.99999998E+31      0.99999998E+31      0.99999998E+31      0.99999998E+31      0.99999998E+31      0.99999998E+31      0.99999998E+31      0.99999998E+31      0.99999998E+31      0.99999998E+31
      0.99999998E+31      0.99999998E+31      0.99999998E+31      0.99999998E+31      0.99999998E+31      0.99999998E+31      0.99999998E+31      0.99999998E+31      0.99999998E+31      0.99999998E+31
      0.99999998E+31      0.99999998E+31      0.99999998E+31      0.99999998E+31      0.99999998E+31      0.99999998E+31      0.99999998E+31      0.99999998E+31      0.99999998E+31      0.99999998E+31
      0.99999998E+31      0.99999998E+31
      0.99999998E+31      0.99999998E+31      0.99999998E+31      0.99999998E+31      0.99999998E+31      0.99999998E+31      0.99999998E+31      0.99999998E+31      0.99999998E+31      0.99999998E+31
      0.99999998E+31      0.99999998E+31      0.99999998E+31      0.99999998E+31      0.99999998E+31      0.99999998E+31      0.99999998E+31      0.99999998E+31      0.99999998E+31      0.99999998E+31
      0.99999998E+31      0.99999998E+31      0.99999998E+31      0.99999998E+31      0.99999998E+31      0.99999998E+31      0.99999998E+31      0.99999998E+31      0.99999998E+31      0.99999998E+31
      0.99999998E+31      0.99999998E+31      0.99999998E+31      0.99999998E+31      0.99999998E+31      0.99999998E+31      0.99999998E+31      0.99999998E+31      0.99999998E+31      0.99999998E+31
      0.99999998E+31      0.99999998E+31       1200.3999           1199.0400           1195.7753           1193.1456           1192.4832           1190.1936           1183.5510           1176.8394    
       1175.0044           1176.0239           1180.9209           1181.4119           1181.1965           1181.3965           1181.2136           1181.4221           1183.9673          0.99999998E+31
      0.99999998E+31      0.99999998E+31      0.99999998E+31      0.99999998E+31      0.99999998E+31      0.99999998E+31      0.99999998E+31      0.99999998E+31      0.99999998E+31      0.99999998E+31
      0.99999998E+31      0.99999998E+31      0.99999998E+31      0.99999998E+31      0.99999998E+31      0.99999998E+31      0.99999998E+31       881.90887           882.62872           883.77850    
       881.10266           877.63763           921.13153           863.21594           856.95929           850.99609           863.32385           884.95868           849.28900           813.75970    
       809.68890           802.40442           810.69885           828.47351           834.00458           832.60156           828.80737           827.79767           828.87378           831.42688    
       834.20740           833.31458           856.63879           847.46289           839.91473           844.31622           863.03320           899.86896           890.08130           899.22687    
       901.38397           902.69061           900.80792           890.34381           879.78442           883.03632           884.60327           886.17670           887.43365           892.78894    
       895.12079           895.50055           902.33984           905.64301          0.99999998E+31      0.99999998E+31      0.99999998E+31      0.99999998E+31      0.99999998E+31      0.99999998E+31
      0.99999998E+31      0.99999998E+31      0.99999998E+31       1111.4254           1110.3828           1110.0278           1110.0850           1110.0741           1110.1741           1110.5176    
       1111.1526           1112.0773           1153.8993           1127.8981           1114.9017           1115.9667           1117.2838           1118.2002           1119.1847           1205.7325    
       1142.5255           1123.9220           1099.7722           1099.0723          0.99999998E+31      0.99999998E+31      0.99999998E+31      0.99999998E+31      0.99999998E+31      0.99999998E+31
      0.99999998E+31      0.99999998E+31      0.99999998E+31      0.99999998E+31      0.99999998E+31      0.99999998E+31      0.99999998E+31      0.99999998E+31      0.99999998E+31      0.99999998E+31
      0.99999998E+31      0.99999998E+31      0.99999998E+31      0.99999998E+31      0.99999998E+31      0.99999998E+31      0.99999998E+31      0.99999998E+31      0.99999998E+31      0.99999998E+31
      0.99999998E+31      0.99999998E+31      0.99999998E+31      0.99999998E+31      0.99999998E+31      0.99999998E+31      0.99999998E+31      0.99999998E+31      0.99999998E+31      0.99999998E+31
      0.99999998E+31      0.99999998E+31      0.99999998E+31      0.99999998E+31      0.99999998E+31      0.99999998E+31      0.99999998E+31      0.99999998E+31      0.99999998E+31      0.99999998E+31
      0.99999998E+31      0.99999998E+31      0.99999998E+31      0.99999998E+31      0.99999998E+31      0.99999998E+31      0.99999998E+31      0.99999998E+31      0.99999998E+31      0.99999998E+31
      0.99999998E+31      0.99999998E+31      0.99999998E+31      0.99999998E+31      0.99999998E+31      0.99999998E+31      0.99999998E+31      0.99999998E+31      0.99999998E+31      0.99999998E+31
      0.99999998E+31      0.99999998E+31
      0.99999998E+31      0.99999998E+31      0.99999998E+31      0.99999998E+31      0.99999998E+31      0.99999998E+31      0.99999998E+31      0.99999998E+31      0.99999998E+31      0.99999998E+31
      0.99999998E+31      0.99999998E+31      0.99999998E+31      0.99999998E+31       1000.4265           997.08905           995.51965           994.13892           993.07819           992.27002    
       991.51971           991.10156           990.95789          0.99999998E+31      0.99999998E+31      0.99999998E+31      0.99999998E+31      0.99999998E+31      0.99999998E+31      0.99999998E+31
      0.99999998E+31      0.99999998E+31      0.99999998E+31      0.99999998E+31      0.99999998E+31      0.99999998E+31      0.99999998E+31      0.99999998E+31      0.99999998E+31      0.99999998E+31
      0.99999998E+31      0.99999998E+31      0.99999998E+31       1197.6896           1194.8464           1191.5790           1188.5024           1184.1219           1180.4095           1171.5012    
       1170.1293           1170.6021           1173.0758           1175.2589           1175.2184           1174.9834           1174.6904           1174.5162           1174.5110          0.99999998E+31
      0.99999998E+31      0.99999998E+31      0.99999998E+31      0.99999998E+31      0.99999998E+31      0.99999998E+31      0.99999998E+31      0.99999998E+31      0.99999998E+31      0.99999998E+31
      0.99999998E+31      0.99999998E+31      0.99999998E+31      0.99999998E+31      0.99999998E+31      0.99999998E+31      0.99999998E+31       880.37787           871.22461           871.23175    
       869.19409           867.05719           923.65509           859.98718           853.06390           844.01709           844.15271           843.16919           842.19354           827.03925    
       818.00555           812.56433           831.03540           834.39563           836.70917           835.86871           830.96265           829.21130           829.07239           828.95673    
       828.54340           830.39917           867.48737           854.40472           852.66693           837.01611           903.81903           896.76813           883.26007           882.66718    
       883.74005           905.28070           940.56036           922.51794           909.07129           891.54199           890.49158           890.49872           892.06537           895.42493    
       896.17108           892.55762           902.37915           905.09985          0.99999998E+31      0.99999998E+31      0.99999998E+31      0.99999998E+31      0.99999998E+31      0.99999998E+31
      0.99999998E+31      0.99999998E+31      0.99999998E+31      0.99999998E+31       1108.6444           1108.4386           1108.1925           1107.9441           1107.7234           1108.0350    
       1108.5278           1109.1742           1109.8774           1110.4847           1111.0078           1111.5205           1112.3505           1112.9038           1113.0153           1112.7141    
       1111.2284           1131.0972           1099.2184           1095.3380          0.99999998E+31      0.99999998E+31      0.99999998E+31      0.99999998E+31      0.99999998E+31      0.99999998E+31
      0.99999998E+31      0.99999998E+31      0.99999998E+31      0.99999998E+31      0.99999998E+31      0.99999998E+31      0.99999998E+31      0.99999998E+31      0.99999998E+31      0.99999998E+31
      0.99999998E+31      0.99999998E+31      0.99999998E+31      0.99999998E+31      0.99999998E+31      0.99999998E+31      0.99999998E+31      0.99999998E+31      0.99999998E+31      0.99999998E+31
      0.99999998E+31      0.99999998E+31      0.99999998E+31      0.99999998E+31      0.99999998E+31      0.99999998E+31      0.99999998E+31      0.99999998E+31      0.99999998E+31      0.99999998E+31
      0.99999998E+31      0.99999998E+31      0.99999998E+31      0.99999998E+31      0.99999998E+31      0.99999998E+31      0.99999998E+31      0.99999998E+31      0.99999998E+31      0.99999998E+31
      0.99999998E+31      0.99999998E+31      0.99999998E+31      0.99999998E+31      0.99999998E+31      0.99999998E+31      0.99999998E+31      0.99999998E+31      0.99999998E+31      0.99999998E+31
      0.99999998E+31      0.99999998E+31      0.99999998E+31      0.99999998E+31      0.99999998E+31      0.99999998E+31      0.99999998E+31      0.99999998E+31      0.99999998E+31      0.99999998E+31
      0.99999998E+31      0.99999998E+31
      0.99999998E+31      0.99999998E+31      0.99999998E+31      0.99999998E+31      0.99999998E+31      0.99999998E+31      0.99999998E+31      0.99999998E+31      0.99999998E+31      0.99999998E+31
      0.99999998E+31      0.99999998E+31      0.99999998E+31      0.99999998E+31       996.35535           994.67108           992.89093           992.06885           991.43188           990.84039    
       990.18121           989.41858           988.53198           987.69855           987.24738          0.99999998E+31      0.99999998E+31      0.99999998E+31      0.99999998E+31      0.99999998E+31
      0.99999998E+31      0.99999998E+31      0.99999998E+31      0.99999998E+31      0.99999998E+31      0.99999998E+31      0.99999998E+31      0.99999998E+31      0.99999998E+31      0.99999998E+31
      0.99999998E+31      0.99999998E+31      0.99999998E+31      0.99999998E+31       1192.1708           1187.2157           1182.8759           1177.5914           1174.4633           1166.4517    
       1165.0396           1165.1776           1166.1265           1167.4498           1168.8082           1169.1595           1168.9642           1168.7440           1168.0114          0.99999998E+31
      0.99999998E+31      0.99999998E+31      0.99999998E+31      0.99999998E+31      0.99999998E+31      0.99999998E+31      0.99999998E+31      0.99999998E+31      0.99999998E+31      0.99999998E+31
      0.99999998E+31      0.99999998E+31      0.99999998E+31      0.99999998E+31      0.99999998E+31      0.99999998E+31      0.99999998E+31       875.19983           863.43048           862.22375    
       859.57568           858.10474           913.04950           871.87830           863.13654           833.44055           825.03918           834.15216           860.49591           838.15338    
       821.88104           827.57318           834.89349           841.63458           845.99585           846.45819           837.44922           831.53589           830.32013           829.72803    
       830.34521           830.44080           838.18689           844.38879           835.11151           836.28583           841.61053           865.52979           876.23383           878.16003    
       882.33881           905.82776           925.25745           931.56384           922.82324           900.66669           897.47620           895.56982           896.03772           899.17041    
       899.72009           900.21948           902.36194           902.12634          0.99999998E+31      0.99999998E+31      0.99999998E+31      0.99999998E+31      0.99999998E+31      0.99999998E+31
      0.99999998E+31      0.99999998E+31      0.99999998E+31       1107.2583           1114.8168           1114.4661           1106.5922           1105.8923           1101.7473           1101.2504    
       1105.8370           1106.3530           1106.7711           1107.0636           1107.2108           1107.1476           1107.6444           1107.8383           1107.4724           1106.0983    
       1103.8550           1105.6512           1116.3362           1094.7876          0.99999998E+31      0.99999998E+31      0.99999998E+31      0.99999998E+31      0.99999998E+31      0.99999998E+31
      0.99999998E+31      0.99999998E+31      0.99999998E+31      0.99999998E+31      0.99999998E+31      0.99999998E+31      0.99999998E+31      0.99999998E+31      0.99999998E+31      0.99999998E+31
      0.99999998E+31      0.99999998E+31      0.99999998E+31      0.99999998E+31      0.99999998E+31      0.99999998E+31      0.99999998E+31      0.99999998E+31      0.99999998E+31      0.99999998E+31
      0.99999998E+31      0.99999998E+31      0.99999998E+31      0.99999998E+31      0.99999998E+31      0.99999998E+31      0.99999998E+31      0.99999998E+31      0.99999998E+31      0.99999998E+31
      0.99999998E+31      0.99999998E+31      0.99999998E+31      0.99999998E+31      0.99999998E+31      0.99999998E+31      0.99999998E+31      0.99999998E+31      0.99999998E+31      0.99999998E+31
      0.99999998E+31      0.99999998E+31      0.99999998E+31      0.99999998E+31      0.99999998E+31      0.99999998E+31      0.99999998E+31      0.99999998E+31      0.99999998E+31      0.99999998E+31
      0.99999998E+31      0.99999998E+31      0.99999998E+31      0.99999998E+31      0.99999998E+31      0.99999998E+31      0.99999998E+31      0.99999998E+31      0.99999998E+31      0.99999998E+31
      0.99999998E+31      0.99999998E+31
      0.99999998E+31      0.99999998E+31      0.99999998E+31      0.99999998E+31      0.99999998E+31      0.99999998E+31      0.99999998E+31      0.99999998E+31      0.99999998E+31      0.99999998E+31
      0.99999998E+31      0.99999998E+31      0.99999998E+31      0.99999998E+31       994.03595           992.42480           991.89465           991.41522           990.90088           990.33856    
       989.68402           988.86078           987.88568           986.76538           985.64117           984.87225           980.71442           978.87860           977.62415          0.99999998E+31
      0.99999998E+31      0.99999998E+31      0.99999998E+31      0.99999998E+31      0.99999998E+31      0.99999998E+31      0.99999998E+31      0.99999998E+31      0.99999998E+31      0.99999998E+31
      0.99999998E+31      0.99999998E+31      0.99999998E+31      0.99999998E+31      0.99999998E+31       1183.6248           1177.1577           1171.5831           1169.7834           1161.7458    
       1158.9340           1159.2734           1159.7426           1160.7799           1161.9153           1162.0126           1160.9796           1160.0884           1159.2317          0.99999998E+31
      0.99999998E+31      0.99999998E+31      0.99999998E+31      0.99999998E+31      0.99999998E+31      0.99999998E+31      0.99999998E+31      0.99999998E+31      0.99999998E+31      0.99999998E+31
      0.99999998E+31      0.99999998E+31      0.99999998E+31      0.99999998E+31      0.99999998E+31      0.99999998E+31      0.99999998E+31       928.32068           859.19696           856.42590    
       852.33411           894.78992           900.93854           864.29510           845.90320           820.96655           816.87366           843.05646           838.77692           830.50391    
       825.44934           830.75262           839.89093           854.53400           873.83685           883.59088           852.43292           835.81171           833.52466           832.59607    
       832.36664           831.16272           831.79205           833.58527           833.10840           837.36090           841.65594           844.95105           849.26715           873.60876    
       890.92334           892.49658           905.17511           910.00848           913.27332           908.19934           906.52502           903.66089           903.31909           904.10028    
       904.00909           903.78473           903.70038           903.62988          0.99999998E+31      0.99999998E+31      0.99999998E+31      0.99999998E+31      0.99999998E+31      0.99999998E+31
      0.99999998E+31      0.99999998E+31       1106.9301           1107.1093           1112.4658           1111.6471           1105.3843           1105.9537           1105.0623           1103.0179    
       1102.9912           1103.5720           1103.8466           1103.9280           1103.8910           1103.7684           1103.7078           1103.5929           1103.0769           1101.8461    
       1100.0607           1098.4452           1112.3304           1109.1371          0.99999998E+31      0.99999998E+31      0.99999998E+31      0.99999998E+31      0.99999998E+31      0.99999998E+31
      0.99999998E+31      0.99999998E+31      0.99999998E+31      0.99999998E+31      0.99999998E+31      0.99999998E+31      0.99999998E+31      0.99999998E+31      0.99999998E+31      0.99999998E+31
      0.99999998E+31      0.99999998E+31      0.99999998E+31      0.99999998E+31      0.99999998E+31      0.99999998E+31      0.99999998E+31      0.99999998E+31      0.99999998E+31      0.99999998E+31
      0.99999998E+31      0.99999998E+31      0.99999998E+31      0.99999998E+31      0.99999998E+31      0.99999998E+31      0.99999998E+31      0.99999998E+31      0.99999998E+31      0.99999998E+31
      0.99999998E+31      0.99999998E+31      0.99999998E+31      0.99999998E+31      0.99999998E+31      0.99999998E+31      0.99999998E+31      0.99999998E+31      0.99999998E+31      0.99999998E+31
      0.99999998E+31      0.99999998E+31      0.99999998E+31      0.99999998E+31      0.99999998E+31      0.99999998E+31      0.99999998E+31      0.99999998E+31      0.99999998E+31      0.99999998E+31
      0.99999998E+31      0.99999998E+31      0.99999998E+31      0.99999998E+31      0.99999998E+31      0.99999998E+31      0.99999998E+31      0.99999998E+31      0.99999998E+31      0.99999998E+31
      0.99999998E+31      0.99999998E+31
      0.99999998E+31      0.99999998E+31      0.99999998E+31      0.99999998E+31      0.99999998E+31      0.99999998E+31      0.99999998E+31      0.99999998E+31      0.99999998E+31      0.99999998E+31
      0.99999998E+31      0.99999998E+31      0.99999998E+31      0.99999998E+31       992.04395           991.66699           991.27533           990.88031           990.47144           989.97852    
       989.35492           988.53369           987.43652           986.01617           984.29248           982.11810           979.66003           981.34979           978.87982           976.27209    
       971.36469           969.79285           968.27881           967.32556           966.57098           965.97253           965.54816           965.26276           965.16388          0.99999998E+31
      0.99999998E+31      0.99999998E+31      0.99999998E+31      0.99999998E+31      0.99999998E+31      0.99999998E+31       1164.4141           1163.5685           1161.7621           1155.7845    
       1151.8746           1152.5101           1152.6405           1153.7396           1154.2922           1154.5712           1154.1095           1153.5656           1153.1218          0.99999998E+31
      0.99999998E+31      0.99999998E+31      0.99999998E+31      0.99999998E+31      0.99999998E+31      0.99999998E+31      0.99999998E+31      0.99999998E+31      0.99999998E+31      0.99999998E+31
      0.99999998E+31      0.99999998E+31      0.99999998E+31      0.99999998E+31      0.99999998E+31      0.99999998E+31      0.99999998E+31       904.55017           853.33850           847.20276    
       844.58783           886.15253           838.59894           833.07751           827.19604           819.78589           814.38251           817.83734           815.82422           821.94409    
       825.59137           833.85510           843.63464           871.09631           917.49097           935.96796           883.15985           848.14777           840.77814           837.04541    
       834.51282           832.05267           834.82080           835.69623           845.08990           848.74652           845.81726           851.00623           858.44788           866.47272    
       878.44836           879.46423           885.65155           891.53925           898.43256           903.80731           908.58057           909.40118           908.57538           908.69727    
       908.53131           908.42224           906.72998           910.80798          0.99999998E+31      0.99999998E+31      0.99999998E+31      0.99999998E+31      0.99999998E+31      0.99999998E+31
      0.99999998E+31      0.99999998E+31       1124.4943           1121.4678           1106.8918           1105.8503           1105.8671           1107.0604           1106.8212           1106.2990    
       1150.9264           1158.9458           1101.2773           1101.1284           1100.8967           1113.4106           1171.7268           1100.2393           1109.4502           1108.0320    
       1097.8655           1096.6937           1095.7417           1099.8063           1124.4294           1120.6760           1085.1287           1086.0034           1086.6224           1086.8662    
      0.99999998E+31      0.99999998E+31      0.99999998E+31      0.99999998E+31      0.99999998E+31      0.99999998E+31      0.99999998E+31      0.99999998E+31      0.99999998E+31      0.99999998E+31
      0.99999998E+31      0.99999998E+31      0.99999998E+31      0.99999998E+31      0.99999998E+31      0.99999998E+31      0.99999998E+31      0.99999998E+31      0.99999998E+31      0.99999998E+31
      0.99999998E+31      0.99999998E+31      0.99999998E+31      0.99999998E+31      0.99999998E+31      0.99999998E+31      0.99999998E+31      0.99999998E+31      0.99999998E+31      0.99999998E+31
      0.99999998E+31      0.99999998E+31      0.99999998E+31      0.99999998E+31      0.99999998E+31      0.99999998E+31      0.99999998E+31      0.99999998E+31      0.99999998E+31      0.99999998E+31
      0.99999998E+31      0.99999998E+31      0.99999998E+31      0.99999998E+31      0.99999998E+31      0.99999998E+31      0.99999998E+31      0.99999998E+31      0.99999998E+31      0.99999998E+31
      0.99999998E+31      0.99999998E+31      0.99999998E+31      0.99999998E+31      0.99999998E+31      0.99999998E+31      0.99999998E+31      0.99999998E+31      0.99999998E+31      0.99999998E+31
      0.99999998E+31      0.99999998E+31
      0.99999998E+31      0.99999998E+31      0.99999998E+31      0.99999998E+31      0.99999998E+31      0.99999998E+31      0.99999998E+31      0.99999998E+31      0.99999998E+31      0.99999998E+31
      0.99999998E+31      0.99999998E+31      0.99999998E+31      0.99999998E+31       991.33655           991.12000           990.81934           990.52319           990.18829           989.77911    
       999.65137           1056.4661           1056.9108           1036.9988           1013.7164           987.19037           984.84253           976.73560           974.56183           972.47803    
       970.55762           968.81866           967.44690           966.41174           965.60046           964.96826           964.54871           964.33868           964.30731           964.37695    
      0.99999998E+31      0.99999998E+31      0.99999998E+31      0.99999998E+31      0.99999998E+31      0.99999998E+31       1155.0452           1153.7491           1152.6378          0.99999998E+31
       1143.0123           1142.9718           1143.7333           1147.3458           1146.7400           1146.7427           1147.2220           1146.9160           1146.6194          0.99999998E+31
      0.99999998E+31      0.99999998E+31      0.99999998E+31      0.99999998E+31      0.99999998E+31      0.99999998E+31      0.99999998E+31      0.99999998E+31      0.99999998E+31      0.99999998E+31
      0.99999998E+31      0.99999998E+31      0.99999998E+31      0.99999998E+31      0.99999998E+31      0.99999998E+31      0.99999998E+31      0.99999998E+31       893.26959           839.55420    
       838.08966           880.19879           831.83838           826.40607           821.04279           815.79645           810.55389           805.59186           804.33789           811.11719    
       824.31158           832.91046           843.97443           862.44434           883.01447           915.86493           873.60547           852.16016           849.06580           848.74445    
       851.26483           840.05859           840.91168           846.24982           876.08801           895.76434           850.23468           864.49011           859.40601           868.49170    
       873.69946           877.87701           882.23407           888.71716           894.09741           899.77100           906.48920           910.85925           912.37915           912.80255    
       913.02856           914.11615           920.09943           922.16644          0.99999998E+31      0.99999998E+31      0.99999998E+31      0.99999998E+31      0.99999998E+31      0.99999998E+31
      0.99999998E+31      0.99999998E+31       1125.8528           1122.9353           1106.9790           1105.5447           1105.4210           1106.4885           1118.4551           1112.8666    
       1144.6049           1150.6136           1098.8998           1098.7554           1126.5754           1115.1943           1106.5468           1108.2953           1107.0409           1106.1125    
       1106.9271           1113.1862           1095.4591           1094.1729           1094.0930           1116.0240           1094.2885           1085.0507           1086.0887           1087.1378    
      0.99999998E+31      0.99999998E+31      0.99999998E+31      0.99999998E+31      0.99999998E+31      0.99999998E+31      0.99999998E+31      0.99999998E+31      0.99999998E+31      0.99999998E+31
      0.99999998E+31      0.99999998E+31      0.99999998E+31      0.99999998E+31      0.99999998E+31      0.99999998E+31      0.99999998E+31      0.99999998E+31      0.99999998E+31      0.99999998E+31
      0.99999998E+31      0.99999998E+31      0.99999998E+31      0.99999998E+31      0.99999998E+31      0.99999998E+31      0.99999998E+31      0.99999998E+31      0.99999998E+31      0.99999998E+31
      0.99999998E+31      0.99999998E+31      0.99999998E+31      0.99999998E+31      0.99999998E+31      0.99999998E+31      0.99999998E+31      0.99999998E+31      0.99999998E+31      0.99999998E+31
      0.99999998E+31      0.99999998E+31      0.99999998E+31      0.99999998E+31      0.99999998E+31      0.99999998E+31      0.99999998E+31      0.99999998E+31      0.99999998E+31      0.99999998E+31
      0.99999998E+31      0.99999998E+31      0.99999998E+31      0.99999998E+31      0.99999998E+31      0.99999998E+31      0.99999998E+31      0.99999998E+31      0.99999998E+31      0.99999998E+31
      0.99999998E+31      0.99999998E+31
      0.99999998E+31      0.99999998E+31      0.99999998E+31      0.99999998E+31      0.99999998E+31      0.99999998E+31      0.99999998E+31      0.99999998E+31      0.99999998E+31      0.99999998E+31
      0.99999998E+31      0.99999998E+31      0.99999998E+31      0.99999998E+31       990.82990           990.64673           990.44049           990.21460           989.96948           1039.9968    
       1112.7533           1154.5857           1148.2297           1098.0359           1059.8871           1030.2754           997.45538           984.06445           974.11011           971.61646    
       969.63226           967.89313           966.47180           965.39734           964.60883           964.02448           963.67230           963.52325           963.55988           964.21521    
       964.52350           964.91858          0.99999998E+31      0.99999998E+31      0.99999998E+31      0.99999998E+31       1145.2129           1142.8264           1139.6223          0.99999998E+31
       1134.1178           1135.0938           1135.9642           1137.2775           1138.4987           1139.2198           1139.6379           1139.2426           1138.5481          0.99999998E+31
      0.99999998E+31      0.99999998E+31      0.99999998E+31      0.99999998E+31      0.99999998E+31      0.99999998E+31      0.99999998E+31      0.99999998E+31      0.99999998E+31      0.99999998E+31
      0.99999998E+31      0.99999998E+31      0.99999998E+31      0.99999998E+31      0.99999998E+31      0.99999998E+31      0.99999998E+31      0.99999998E+31       853.79999           833.80225    
       832.90118           876.13409           826.02728           820.31281           816.38751           811.95459           807.73145           805.77454           803.60040           808.45361    
       822.65228           829.97620           841.71783           853.08228           861.57617           868.29565           859.71826           856.49506           855.09058           854.02173    
       851.85132           849.60211           845.47821           855.91351           913.39172           923.36725           893.12823           869.77142           869.76862           871.93890    
       875.76447           878.56433           882.50623           889.45056           892.39990           897.10480           903.19952           908.66125           916.90460           917.43677    
       918.08582           920.50574           936.77643           941.72717           990.97656           1016.4763           1027.3977          0.99999998E+31      0.99999998E+31      0.99999998E+31
      0.99999998E+31      0.99999998E+31      0.99999998E+31      0.99999998E+31      0.99999998E+31      0.99999998E+31      0.99999998E+31      0.99999998E+31       1103.7219           1096.8531    
       1096.7531           1096.7920           1109.0547           1127.8138           1130.3363           1122.0530           1112.7668           1109.7695           1107.1580           1106.1698    
       1108.6031           1115.0256           1095.6172           1095.2340           1093.4618           1095.0636           1117.1796           1094.4185           1085.5361           1086.9685    
      0.99999998E+31      0.99999998E+31      0.99999998E+31      0.99999998E+31      0.99999998E+31      0.99999998E+31      0.99999998E+31      0.99999998E+31      0.99999998E+31      0.99999998E+31
      0.99999998E+31      0.99999998E+31      0.99999998E+31      0.99999998E+31      0.99999998E+31      0.99999998E+31      0.99999998E+31      0.99999998E+31      0.99999998E+31      0.99999998E+31
      0.99999998E+31      0.99999998E+31      0.99999998E+31      0.99999998E+31      0.99999998E+31      0.99999998E+31      0.99999998E+31      0.99999998E+31      0.99999998E+31      0.99999998E+31
      0.99999998E+31      0.99999998E+31      0.99999998E+31      0.99999998E+31      0.99999998E+31      0.99999998E+31      0.99999998E+31      0.99999998E+31      0.99999998E+31      0.99999998E+31
      0.99999998E+31      0.99999998E+31      0.99999998E+31      0.99999998E+31      0.99999998E+31      0.99999998E+31      0.99999998E+31      0.99999998E+31      0.99999998E+31      0.99999998E+31
      0.99999998E+31      0.99999998E+31      0.99999998E+31      0.99999998E+31      0.99999998E+31      0.99999998E+31      0.99999998E+31      0.99999998E+31      0.99999998E+31      0.99999998E+31
      0.99999998E+31      0.99999998E+31
      0.99999998E+31      0.99999998E+31      0.99999998E+31      0.99999998E+31      0.99999998E+31      0.99999998E+31      0.99999998E+31      0.99999998E+31      0.99999998E+31      0.99999998E+31
      0.99999998E+31      0.99999998E+31      0.99999998E+31      0.99999998E+31       990.36914           990.23309           990.06714           994.07184           1044.2794           1103.1633    
       1159.3932           1173.4342           1165.1655           1140.6808           1094.2487           1041.8221           1014.5135           999.95544           991.24683           978.63550    
       974.04700           970.47498           967.57660           965.65155           964.21344           963.18939           962.70709           962.58899           962.67694           963.10193    
       964.02466           965.08893           966.05835          0.99999998E+31      0.99999998E+31      0.99999998E+31       1137.5714           1130.9846           1124.8597           1120.7727    
       1124.1825           1128.2493           1128.5167           1130.2058           1130.7811           1131.5641           1132.7118           1132.2656           1130.8921           1128.3528    
      0.99999998E+31      0.99999998E+31      0.99999998E+31      0.99999998E+31      0.99999998E+31      0.99999998E+31      0.99999998E+31      0.99999998E+31      0.99999998E+31      0.99999998E+31
      0.99999998E+31      0.99999998E+31      0.99999998E+31      0.99999998E+31      0.99999998E+31      0.99999998E+31      0.99999998E+31       977.16870           847.29865           829.03204    
       829.20020           870.26642           822.17383           817.64221           813.39185           809.29486           806.18579           806.79395           805.48547           809.54102    
       812.42084           819.31165           832.45331           836.21130           842.59656           846.00342           846.87793           847.77081           848.13239           848.57721    
       848.19788           845.91919           850.69305           861.37921           894.92609           899.08954           879.95831           875.02100           876.39990           875.71948    
       878.10834           882.26050           885.54230           889.75818           891.28809           895.25562           900.72791           907.23224           914.58990           921.79767    
       925.43359           927.71722           1016.2319           1046.1581           1030.7932           1035.3190           1045.8781           1050.4470          0.99999998E+31      0.99999998E+31
      0.99999998E+31      0.99999998E+31      0.99999998E+31      0.99999998E+31      0.99999998E+31      0.99999998E+31      0.99999998E+31      0.99999998E+31       1096.4985           1095.4110    
       1116.1600           1094.6233           1105.1130           1127.0631           1129.6890           1123.9216           1115.2092           1111.3091           1108.0120           1105.6595    
       1105.0237           1105.2103           1099.6124           1098.9135           1092.9006           1093.1617           1097.2200           1120.1311           1101.5514           1089.2018    
      0.99999998E+31      0.99999998E+31      0.99999998E+31      0.99999998E+31      0.99999998E+31      0.99999998E+31      0.99999998E+31      0.99999998E+31      0.99999998E+31      0.99999998E+31
      0.99999998E+31      0.99999998E+31      0.99999998E+31      0.99999998E+31      0.99999998E+31      0.99999998E+31      0.99999998E+31      0.99999998E+31      0.99999998E+31      0.99999998E+31
      0.99999998E+31      0.99999998E+31      0.99999998E+31      0.99999998E+31      0.99999998E+31      0.99999998E+31      0.99999998E+31      0.99999998E+31      0.99999998E+31      0.99999998E+31
      0.99999998E+31      0.99999998E+31      0.99999998E+31      0.99999998E+31      0.99999998E+31      0.99999998E+31      0.99999998E+31      0.99999998E+31      0.99999998E+31      0.99999998E+31
      0.99999998E+31      0.99999998E+31      0.99999998E+31      0.99999998E+31      0.99999998E+31      0.99999998E+31      0.99999998E+31      0.99999998E+31      0.99999998E+31      0.99999998E+31
      0.99999998E+31      0.99999998E+31      0.99999998E+31      0.99999998E+31      0.99999998E+31      0.99999998E+31      0.99999998E+31      0.99999998E+31      0.99999998E+31      0.99999998E+31
      0.99999998E+31      0.99999998E+31
      0.99999998E+31      0.99999998E+31      0.99999998E+31      0.99999998E+31      0.99999998E+31      0.99999998E+31      0.99999998E+31      0.99999998E+31      0.99999998E+31      0.99999998E+31
      0.99999998E+31      0.99999998E+31      0.99999998E+31      0.99999998E+31       989.86188           989.80475           993.56445           1034.1011           1064.8988           1125.5256    
       1153.6381           1165.8002           1156.6741           1133.9200           1104.4771           1049.6859           1017.8409           1001.2188           990.63184           982.02631    
       976.72815           971.79285           968.38403           966.13318           964.58795           963.34692           962.80817           962.94659           962.05511           962.53748    
       963.88293           965.34827           966.58459           968.10126           968.86560          0.99999998E+31      0.99999998E+31       1119.7578           1116.1240           1114.2562    
       1115.3531           1119.4912           1119.9060           1121.9757           1124.0597           1125.1396           1126.4479           1127.5242           1126.5388           1125.4149    
      0.99999998E+31      0.99999998E+31      0.99999998E+31      0.99999998E+31      0.99999998E+31      0.99999998E+31      0.99999998E+31      0.99999998E+31      0.99999998E+31      0.99999998E+31
      0.99999998E+31      0.99999998E+31      0.99999998E+31      0.99999998E+31      0.99999998E+31      0.99999998E+31      0.99999998E+31       912.19104           827.29773           826.29797    
       826.37195           865.06201           818.34357           814.93854           811.06769           808.21466           804.40778           805.43213           806.05078           807.34808    
       807.69983           811.78986           816.70245           823.78931           831.63770           836.13269           839.68750           839.47430           845.24091           845.38312    
       847.81085           848.18829           855.44806           863.87109           876.60199           879.88531           877.01184           879.11365           886.29840           878.10175    
       882.95404           887.48846           887.80365           889.20551           889.86530           896.35437           898.84448           906.47784           912.76404           918.29456    
       930.46619           931.21271           996.15491           1012.5235           1025.1473           1038.8314           1056.6084           1066.9872          0.99999998E+31      0.99999998E+31
      0.99999998E+31      0.99999998E+31      0.99999998E+31      0.99999998E+31      0.99999998E+31      0.99999998E+31      0.99999998E+31      0.99999998E+31      0.99999998E+31       1093.6627    
       1093.4531           1114.4951           1091.5298           1112.8793           1114.9966           1120.5851           1116.6503           1113.3420           1108.9216           1105.7747    
       1103.7729           1102.3279           1099.6149           1097.2695           1093.5376           1092.2140           1092.5262           1093.2467           1107.9474           1105.9932    
      0.99999998E+31      0.99999998E+31      0.99999998E+31      0.99999998E+31      0.99999998E+31      0.99999998E+31      0.99999998E+31      0.99999998E+31      0.99999998E+31      0.99999998E+31
      0.99999998E+31      0.99999998E+31      0.99999998E+31      0.99999998E+31      0.99999998E+31      0.99999998E+31      0.99999998E+31      0.99999998E+31      0.99999998E+31      0.99999998E+31
      0.99999998E+31      0.99999998E+31      0.99999998E+31      0.99999998E+31      0.99999998E+31      0.99999998E+31      0.99999998E+31      0.99999998E+31      0.99999998E+31      0.99999998E+31
      0.99999998E+31      0.99999998E+31      0.99999998E+31      0.99999998E+31      0.99999998E+31      0.99999998E+31      0.99999998E+31      0.99999998E+31      0.99999998E+31      0.99999998E+31
      0.99999998E+31      0.99999998E+31      0.99999998E+31      0.99999998E+31      0.99999998E+31      0.99999998E+31      0.99999998E+31      0.99999998E+31      0.99999998E+31      0.99999998E+31
      0.99999998E+31      0.99999998E+31      0.99999998E+31      0.99999998E+31      0.99999998E+31      0.99999998E+31      0.99999998E+31      0.99999998E+31      0.99999998E+31      0.99999998E+31
      0.99999998E+31      0.99999998E+31
      0.99999998E+31      0.99999998E+31      0.99999998E+31      0.99999998E+31      0.99999998E+31      0.99999998E+31      0.99999998E+31      0.99999998E+31      0.99999998E+31      0.99999998E+31
      0.99999998E+31      0.99999998E+31      0.99999998E+31      0.99999998E+31       992.79352           993.99701           1006.4323           1028.7046           1060.6996           1109.2571    
       1134.7921           1146.5781           1139.1548           1119.5424           1091.5585           1053.3632           1015.1007           999.39038           988.55389           981.03033    
       975.57965           970.96246           966.16974           964.94415           963.48889           962.41510           961.66687           961.41479           961.60876           962.81470    
       963.84192           965.50958           966.98065           968.42694           969.48438          0.99999998E+31      0.99999998E+31       1113.3551           1107.3002           1105.8461    
       1106.5522           1108.1934           1111.2336           1114.2375           1116.5088           1118.8466           1120.5989           1122.0126           1122.7543           1121.6671    
       1120.3630          0.99999998E+31      0.99999998E+31      0.99999998E+31      0.99999998E+31      0.99999998E+31      0.99999998E+31      0.99999998E+31      0.99999998E+31      0.99999998E+31
      0.99999998E+31      0.99999998E+31      0.99999998E+31      0.99999998E+31      0.99999998E+31      0.99999998E+31      0.99999998E+31       844.71552           824.23529           824.10596    
       824.28607           863.45416           817.67767           813.18573           809.50214           813.13171           804.61621           804.75281           805.93787           807.38531    
       808.35065           812.45874           815.89124           819.68134           823.66418           826.47809           834.87982           841.63690           846.20227           848.05109    
       850.13306           852.30157           858.45367           864.33160           870.81702           873.84222           874.48145           876.75836           879.60730           876.90631    
       900.17603           896.89886           888.64392           889.05219           889.44220           893.38391           890.61658           896.71863           909.43042           917.76837    
       932.77551           951.35529           1000.6053           1013.2867           1026.8019           1042.3055           1058.9628           1074.6949          0.99999998E+31      0.99999998E+31
      0.99999998E+31      0.99999998E+31      0.99999998E+31      0.99999998E+31      0.99999998E+31      0.99999998E+31      0.99999998E+31      0.99999998E+31      0.99999998E+31      0.99999998E+31
       1091.6689           1090.6970           1107.9381           1117.0073           1121.0123           1122.3716           1119.3445           1115.0580           1109.7487           1105.9032    
       1103.1508           1101.0695           1098.9281           1093.7134           1091.2825           1091.1277           1090.9221           1090.8180           1090.8788           1092.9027    
      0.99999998E+31      0.99999998E+31      0.99999998E+31      0.99999998E+31      0.99999998E+31      0.99999998E+31      0.99999998E+31      0.99999998E+31      0.99999998E+31      0.99999998E+31
      0.99999998E+31      0.99999998E+31      0.99999998E+31      0.99999998E+31      0.99999998E+31      0.99999998E+31      0.99999998E+31      0.99999998E+31      0.99999998E+31      0.99999998E+31
      0.99999998E+31      0.99999998E+31      0.99999998E+31      0.99999998E+31      0.99999998E+31      0.99999998E+31      0.99999998E+31      0.99999998E+31      0.99999998E+31      0.99999998E+31
      0.99999998E+31      0.99999998E+31      0.99999998E+31      0.99999998E+31      0.99999998E+31      0.99999998E+31      0.99999998E+31      0.99999998E+31      0.99999998E+31      0.99999998E+31
      0.99999998E+31      0.99999998E+31      0.99999998E+31      0.99999998E+31      0.99999998E+31      0.99999998E+31      0.99999998E+31      0.99999998E+31      0.99999998E+31      0.99999998E+31
      0.99999998E+31      0.99999998E+31      0.99999998E+31      0.99999998E+31      0.99999998E+31      0.99999998E+31      0.99999998E+31      0.99999998E+31      0.99999998E+31      0.99999998E+31
      0.99999998E+31      0.99999998E+31
      0.99999998E+31      0.99999998E+31      0.99999998E+31      0.99999998E+31      0.99999998E+31      0.99999998E+31      0.99999998E+31      0.99999998E+31      0.99999998E+31      0.99999998E+31
      0.99999998E+31      0.99999998E+31      0.99999998E+31      0.99999998E+31       988.77930           988.94037           990.28546           1017.8723           1037.6749           1085.2865    
       1107.7474           1120.7798           1116.3906           1097.3224           1071.2679           1036.7465           1009.2961           995.39960           985.74121           978.97845    
       974.08868           970.58844           966.54236           964.00092           961.62061           960.99945           960.74408           960.90173           961.44391           962.39966    
       963.76764           965.64288           967.54517           969.33667           970.46198           971.80823          0.99999998E+31      0.99999998E+31       1096.4369           1096.7574    
       1097.6947           1099.2411           1103.2262           1106.2673           1109.0978           1112.0787           1114.8766           1118.7490           1119.1694           1118.4594    
       1117.2299           1116.3192          0.99999998E+31      0.99999998E+31      0.99999998E+31      0.99999998E+31      0.99999998E+31      0.99999998E+31      0.99999998E+31      0.99999998E+31
      0.99999998E+31      0.99999998E+31      0.99999998E+31      0.99999998E+31      0.99999998E+31      0.99999998E+31      0.99999998E+31       837.36945           822.42639           822.26666    
       822.46021           863.79852           816.55988           811.93927           807.89825           805.75177           804.55365           803.45245           806.16821           807.39539    
       809.12000           811.71362           814.87274           817.98633           821.46570           825.45514           831.76007           843.60046           848.65350           851.71069    
       854.56024           858.93506           861.18604           866.34326           870.03802           871.64606           873.74823           875.82233           877.17920           877.59137    
       879.45868           889.77972           892.89148           892.67194           890.55725           889.38580           891.33282           896.87396           907.88367           919.72015    
       963.03009           985.60742           1000.9698           1013.2586           1027.8555           1044.8181           1065.9514           1079.6497           1094.8059           1092.4753    
      0.99999998E+31      0.99999998E+31      0.99999998E+31      0.99999998E+31      0.99999998E+31      0.99999998E+31      0.99999998E+31      0.99999998E+31      0.99999998E+31      0.99999998E+31
      0.99999998E+31      0.99999998E+31       1103.3071           1117.1499           1129.0203           1133.2115           1117.6254           1113.3395           1109.4996           1105.6530    
       1101.9952           1099.1021           1094.5447           1093.1676           1090.3483           1090.0939           1089.6992           1089.2849           1089.0049           1088.9595    
       1088.2422          0.99999998E+31      0.99999998E+31      0.99999998E+31      0.99999998E+31      0.99999998E+31      0.99999998E+31      0.99999998E+31      0.99999998E+31      0.99999998E+31
      0.99999998E+31      0.99999998E+31      0.99999998E+31      0.99999998E+31      0.99999998E+31      0.99999998E+31      0.99999998E+31      0.99999998E+31      0.99999998E+31      0.99999998E+31
      0.99999998E+31      0.99999998E+31      0.99999998E+31      0.99999998E+31      0.99999998E+31      0.99999998E+31      0.99999998E+31      0.99999998E+31      0.99999998E+31      0.99999998E+31
      0.99999998E+31      0.99999998E+31      0.99999998E+31      0.99999998E+31      0.99999998E+31      0.99999998E+31      0.99999998E+31      0.99999998E+31      0.99999998E+31      0.99999998E+31
      0.99999998E+31      0.99999998E+31      0.99999998E+31      0.99999998E+31      0.99999998E+31      0.99999998E+31      0.99999998E+31      0.99999998E+31      0.99999998E+31      0.99999998E+31
      0.99999998E+31      0.99999998E+31      0.99999998E+31      0.99999998E+31      0.99999998E+31      0.99999998E+31      0.99999998E+31      0.99999998E+31      0.99999998E+31      0.99999998E+31
      0.99999998E+31      0.99999998E+31
      0.99999998E+31      0.99999998E+31      0.99999998E+31      0.99999998E+31      0.99999998E+31      0.99999998E+31      0.99999998E+31      0.99999998E+31      0.99999998E+31      0.99999998E+31
      0.99999998E+31      0.99999998E+31      0.99999998E+31      0.99999998E+31      0.99999998E+31       988.19415           988.05957           996.74561           1019.9017           1043.0809    
       1079.5903           1089.6244           1086.5812           1071.3230           1049.1306           1018.7080           1002.3428           990.98938           982.57812           976.61993    
       972.20044           968.76099           964.55127           961.06836           960.34631           959.93774           959.82813           960.33038           961.11731           962.28180    
       963.89001           965.92749           967.98578           970.32880           971.82776           973.14948          0.99999998E+31      0.99999998E+31       1084.0804           1087.2358    
       1088.2635           1089.5691           1094.8423           1097.9292           1100.8164           1103.9277           1107.2397           1112.1500           1113.9093           1114.0840    
       1113.9469           1113.6378          0.99999998E+31      0.99999998E+31      0.99999998E+31      0.99999998E+31      0.99999998E+31      0.99999998E+31      0.99999998E+31      0.99999998E+31
      0.99999998E+31      0.99999998E+31      0.99999998E+31      0.99999998E+31      0.99999998E+31      0.99999998E+31      0.99999998E+31      0.99999998E+31       821.05273           820.76581    
       820.97858           865.25531           815.45923           810.47223           807.33173           806.19629           805.56360           805.67285           806.72357           807.75336    
       809.89832           812.39978           814.89526           817.15161           819.70209           823.94666           835.25922           848.72656           852.05341           855.92627    
       859.52893           864.75171           869.56439           871.13696           869.98621           869.64575           871.72046           873.86920           875.53448           876.78467    
       879.82239           884.31409           891.01074           893.41028           890.88831           889.29865           891.27466           900.20020           910.97260           922.97906    
       964.03613           985.37201           997.36041           1010.5937           1027.7129           1046.9047           1068.9996           1082.7911           1095.5880           1096.7130    
      0.99999998E+31      0.99999998E+31      0.99999998E+31      0.99999998E+31      0.99999998E+31      0.99999998E+31      0.99999998E+31      0.99999998E+31      0.99999998E+31      0.99999998E+31
      0.99999998E+31      0.99999998E+31       1088.3641           1113.5453           1128.1144           1124.1705           1115.4840           1113.0428           1110.5883           1105.3301    
       1097.8357           1095.8010           1096.5923           1098.4219           1092.0770           1089.0099           1088.4265           1087.8948           1087.4535           1087.1520    
       1088.6163          0.99999998E+31      0.99999998E+31      0.99999998E+31      0.99999998E+31      0.99999998E+31      0.99999998E+31      0.99999998E+31      0.99999998E+31      0.99999998E+31
      0.99999998E+31      0.99999998E+31      0.99999998E+31      0.99999998E+31      0.99999998E+31      0.99999998E+31      0.99999998E+31      0.99999998E+31      0.99999998E+31      0.99999998E+31
      0.99999998E+31      0.99999998E+31      0.99999998E+31      0.99999998E+31      0.99999998E+31      0.99999998E+31      0.99999998E+31      0.99999998E+31      0.99999998E+31      0.99999998E+31
      0.99999998E+31      0.99999998E+31      0.99999998E+31      0.99999998E+31      0.99999998E+31      0.99999998E+31      0.99999998E+31      0.99999998E+31      0.99999998E+31      0.99999998E+31
      0.99999998E+31      0.99999998E+31      0.99999998E+31      0.99999998E+31      0.99999998E+31      0.99999998E+31      0.99999998E+31      0.99999998E+31      0.99999998E+31      0.99999998E+31
      0.99999998E+31      0.99999998E+31      0.99999998E+31      0.99999998E+31      0.99999998E+31      0.99999998E+31      0.99999998E+31      0.99999998E+31      0.99999998E+31      0.99999998E+31
      0.99999998E+31      0.99999998E+31
      0.99999998E+31      0.99999998E+31      0.99999998E+31      0.99999998E+31      0.99999998E+31      0.99999998E+31      0.99999998E+31      0.99999998E+31      0.99999998E+31      0.99999998E+31
      0.99999998E+31      0.99999998E+31      0.99999998E+31      0.99999998E+31      0.99999998E+31      0.99999998E+31       987.17987           987.45776           1005.1160           1021.4307    
       1037.0929           1058.5836           1057.2223           1045.3147           1020.8943           1006.3467           995.80853           986.87012           979.71533           974.28314    
       969.87946           966.32159           961.54120           953.16095           957.25085           958.33002           958.77551           959.60486           960.59937           961.91949    
       963.76807           966.14423           968.66943           971.60944           973.96466           975.57568          0.99999998E+31      0.99999998E+31       1074.2854           1076.6531    
       1078.9130           1080.6919           1084.7089           1089.2699           1091.0157           1093.2712           1095.2051           1097.8967           1106.9174           1109.3402    
       1110.6838           1111.6454          0.99999998E+31      0.99999998E+31      0.99999998E+31      0.99999998E+31      0.99999998E+31      0.99999998E+31      0.99999998E+31      0.99999998E+31
      0.99999998E+31      0.99999998E+31      0.99999998E+31      0.99999998E+31      0.99999998E+31      0.99999998E+31      0.99999998E+31      0.99999998E+31       819.67212           819.84961    
       819.65576           866.30621           814.74158           810.60889           807.08563           807.02332           806.15314           806.86426           807.88013           809.46448    
       811.60815           814.28870           816.52563           817.81525           817.51379           825.18726           834.72760           848.08203           852.45831           858.38031    
       861.49542           870.00055           884.66919           877.13464           866.84308           866.05573           868.47180           870.60028           873.79297           876.48248    
       879.38086           882.50348           886.47516           889.42963           889.05322           885.58691           890.39557           903.06250           911.75525           926.80121    
       936.45026           971.05841           987.13898           1002.6638           1024.5110           1048.0138           1072.5677           1085.0470           1088.7299           1088.8790    
      0.99999998E+31      0.99999998E+31      0.99999998E+31      0.99999998E+31      0.99999998E+31      0.99999998E+31      0.99999998E+31      0.99999998E+31      0.99999998E+31      0.99999998E+31
      0.99999998E+31      0.99999998E+31       1071.6488           1088.8103           1113.2061           1116.5641           1113.4619           1112.3586           1107.3434           1100.2145    
       1098.2799           1097.7776           1099.8899           1100.4252           1102.8601           1099.9531           1088.2041           1086.4718           1085.7924           1085.3220    
       1086.0214          0.99999998E+31      0.99999998E+31      0.99999998E+31      0.99999998E+31      0.99999998E+31      0.99999998E+31      0.99999998E+31      0.99999998E+31      0.99999998E+31
      0.99999998E+31      0.99999998E+31      0.99999998E+31      0.99999998E+31      0.99999998E+31      0.99999998E+31      0.99999998E+31      0.99999998E+31      0.99999998E+31      0.99999998E+31
      0.99999998E+31      0.99999998E+31      0.99999998E+31      0.99999998E+31      0.99999998E+31      0.99999998E+31      0.99999998E+31      0.99999998E+31      0.99999998E+31      0.99999998E+31
      0.99999998E+31      0.99999998E+31      0.99999998E+31      0.99999998E+31      0.99999998E+31      0.99999998E+31      0.99999998E+31      0.99999998E+31      0.99999998E+31      0.99999998E+31
      0.99999998E+31      0.99999998E+31      0.99999998E+31      0.99999998E+31      0.99999998E+31      0.99999998E+31      0.99999998E+31      0.99999998E+31      0.99999998E+31      0.99999998E+31
      0.99999998E+31      0.99999998E+31      0.99999998E+31      0.99999998E+31      0.99999998E+31      0.99999998E+31      0.99999998E+31      0.99999998E+31      0.99999998E+31      0.99999998E+31
      0.99999998E+31      0.99999998E+31
      0.99999998E+31      0.99999998E+31      0.99999998E+31      0.99999998E+31      0.99999998E+31      0.99999998E+31      0.99999998E+31      0.99999998E+31      0.99999998E+31      0.99999998E+31
      0.99999998E+31      0.99999998E+31      0.99999998E+31      0.99999998E+31      0.99999998E+31      0.99999998E+31      0.99999998E+31       984.98682           992.11981           1004.6498    
       1012.7834           1019.8220           1021.2432           1013.2231           1005.5087           998.35638           990.81647           989.12408           982.47266           971.57147    
       966.99310           964.18860           960.36951           955.43933           955.83740           956.89215           957.86243           958.84412           959.97620           961.42877    
       963.46466           966.28497           969.32233           972.79596           976.96350           979.84546          0.99999998E+31      0.99999998E+31       1064.0211           1065.6554    
       1070.4426           1070.9873           1073.2947           1077.3762           1079.4474           1081.0355           1082.6193           1086.2910           1099.4614           1104.0264    
       1107.6556           1109.9974          0.99999998E+31      0.99999998E+31      0.99999998E+31      0.99999998E+31      0.99999998E+31      0.99999998E+31      0.99999998E+31      0.99999998E+31
      0.99999998E+31      0.99999998E+31      0.99999998E+31      0.99999998E+31      0.99999998E+31      0.99999998E+31      0.99999998E+31      0.99999998E+31       817.75031           817.58325    
       817.87115           865.20221           813.84674           810.21045           811.04236           808.30298           805.46075           807.69873           809.14447           811.41266    
       814.09875           816.90790           819.37067           820.96259           822.61127           827.52411           835.46301           842.89978           847.37518           857.13000    
       863.88232           873.58417           883.62885           882.18787           870.60950           860.24890           866.85718           869.19415           872.88025           876.25867    
       878.50171           880.06946           881.35437           882.02686           882.55493           886.95837           897.26727           905.26538           911.69568           919.69836    
       941.22565           954.83685           977.45386           996.81342           1021.4869           1046.5939           1074.3553           1081.0769           1080.4713           1080.6482    
      0.99999998E+31      0.99999998E+31      0.99999998E+31      0.99999998E+31      0.99999998E+31      0.99999998E+31      0.99999998E+31      0.99999998E+31      0.99999998E+31      0.99999998E+31
      0.99999998E+31      0.99999998E+31       1064.4590           1065.3290           1091.5908           1107.3240           1112.1078           1109.9674           1114.7627           1105.5958    
       1102.2375           1100.6991           1101.0966           1102.8385           1102.4086           1100.4425           1094.0398           1091.4331           1084.4800           1082.8975    
       1082.2941          0.99999998E+31      0.99999998E+31      0.99999998E+31      0.99999998E+31      0.99999998E+31      0.99999998E+31      0.99999998E+31      0.99999998E+31      0.99999998E+31
      0.99999998E+31      0.99999998E+31      0.99999998E+31      0.99999998E+31      0.99999998E+31      0.99999998E+31      0.99999998E+31      0.99999998E+31      0.99999998E+31      0.99999998E+31
      0.99999998E+31      0.99999998E+31      0.99999998E+31      0.99999998E+31      0.99999998E+31      0.99999998E+31      0.99999998E+31      0.99999998E+31      0.99999998E+31      0.99999998E+31
      0.99999998E+31      0.99999998E+31      0.99999998E+31      0.99999998E+31      0.99999998E+31      0.99999998E+31      0.99999998E+31      0.99999998E+31      0.99999998E+31      0.99999998E+31
      0.99999998E+31      0.99999998E+31      0.99999998E+31      0.99999998E+31      0.99999998E+31      0.99999998E+31      0.99999998E+31      0.99999998E+31      0.99999998E+31      0.99999998E+31
      0.99999998E+31      0.99999998E+31      0.99999998E+31      0.99999998E+31      0.99999998E+31      0.99999998E+31      0.99999998E+31      0.99999998E+31      0.99999998E+31      0.99999998E+31
      0.99999998E+31      0.99999998E+31
      0.99999998E+31      0.99999998E+31      0.99999998E+31      0.99999998E+31      0.99999998E+31      0.99999998E+31      0.99999998E+31      0.99999998E+31      0.99999998E+31      0.99999998E+31
      0.99999998E+31      0.99999998E+31      0.99999998E+31      0.99999998E+31      0.99999998E+31      0.99999998E+31      0.99999998E+31      0.99999998E+31       982.31140           991.43506    
       995.97504           1000.0221           1001.4766           999.09998           995.25446           996.14044           989.49841           981.53961           973.14197           966.83936    
       964.95135           963.57605           958.98920           954.84131           955.17957           955.32825           955.67761           958.08771           959.11786           957.84656    
       961.28625           966.18665           969.61725           973.46802           980.42535           988.57385           996.18085          0.99999998E+31       1051.3835           1052.0562    
       1058.7555           1059.0511           1061.2897           1063.1975           1066.0319           1068.8439           1070.9281           1074.7610           1088.9945           1096.2083    
       1102.3475           1108.0774          0.99999998E+31      0.99999998E+31      0.99999998E+31      0.99999998E+31      0.99999998E+31      0.99999998E+31      0.99999998E+31      0.99999998E+31
      0.99999998E+31      0.99999998E+31      0.99999998E+31      0.99999998E+31      0.99999998E+31      0.99999998E+31      0.99999998E+31      0.99999998E+31       815.62549           815.51318    
       815.82245           857.95355           812.52039           812.55713           816.85760           810.72498           808.87408           809.28943           810.05176           813.74213    
       816.52460           820.97443           824.19067           825.00525           827.22656           829.87433           837.02960           844.91772           850.49701           855.50897    
       864.98169           870.40454           867.89532           870.74268           867.94067           865.03711           864.35779           862.05176           866.91351           878.21472    
       877.49463           877.70581           878.45093           879.09058           884.33575           887.36401           890.70093           907.43658           912.09351           918.81445    
       932.58252           948.05664           972.16016           991.77063           1012.1132           1034.5104           1063.4086           1062.4709           1062.2429           1068.6501    
       1073.5293           1083.6057           1098.2290           1110.3687           1116.4196           1106.1124           1104.5308           1104.0841          0.99999998E+31      0.99999998E+31
      0.99999998E+31      0.99999998E+31       1061.3888           1061.0482           1081.3524           1097.1350           1131.8945           1135.2025           1118.7825           1109.2463    
       1104.1261           1101.5435           1101.0602           1101.8634           1103.5138           1095.5386           1093.0317           1090.3812           1082.3817           1080.0269    
       1078.9080           1078.6276           1080.5007           1082.8573           1084.5565           1085.9791           1087.8776           1087.5138          0.99999998E+31      0.99999998E+31
      0.99999998E+31      0.99999998E+31      0.99999998E+31      0.99999998E+31      0.99999998E+31      0.99999998E+31      0.99999998E+31      0.99999998E+31      0.99999998E+31      0.99999998E+31
      0.99999998E+31      0.99999998E+31      0.99999998E+31      0.99999998E+31      0.99999998E+31      0.99999998E+31      0.99999998E+31      0.99999998E+31      0.99999998E+31      0.99999998E+31
      0.99999998E+31      0.99999998E+31      0.99999998E+31      0.99999998E+31      0.99999998E+31      0.99999998E+31      0.99999998E+31      0.99999998E+31      0.99999998E+31      0.99999998E+31
      0.99999998E+31      0.99999998E+31      0.99999998E+31      0.99999998E+31      0.99999998E+31      0.99999998E+31      0.99999998E+31      0.99999998E+31      0.99999998E+31      0.99999998E+31
      0.99999998E+31      0.99999998E+31      0.99999998E+31      0.99999998E+31      0.99999998E+31      0.99999998E+31      0.99999998E+31      0.99999998E+31      0.99999998E+31      0.99999998E+31
      0.99999998E+31      0.99999998E+31
      0.99999998E+31      0.99999998E+31      0.99999998E+31      0.99999998E+31      0.99999998E+31      0.99999998E+31      0.99999998E+31      0.99999998E+31      0.99999998E+31      0.99999998E+31
      0.99999998E+31      0.99999998E+31      0.99999998E+31      0.99999998E+31      0.99999998E+31      0.99999998E+31      0.99999998E+31      0.99999998E+31      0.99999998E+31       983.32043    
       984.92255           987.52875           989.35455           988.17957           985.97174           986.24323           979.96295           971.99261           966.61450           964.66589    
       963.95306           962.00330           959.06104           955.99402           955.34613           955.15906           954.90222           954.29828           954.48120           955.79883    
       959.03693           964.65405           969.52704           973.83649           982.81097           992.14246           1003.3656           1027.7651           1035.8098           1036.1702    
       1038.9565           1043.8427           1047.3518           1049.7445           1051.9045           1054.8496           1059.4282           1063.8350           1073.8390           1086.3455    
       1089.8330           1113.3298          0.99999998E+31      0.99999998E+31      0.99999998E+31      0.99999998E+31      0.99999998E+31      0.99999998E+31      0.99999998E+31      0.99999998E+31
      0.99999998E+31      0.99999998E+31      0.99999998E+31      0.99999998E+31      0.99999998E+31      0.99999998E+31      0.99999998E+31       822.43872           813.60364           813.80872    
       813.27606           856.46014           810.89941           813.00311           812.79816           811.58093           810.30542           809.90802           808.94983           813.27478    
       816.37842           822.65637           826.63544           828.72772           834.63000           852.89191           842.16510           843.68567           849.52435           854.36981    
       862.01331           865.63245           859.02081           863.08234           864.07806           863.97791           863.18549           865.48383           874.02094           877.55811    
       877.03418           876.69537           877.14233           877.86249           881.72247           893.34076           892.30804           904.12878           911.27020           917.70117    
       928.40369           941.37579           962.08124           982.99707           1005.1997           1027.1521           1050.0679           1052.2263           1047.8600           1050.4325    
       1063.1724           1072.1865           1075.8507           1086.7062           1100.6448           1106.3767           1110.7959           1106.1239          0.99999998E+31      0.99999998E+31
      0.99999998E+31      0.99999998E+31       1060.5530           1062.0654           1085.5433           1109.1525           1121.6937           1124.2444           1116.8726           1108.8090    
       1103.8898           1100.9030           1099.8242           1099.8419           1099.6541           1094.2446           1089.5740           1086.9989           1079.9720           1076.6329    
       1075.1815           1077.2245           1076.5355           1080.8151           1083.5590           1084.9702           1086.6951           1087.9066          0.99999998E+31      0.99999998E+31
      0.99999998E+31      0.99999998E+31      0.99999998E+31      0.99999998E+31      0.99999998E+31      0.99999998E+31      0.99999998E+31      0.99999998E+31      0.99999998E+31      0.99999998E+31
      0.99999998E+31      0.99999998E+31      0.99999998E+31      0.99999998E+31      0.99999998E+31      0.99999998E+31      0.99999998E+31      0.99999998E+31      0.99999998E+31      0.99999998E+31
      0.99999998E+31      0.99999998E+31      0.99999998E+31      0.99999998E+31      0.99999998E+31      0.99999998E+31      0.99999998E+31      0.99999998E+31      0.99999998E+31      0.99999998E+31
      0.99999998E+31      0.99999998E+31      0.99999998E+31      0.99999998E+31      0.99999998E+31      0.99999998E+31      0.99999998E+31      0.99999998E+31      0.99999998E+31      0.99999998E+31
      0.99999998E+31      0.99999998E+31      0.99999998E+31      0.99999998E+31      0.99999998E+31      0.99999998E+31      0.99999998E+31      0.99999998E+31      0.99999998E+31      0.99999998E+31
      0.99999998E+31      0.99999998E+31
      0.99999998E+31      0.99999998E+31      0.99999998E+31      0.99999998E+31      0.99999998E+31      0.99999998E+31      0.99999998E+31      0.99999998E+31      0.99999998E+31      0.99999998E+31
      0.99999998E+31      0.99999998E+31      0.99999998E+31      0.99999998E+31      0.99999998E+31      0.99999998E+31      0.99999998E+31      0.99999998E+31      0.99999998E+31       978.98474    
       978.84998           979.54681           980.65851           979.76379           980.79614           998.39337           990.05481           972.48688           967.70624           966.00775    
       964.98187           962.53143           959.54547           956.72150           956.85498           955.16223           954.25183           953.04968           953.24542           954.12805    
       957.55371           960.98975           965.21643           971.56506           985.97327           990.65222           1001.4301           1012.0662           1016.4590           1020.0635    
       1022.3166           1028.3195           1032.1998           1034.6299           1036.8478           1040.2826           1044.1390           1051.8651           1059.3969           1074.7111    
       1078.8574           1078.8634          0.99999998E+31      0.99999998E+31      0.99999998E+31      0.99999998E+31      0.99999998E+31      0.99999998E+31      0.99999998E+31      0.99999998E+31
      0.99999998E+31      0.99999998E+31      0.99999998E+31      0.99999998E+31      0.99999998E+31      0.99999998E+31       825.95801           814.82281           812.86230           811.64746    
       811.47229           860.20038           811.73218           812.23792           811.98792           811.46088           810.99554           811.05725           811.26654           812.93237    
       813.05951           820.77032           825.82770           831.74670           843.78223           856.84595           843.53857           840.93732           847.09302           851.65247    
       855.48370           857.50354           854.91205           859.79364           860.86530           861.65594           862.26184           864.23334           869.31604           872.59186    
       874.70892           875.91193           876.32642           877.49231           880.28223           888.74457           890.72217           901.09845           909.11853           921.34869    
       927.09698           935.53082           951.59723           968.37573           990.72522           1020.3906           1028.7423           1030.2334           1032.5375           1036.2727    
       1041.9083           1051.5062           1066.6667           1077.6646           1088.6599           1095.5356           1113.1332           1119.4354           1112.2959          0.99999998E+31
      0.99999998E+31       1064.4213           1060.7704           1060.1989           1095.1123           1112.1409           1121.8436           1121.7430           1115.3387           1108.6619    
       1102.8322           1099.8340           1098.3992           1097.5862           1097.2406           1094.6350           1092.3157           1086.4078           1080.9456           1073.3698    
       1070.7170           1075.9009           1074.0732           1079.4263           1082.1475           1084.3339           1085.9938           1087.4254          0.99999998E+31      0.99999998E+31
      0.99999998E+31      0.99999998E+31      0.99999998E+31      0.99999998E+31      0.99999998E+31      0.99999998E+31      0.99999998E+31      0.99999998E+31      0.99999998E+31      0.99999998E+31
      0.99999998E+31      0.99999998E+31      0.99999998E+31      0.99999998E+31      0.99999998E+31      0.99999998E+31      0.99999998E+31      0.99999998E+31      0.99999998E+31      0.99999998E+31
      0.99999998E+31      0.99999998E+31      0.99999998E+31      0.99999998E+31      0.99999998E+31      0.99999998E+31      0.99999998E+31      0.99999998E+31      0.99999998E+31      0.99999998E+31
      0.99999998E+31      0.99999998E+31      0.99999998E+31      0.99999998E+31      0.99999998E+31      0.99999998E+31      0.99999998E+31      0.99999998E+31      0.99999998E+31      0.99999998E+31
      0.99999998E+31      0.99999998E+31      0.99999998E+31      0.99999998E+31      0.99999998E+31      0.99999998E+31      0.99999998E+31      0.99999998E+31      0.99999998E+31      0.99999998E+31
      0.99999998E+31      0.99999998E+31
      0.99999998E+31      0.99999998E+31      0.99999998E+31      0.99999998E+31      0.99999998E+31      0.99999998E+31      0.99999998E+31      0.99999998E+31      0.99999998E+31      0.99999998E+31
      0.99999998E+31      0.99999998E+31      0.99999998E+31      0.99999998E+31      0.99999998E+31      0.99999998E+31      0.99999998E+31      0.99999998E+31      0.99999998E+31      0.99999998E+31
       975.28503           974.86328           975.01794           974.48785           982.76685           1018.7897           1029.6298           985.15906           978.23889           970.90002    
       967.96783           964.82684           961.71167           960.45752           970.20880           957.41901           952.52405           951.45190           951.41412           952.24060    
       954.71149           958.93298           963.82166           970.91168           979.82111           985.60266           992.31567           996.28143           1003.5911           1007.3209    
       1008.8186           1013.4944           1016.2478           1018.1170           1020.0510           1021.5565           1026.3135           1034.9216           1041.5420           1047.2627    
       1054.4812           1049.9397          0.99999998E+31      0.99999998E+31      0.99999998E+31      0.99999998E+31      0.99999998E+31      0.99999998E+31      0.99999998E+31      0.99999998E+31
      0.99999998E+31      0.99999998E+31      0.99999998E+31      0.99999998E+31      0.99999998E+31      0.99999998E+31       817.45221           811.27277           811.90820           809.03986    
       809.51306           862.09271           812.78906           811.88873           810.96497           810.83728           811.06433           811.63776           811.05688           814.14514    
       816.05774           820.61560           824.33813           832.18622           843.32709           851.35071           840.71820           836.88550           843.49994           848.20728    
       851.65161           853.09473           852.87042           857.99414           859.19086           860.34332           861.46069           863.37585           866.48877           869.97223    
       872.17078           873.09583           875.44733           877.57269           879.52863           884.73846           889.52728           903.04938           904.30951           909.26483    
       925.95221           931.18231           945.26556           962.79547           978.32550           994.00525           1000.4244           1010.0032           1021.4549           1029.4227    
       1035.5507           1044.9712           1057.9678           1069.8999           1080.1189           1090.0468           1099.8545           1111.1813           1113.6682           1113.8245    
      0.99999998E+31       1063.0200           1061.3748           1059.3705           1091.2747           1115.1190           1115.6616           1115.2104           1112.9589           1106.8116    
       1101.5676           1098.5746           1097.0679           1096.2236           1094.3025           1092.9188           1093.0488           1092.3590           1093.3550           1092.0431    
       1101.4713           1100.2053           1090.4106           1080.0610           1081.4260           1082.8730           1084.5126           1085.9785           1087.3949          0.99999998E+31
      0.99999998E+31      0.99999998E+31      0.99999998E+31      0.99999998E+31      0.99999998E+31      0.99999998E+31      0.99999998E+31      0.99999998E+31      0.99999998E+31      0.99999998E+31
      0.99999998E+31      0.99999998E+31      0.99999998E+31      0.99999998E+31      0.99999998E+31      0.99999998E+31      0.99999998E+31      0.99999998E+31      0.99999998E+31      0.99999998E+31
      0.99999998E+31      0.99999998E+31      0.99999998E+31      0.99999998E+31      0.99999998E+31      0.99999998E+31      0.99999998E+31      0.99999998E+31      0.99999998E+31      0.99999998E+31
      0.99999998E+31      0.99999998E+31      0.99999998E+31      0.99999998E+31      0.99999998E+31      0.99999998E+31      0.99999998E+31      0.99999998E+31      0.99999998E+31      0.99999998E+31
      0.99999998E+31      0.99999998E+31      0.99999998E+31      0.99999998E+31      0.99999998E+31      0.99999998E+31      0.99999998E+31      0.99999998E+31      0.99999998E+31      0.99999998E+31
      0.99999998E+31      0.99999998E+31
      0.99999998E+31      0.99999998E+31      0.99999998E+31      0.99999998E+31      0.99999998E+31      0.99999998E+31      0.99999998E+31      0.99999998E+31      0.99999998E+31      0.99999998E+31
      0.99999998E+31      0.99999998E+31      0.99999998E+31      0.99999998E+31      0.99999998E+31      0.99999998E+31      0.99999998E+31      0.99999998E+31      0.99999998E+31      0.99999998E+31
      0.99999998E+31       971.88733           971.37488           969.84253           973.89941           1003.4290           1039.9812           1008.4448           1016.0049           1018.0468    
       1009.6321           992.84961           998.96173           963.90253           962.76642           955.26434           951.30475           949.56451           949.08087           949.68506    
       952.13049           955.64532           961.26031           968.06494           974.87903           979.65521           984.28394           985.15558           990.39435           998.43524    
       998.18439           998.35693           998.90216           1000.3889           1001.8678           1001.0722           1004.0137           1013.2603           1020.5388           1023.3175    
       1024.9734           1023.4326          0.99999998E+31      0.99999998E+31      0.99999998E+31      0.99999998E+31      0.99999998E+31      0.99999998E+31      0.99999998E+31      0.99999998E+31
      0.99999998E+31      0.99999998E+31      0.99999998E+31      0.99999998E+31      0.99999998E+31      0.99999998E+31       814.13409           809.04022           809.28003           807.82764    
       812.57141           817.71997           801.34760           808.21368           810.07098           811.17645           811.86133           813.17310           814.66278           816.38806    
       816.60474           821.43298           825.95398           831.45557           836.95850           842.00800           841.34955           840.73248           844.63062           846.42761    
       849.93713           851.25922           853.47546           857.85223           858.68530           859.58905           861.11444           863.46277           866.38251           869.01050    
       871.10876           872.87469           875.35419           877.03131           876.86139           883.51379           891.27234           909.49792           905.85657           917.81879    
       923.13824           927.86627           934.69263           945.63898           953.84747           966.98474           979.03796           990.74506           1008.8894           1022.0302    
       1030.0699           1038.3662           1049.1650           1059.8523           1069.1860           1077.3196           1095.7114           1101.7322           1110.2354           1116.1758    
      0.99999998E+31       1065.8027           1069.0758           1075.8762           1101.5397           1110.8580           1107.7076           1106.2252           1107.6082           1104.0026    
       1100.2086           1096.3765           1094.9961           1094.2507           1092.3130           1091.3821           1090.6453           1091.3204           1092.9438           1097.1819    
       1111.1431           1113.2308           1112.2979           1090.8004           1084.5081           1082.1897           1083.7350           1085.2001           1086.5900           1087.9995    
      0.99999998E+31      0.99999998E+31      0.99999998E+31      0.99999998E+31      0.99999998E+31      0.99999998E+31      0.99999998E+31      0.99999998E+31      0.99999998E+31      0.99999998E+31
      0.99999998E+31      0.99999998E+31      0.99999998E+31      0.99999998E+31      0.99999998E+31      0.99999998E+31      0.99999998E+31      0.99999998E+31      0.99999998E+31      0.99999998E+31
      0.99999998E+31      0.99999998E+31      0.99999998E+31      0.99999998E+31      0.99999998E+31      0.99999998E+31      0.99999998E+31      0.99999998E+31      0.99999998E+31      0.99999998E+31
      0.99999998E+31      0.99999998E+31      0.99999998E+31      0.99999998E+31      0.99999998E+31      0.99999998E+31      0.99999998E+31      0.99999998E+31      0.99999998E+31      0.99999998E+31
      0.99999998E+31      0.99999998E+31      0.99999998E+31      0.99999998E+31      0.99999998E+31      0.99999998E+31      0.99999998E+31      0.99999998E+31      0.99999998E+31      0.99999998E+31
      0.99999998E+31      0.99999998E+31
      0.99999998E+31      0.99999998E+31      0.99999998E+31      0.99999998E+31      0.99999998E+31      0.99999998E+31      0.99999998E+31      0.99999998E+31      0.99999998E+31      0.99999998E+31
      0.99999998E+31      0.99999998E+31      0.99999998E+31      0.99999998E+31      0.99999998E+31      0.99999998E+31      0.99999998E+31      0.99999998E+31      0.99999998E+31      0.99999998E+31
      0.99999998E+31      0.99999998E+31       969.11157           967.52325           967.73340           977.73090           1004.9492           1056.5485           1064.9592           1039.3966    
       1023.7882           1003.5958           1010.8795           1003.8114           973.20386           956.65027           950.28680           947.14532           946.09216           946.27716    
       947.93774           951.07092           957.14465           963.62543           969.01910           972.22693           974.12000           974.31305           976.72266           986.20667    
       984.37677           982.69977           980.85089           979.89075           980.13245           980.96600           982.72552           987.85760           996.30328           999.95074    
       1000.4668           1000.6754          0.99999998E+31      0.99999998E+31      0.99999998E+31      0.99999998E+31      0.99999998E+31      0.99999998E+31      0.99999998E+31      0.99999998E+31
      0.99999998E+31      0.99999998E+31      0.99999998E+31      0.99999998E+31      0.99999998E+31      0.99999998E+31       807.55133           806.19043           805.46265           805.54425    
       808.09485           808.96490           804.02057           805.68994           809.45233           811.26807           812.56464           814.29230           816.35992           818.32172    
       820.13007           823.12769           826.94141           831.51886           835.48450           838.86633           843.18329           845.00232           847.57422           848.93549    
       850.19714           849.19598           853.77350           857.83875           858.57489           859.23041           860.75427           863.77203           866.67468           868.92389    
       870.75354           872.46368           874.56055           876.45880           878.17621           880.87390           888.84814           898.91467           902.48590           904.85242    
       910.27057           915.18915           922.00702           931.06750           941.15100           953.66016           965.93750           977.69275           995.80615           1009.7933    
       1020.9460           1030.5779           1040.1741           1049.8815           1057.8784           1064.1871           1081.6934           1095.0758           1105.9600           1113.7715    
      0.99999998E+31       1069.7568           1072.4606           1078.9373           1092.9332           1109.9966           1103.8772           1101.5470           1105.7480           1100.4812    
       1090.0935           1093.8605           1089.9570           1091.7128           1090.5542           1089.5409           1088.9341           1089.0563           1089.9314           1092.6764    
       1101.4574           1101.4817           1098.0186           1093.2493           1098.3582           1083.8540           1084.1182           1084.3279           1085.7784           1087.2863    
       1089.5090           1089.5522          0.99999998E+31      0.99999998E+31      0.99999998E+31      0.99999998E+31      0.99999998E+31      0.99999998E+31      0.99999998E+31      0.99999998E+31
      0.99999998E+31      0.99999998E+31      0.99999998E+31      0.99999998E+31      0.99999998E+31      0.99999998E+31      0.99999998E+31      0.99999998E+31      0.99999998E+31      0.99999998E+31
      0.99999998E+31      0.99999998E+31      0.99999998E+31      0.99999998E+31      0.99999998E+31      0.99999998E+31      0.99999998E+31      0.99999998E+31      0.99999998E+31      0.99999998E+31
      0.99999998E+31      0.99999998E+31      0.99999998E+31      0.99999998E+31      0.99999998E+31      0.99999998E+31      0.99999998E+31      0.99999998E+31      0.99999998E+31      0.99999998E+31
      0.99999998E+31      0.99999998E+31      0.99999998E+31      0.99999998E+31      0.99999998E+31      0.99999998E+31      0.99999998E+31      0.99999998E+31      0.99999998E+31      0.99999998E+31
      0.99999998E+31      0.99999998E+31
      0.99999998E+31      0.99999998E+31      0.99999998E+31      0.99999998E+31      0.99999998E+31      0.99999998E+31      0.99999998E+31      0.99999998E+31      0.99999998E+31      0.99999998E+31
      0.99999998E+31      0.99999998E+31      0.99999998E+31      0.99999998E+31      0.99999998E+31      0.99999998E+31      0.99999998E+31      0.99999998E+31      0.99999998E+31      0.99999998E+31
      0.99999998E+31      0.99999998E+31      0.99999998E+31       965.90790           965.67480           972.26654           999.63904           1045.4774           1074.9025           1061.7865    
       1045.4406           1021.8232           1013.6894           998.06073           978.75964           961.83289           949.38525           944.12213           942.05896           941.68524    
       942.65631           944.60071           948.52905           953.69843           959.09088           961.20801           961.76215           961.99866           963.45123           966.34937    
       971.23090           966.50653           963.12561           960.19763           958.47565           958.61377           961.27832           966.65619           974.64594           978.07593    
       980.29419           981.56750          0.99999998E+31      0.99999998E+31      0.99999998E+31      0.99999998E+31      0.99999998E+31      0.99999998E+31      0.99999998E+31      0.99999998E+31
      0.99999998E+31      0.99999998E+31      0.99999998E+31      0.99999998E+31       811.47076           805.57404           804.09351           803.76324           803.09918           803.36627    
       803.23810           806.14514           806.92371           808.26746           810.20984           811.73120           813.26587           815.51843           817.20172           819.25232    
       821.53754           823.95911           827.40308           832.15076           835.02643           837.73615           845.36041           847.55951           851.17694           851.91138    
       852.10645           852.60315           855.50146           857.81085           858.93207           858.44940           859.68689           864.33508           867.71674           869.31104    
       870.64740           871.92621           874.22760           876.38617           879.97430           882.68976           887.90564           890.62933           893.44092           899.05261    
       904.89996           910.06470           916.15259           923.99066           933.34821           946.46899           957.06464           968.52966           980.12769           994.88696    
       1008.0710           1020.4761           1030.4131           1039.2888           1047.6359           1054.0127           1066.3943           1082.0885          0.99999998E+31      0.99999998E+31
      0.99999998E+31      0.99999998E+31       1075.4208           1082.0803           1098.9681           1108.6047           1102.2085           1099.7827           1100.7147           1088.1943    
       1086.9652           1088.4073           1086.1907           1089.3090           1088.9485           1088.0040           1087.1887           1086.4037           1085.7557           1085.6891    
       1086.3405           1084.0818           1079.9760           1077.2061           1078.1077           1079.7111           1082.2769           1083.6150           1085.4362           1087.1757    
       1088.5850           1089.8655          0.99999998E+31      0.99999998E+31      0.99999998E+31      0.99999998E+31      0.99999998E+31      0.99999998E+31      0.99999998E+31      0.99999998E+31
      0.99999998E+31      0.99999998E+31      0.99999998E+31      0.99999998E+31      0.99999998E+31      0.99999998E+31      0.99999998E+31      0.99999998E+31      0.99999998E+31      0.99999998E+31
      0.99999998E+31      0.99999998E+31      0.99999998E+31      0.99999998E+31      0.99999998E+31      0.99999998E+31      0.99999998E+31      0.99999998E+31      0.99999998E+31      0.99999998E+31
      0.99999998E+31      0.99999998E+31      0.99999998E+31      0.99999998E+31      0.99999998E+31      0.99999998E+31      0.99999998E+31      0.99999998E+31      0.99999998E+31      0.99999998E+31
      0.99999998E+31      0.99999998E+31      0.99999998E+31      0.99999998E+31      0.99999998E+31      0.99999998E+31      0.99999998E+31      0.99999998E+31      0.99999998E+31      0.99999998E+31
      0.99999998E+31      0.99999998E+31
      0.99999998E+31      0.99999998E+31      0.99999998E+31      0.99999998E+31      0.99999998E+31      0.99999998E+31      0.99999998E+31      0.99999998E+31      0.99999998E+31      0.99999998E+31
      0.99999998E+31      0.99999998E+31      0.99999998E+31      0.99999998E+31      0.99999998E+31      0.99999998E+31      0.99999998E+31      0.99999998E+31      0.99999998E+31      0.99999998E+31
      0.99999998E+31      0.99999998E+31      0.99999998E+31      0.99999998E+31      0.99999998E+31      0.99999998E+31      0.99999998E+31       1042.9498           1072.1200           1070.3018    
       1052.2876           1021.5907           1001.4767           986.31909           972.06482           958.91980           945.97424           939.94421           937.45929           936.00842    
       934.93073           934.72620           935.77399           938.01715           944.10406           946.33148           942.69562           948.56384           950.15552           952.09656    
       954.33319           947.99939           944.33643           940.93707           938.30743           936.68842           938.71710           944.36133           953.38660           959.35596    
       961.98016           962.31439          0.99999998E+31      0.99999998E+31      0.99999998E+31      0.99999998E+31      0.99999998E+31      0.99999998E+31      0.99999998E+31      0.99999998E+31
      0.99999998E+31      0.99999998E+31      0.99999998E+31       820.55811           807.99994           802.52954           801.71735           800.97882           802.93750           803.79272    
       803.60327           805.63843           807.29108           808.78119           810.43219           811.79248           813.44421           815.48920           817.53400           819.77264    
       822.87433           826.42560           830.17889           833.51831           835.34314           834.07269           847.50787           852.05713           861.51031           855.47217    
       854.86877           856.65338           857.71198           857.80347           858.70111           859.07361           863.45984           866.43402           868.33594           869.82190    
       870.53436           870.33771           873.54169           876.29016           879.24371           882.80725           886.32947           889.29730           892.66833           896.80396    
       901.73480           907.16089           912.92755           920.19659           928.81635           938.89612           951.06708           962.18994           973.27777           985.96985    
       999.60919           1011.2127           1021.4433           1029.4891           1036.3367           1045.3076           1059.2483           1065.9230          0.99999998E+31      0.99999998E+31
      0.99999998E+31      0.99999998E+31       1081.2991           1088.3441           1096.0135           1104.6168           1099.0931           1095.2997           1094.9326           1092.9092    
       1085.6481           1084.7864           1086.6381           1087.5599           1087.1301           1086.2665           1085.0759           1083.5574           1082.0413           1081.0319    
       1079.4839           1076.9291           1075.6890           1076.7297           1078.1573           1080.2010           1082.2532           1083.5659           1085.4203           1087.2100    
       1088.8441           1090.3562           1092.8447           1093.2959           1093.8107           1094.6405          0.99999998E+31      0.99999998E+31      0.99999998E+31      0.99999998E+31
      0.99999998E+31      0.99999998E+31      0.99999998E+31      0.99999998E+31      0.99999998E+31      0.99999998E+31      0.99999998E+31      0.99999998E+31      0.99999998E+31      0.99999998E+31
      0.99999998E+31      0.99999998E+31      0.99999998E+31      0.99999998E+31      0.99999998E+31      0.99999998E+31      0.99999998E+31      0.99999998E+31      0.99999998E+31      0.99999998E+31
      0.99999998E+31      0.99999998E+31      0.99999998E+31      0.99999998E+31      0.99999998E+31      0.99999998E+31      0.99999998E+31      0.99999998E+31      0.99999998E+31      0.99999998E+31
      0.99999998E+31      0.99999998E+31      0.99999998E+31      0.99999998E+31      0.99999998E+31      0.99999998E+31      0.99999998E+31      0.99999998E+31      0.99999998E+31      0.99999998E+31
      0.99999998E+31      0.99999998E+31
      0.99999998E+31      0.99999998E+31      0.99999998E+31      0.99999998E+31      0.99999998E+31      0.99999998E+31      0.99999998E+31      0.99999998E+31      0.99999998E+31      0.99999998E+31
      0.99999998E+31      0.99999998E+31      0.99999998E+31      0.99999998E+31      0.99999998E+31      0.99999998E+31      0.99999998E+31      0.99999998E+31      0.99999998E+31      0.99999998E+31
      0.99999998E+31      0.99999998E+31      0.99999998E+31      0.99999998E+31      0.99999998E+31      0.99999998E+31      0.99999998E+31      0.99999998E+31      0.99999998E+31       1058.2710    
       1041.4474           1011.7265           991.97357           978.09216           964.22400           952.24481           940.15106           934.64478           931.42151           928.50415    
       925.96802           924.38513           923.39703           925.20563           928.98334           932.48682           932.38318           935.84229           938.07562           937.66345    
       935.22162           930.44647           926.19452           922.01074           918.92468           917.93903           917.99292           920.10315           931.06561           939.15094    
       942.89392           944.92072          0.99999998E+31      0.99999998E+31      0.99999998E+31      0.99999998E+31      0.99999998E+31      0.99999998E+31      0.99999998E+31      0.99999998E+31
      0.99999998E+31      0.99999998E+31       820.84418           807.17163           802.82623           800.81915           798.62598           800.29425           803.40076           803.54852    
       803.82819           804.91235           806.64008           808.35797           810.24402           811.51569           813.40417           815.47693           817.22656           818.92120    
       823.72241           828.31598           832.08875           835.39478           838.22131           840.86969           846.55151           850.70459           855.51257           856.17114    
       857.86731           859.76941           860.97406           861.99323           863.33282           864.87958           867.42401           869.91876           870.36603           870.79633    
       871.17432           871.47357           872.90186           875.65118           879.01428           882.14111           884.95801           887.78357           891.54114           895.50159    
       900.14807           905.56976           911.38885           918.46954           926.49365           937.57782           947.82941           957.65686           967.97021           980.34161    
       992.62384           1003.3822           1012.3568           1019.2543           1026.5499           1035.0081           1047.8673           1050.3710          0.99999998E+31      0.99999998E+31
      0.99999998E+31      0.99999998E+31       1083.9106           1088.7261           1092.3531           1100.1593           1094.6344           1084.5769           1089.3167           1088.0073    
       1086.5944           1085.1102           1084.6625           1085.3317           1084.8213           1083.9585           1082.2028           1080.7848           1079.4705           1078.8856    
       1077.1840           1077.1991           1077.0239           1077.9763           1079.2839           1080.8805           1082.5110           1083.9092           1087.0676           1089.6361    
       1090.6389           1092.5902           1092.9053           1093.0840           1093.8839           1094.9401           1095.7450          0.99999998E+31      0.99999998E+31      0.99999998E+31
      0.99999998E+31      0.99999998E+31      0.99999998E+31      0.99999998E+31      0.99999998E+31      0.99999998E+31      0.99999998E+31      0.99999998E+31      0.99999998E+31      0.99999998E+31
      0.99999998E+31      0.99999998E+31      0.99999998E+31      0.99999998E+31      0.99999998E+31      0.99999998E+31      0.99999998E+31      0.99999998E+31      0.99999998E+31      0.99999998E+31
      0.99999998E+31      0.99999998E+31      0.99999998E+31      0.99999998E+31      0.99999998E+31      0.99999998E+31      0.99999998E+31      0.99999998E+31      0.99999998E+31      0.99999998E+31
      0.99999998E+31      0.99999998E+31      0.99999998E+31      0.99999998E+31      0.99999998E+31      0.99999998E+31      0.99999998E+31      0.99999998E+31      0.99999998E+31      0.99999998E+31
      0.99999998E+31      0.99999998E+31
      0.99999998E+31      0.99999998E+31      0.99999998E+31      0.99999998E+31      0.99999998E+31      0.99999998E+31      0.99999998E+31      0.99999998E+31      0.99999998E+31      0.99999998E+31
      0.99999998E+31      0.99999998E+31      0.99999998E+31      0.99999998E+31      0.99999998E+31      0.99999998E+31      0.99999998E+31      0.99999998E+31      0.99999998E+31      0.99999998E+31
      0.99999998E+31      0.99999998E+31      0.99999998E+31      0.99999998E+31      0.99999998E+31      0.99999998E+31      0.99999998E+31      0.99999998E+31      0.99999998E+31      0.99999998E+31
       1010.7783           995.99359           984.51111           970.59631           957.00604           945.75018           933.41162           927.87909           923.70361           919.46021    
       916.38373           913.67908           912.20178           914.06464           917.92267           924.30603           925.17010           925.28613           925.40002           924.54462    
       920.23444           915.22211           910.05847           905.78613           902.65643           900.40790           898.72803           897.70239           902.74719           914.97571    
       922.49963           925.94147          0.99999998E+31      0.99999998E+31      0.99999998E+31      0.99999998E+31      0.99999998E+31      0.99999998E+31      0.99999998E+31      0.99999998E+31
       863.62903           821.29968           811.47449           803.98822           801.66089           797.38574           795.15924           797.74591           802.23352           802.71899    
       802.85675           803.57520           806.19653           808.04163           808.98291           810.70160           813.15021           815.38690           816.65076           814.77020    
       824.48419           829.91693           833.99036           837.58362           841.50293           845.65070           848.94440           851.67615           854.37354           856.57916    
       859.62329           862.26648           864.26331           865.82678           867.41718           869.34088           871.52637           872.82452           872.29541           871.76251    
       871.80701           871.34882           871.02716           874.26514           878.77899           881.51361           883.45844           885.54236           889.87653           893.05505    
       898.49103           903.80554           909.43335           916.61731           924.48254           934.92572           944.88947           954.28217           964.37781           975.91168    
       987.41388           997.93848           1006.8176           1014.2338           1021.7968           1029.7981           1039.2806           1043.6404          0.99999998E+31      0.99999998E+31
      0.99999998E+31      0.99999998E+31       1083.8956           1089.1899           1091.6936           1096.7758           1093.5496           1088.1228           1087.6747           1087.2889    
       1086.8337           1086.3213           1084.9723           1083.1058           1082.0699           1080.3477           1079.6925           1079.3502           1078.9467           1078.3549    
       1077.6266           1077.9443           1078.3267           1079.2201           1080.3772           1081.6443           1082.8258           1084.1771           1087.0186           1089.8142    
       1090.5360           1092.4050           1092.7449           1092.8525           1093.9020           1094.9949           1096.1388           1097.0337          0.99999998E+31      0.99999998E+31
      0.99999998E+31      0.99999998E+31      0.99999998E+31      0.99999998E+31      0.99999998E+31      0.99999998E+31      0.99999998E+31      0.99999998E+31      0.99999998E+31      0.99999998E+31
      0.99999998E+31      0.99999998E+31      0.99999998E+31      0.99999998E+31      0.99999998E+31      0.99999998E+31      0.99999998E+31      0.99999998E+31      0.99999998E+31      0.99999998E+31
      0.99999998E+31      0.99999998E+31      0.99999998E+31      0.99999998E+31      0.99999998E+31      0.99999998E+31      0.99999998E+31      0.99999998E+31      0.99999998E+31      0.99999998E+31
      0.99999998E+31      0.99999998E+31      0.99999998E+31      0.99999998E+31      0.99999998E+31      0.99999998E+31      0.99999998E+31      0.99999998E+31      0.99999998E+31      0.99999998E+31
      0.99999998E+31      0.99999998E+31
      0.99999998E+31      0.99999998E+31      0.99999998E+31      0.99999998E+31      0.99999998E+31      0.99999998E+31      0.99999998E+31      0.99999998E+31      0.99999998E+31      0.99999998E+31
      0.99999998E+31      0.99999998E+31      0.99999998E+31      0.99999998E+31      0.99999998E+31      0.99999998E+31      0.99999998E+31      0.99999998E+31      0.99999998E+31      0.99999998E+31
      0.99999998E+31      0.99999998E+31      0.99999998E+31      0.99999998E+31      0.99999998E+31      0.99999998E+31      0.99999998E+31      0.99999998E+31      0.99999998E+31      0.99999998E+31
       990.33582           984.02930           973.73254           961.00842           948.54944           938.91351           927.51080           920.75787           915.56555           909.91046    
       905.93304           902.30835           900.98914           903.14655           907.54724           915.68073           917.90387           914.78253           913.66852           912.19556    
       906.20001           900.34344           895.18665           890.87036           887.44519           884.84637           882.02594           878.67877           876.28864           882.99744    
       898.43774           906.62128          0.99999998E+31      0.99999998E+31      0.99999998E+31      0.99999998E+31      0.99999998E+31      0.99999998E+31      0.99999998E+31       846.02631    
       833.96234           818.23273           809.63324           803.45111           798.24609           795.60315           793.04987           798.51727           800.97754           802.44196    
       802.93457           801.42175           806.99902           808.38672           806.56982           809.95380           812.78925           815.75232           819.05725           823.89874    
       828.73749           832.45331           835.95929           839.58075           843.48877           848.25653           850.80426           852.72870           854.63232           856.54443    
       861.46021           865.02625           867.64374           869.67694           871.20795           872.89960           874.21375           874.85620           873.97076           874.06738    
       872.83350           870.95355           872.90179           876.00885           879.22217           880.82147           881.17828           880.57251           887.84894           892.52917    
       896.58234           901.89337           907.72168           914.22760           922.66302           932.34369           942.58868           951.96423           961.46161           972.16254    
       983.32935           993.72552           1002.5995           1009.2050           1017.4970           1028.6449           1034.2932           1039.9773          0.99999998E+31      0.99999998E+31
      0.99999998E+31      0.99999998E+31      0.99999998E+31      0.99999998E+31       1090.6996           1092.0029           1091.0663           1088.3165           1087.1014           1086.4961    
       1085.7555           1084.9304           1084.5082           1081.9287           1078.8248           1077.7468           1077.0593           1077.6184           1078.3094           1078.0966    
       1076.8143           1078.6858           1079.2710           1080.2081           1081.3085           1082.4552           1083.4492           1084.8386           1086.9666           1090.2161    
       1088.9066           1090.2007           1091.3522           1094.4905           1093.8544           1094.9956           1096.3250           1097.6949          0.99999998E+31      0.99999998E+31
      0.99999998E+31      0.99999998E+31       1361.2217           1406.4515           1463.7467           1514.9244           1644.0529           1703.5542           1747.8529           1781.9601    
       1809.7778           1833.5505          0.99999998E+31      0.99999998E+31      0.99999998E+31      0.99999998E+31      0.99999998E+31      0.99999998E+31      0.99999998E+31      0.99999998E+31
      0.99999998E+31      0.99999998E+31      0.99999998E+31      0.99999998E+31      0.99999998E+31      0.99999998E+31      0.99999998E+31      0.99999998E+31      0.99999998E+31      0.99999998E+31
      0.99999998E+31      0.99999998E+31      0.99999998E+31      0.99999998E+31      0.99999998E+31      0.99999998E+31      0.99999998E+31      0.99999998E+31      0.99999998E+31      0.99999998E+31
      0.99999998E+31      0.99999998E+31
      0.99999998E+31      0.99999998E+31      0.99999998E+31      0.99999998E+31      0.99999998E+31      0.99999998E+31      0.99999998E+31      0.99999998E+31      0.99999998E+31      0.99999998E+31
      0.99999998E+31      0.99999998E+31      0.99999998E+31      0.99999998E+31      0.99999998E+31      0.99999998E+31      0.99999998E+31      0.99999998E+31      0.99999998E+31      0.99999998E+31
      0.99999998E+31      0.99999998E+31      0.99999998E+31      0.99999998E+31      0.99999998E+31      0.99999998E+31      0.99999998E+31      0.99999998E+31      0.99999998E+31      0.99999998E+31
       966.50378          0.99999998E+31       963.75446           955.69733           938.08978           931.19385           923.56366           913.00262           906.96973           900.15057    
       895.30676           891.37360           890.50842           892.19775           895.89429           901.38605           907.86218           903.08514           901.51636           899.75830    
       892.98077           887.17450           882.31677           878.24048           874.64423           872.01611           869.45996           864.41321           860.32550           862.60052    
       873.31580           884.14783          0.99999998E+31      0.99999998E+31      0.99999998E+31      0.99999998E+31       867.58582           864.43939           857.55249           845.50214    
       832.63953           823.42596           808.02344           800.56213           799.08728           796.89807           792.13904           794.92560           795.89136           803.04034    
       806.39935           807.21014           808.07483           808.35583           807.86212           809.19305           811.59363           815.06793           820.35760           831.90100    
       834.40588           834.46613           837.40784           841.11688           844.91083           849.33728           851.87817           853.88403           855.87054           858.88165    
       864.28754           868.35089           871.39331           873.68536           875.34369           876.61688           877.32556           877.68036           877.28302           876.62860    
       874.18140           866.46063           873.64758           878.46179           880.69257           881.06439           879.92169           880.29016           886.43512           891.62787    
       893.62640           899.06915           905.33209           911.10626           920.06519           930.35303           940.77533           951.00653           959.86926           969.67950    
       980.77386           991.02832           998.83905           1005.2475           1014.4370           1023.4369           1030.4110           1035.5148          0.99999998E+31      0.99999998E+31
      0.99999998E+31      0.99999998E+31      0.99999998E+31      0.99999998E+31       1088.8416           1089.4635           1087.8864           1086.8761           1086.0397           1085.4491    
       1084.6405           1082.5636           1083.7517           1081.7639           1076.7856           1074.9619           1076.3472           1077.4545           1077.8152           1078.4089    
       1078.7009           1079.4937           1079.9498           1080.9430           1082.2000           1083.3127           1084.3621           1085.5269           1087.1749           1089.1520    
       1089.0404           1090.0350           1091.1885           1092.8022           1095.9680           1095.2692           1097.1941           1099.1382          0.99999998E+31      0.99999998E+31
      0.99999998E+31      0.99999998E+31       1318.1526           1351.8470           1406.2675           1465.4363           1510.5948           1627.0642           1672.5143           1710.5587    
       1745.3800           1778.7842          0.99999998E+31      0.99999998E+31      0.99999998E+31      0.99999998E+31      0.99999998E+31      0.99999998E+31      0.99999998E+31      0.99999998E+31
      0.99999998E+31      0.99999998E+31      0.99999998E+31      0.99999998E+31      0.99999998E+31      0.99999998E+31      0.99999998E+31      0.99999998E+31      0.99999998E+31      0.99999998E+31
      0.99999998E+31      0.99999998E+31      0.99999998E+31      0.99999998E+31      0.99999998E+31      0.99999998E+31      0.99999998E+31      0.99999998E+31      0.99999998E+31      0.99999998E+31
      0.99999998E+31      0.99999998E+31
      0.99999998E+31      0.99999998E+31      0.99999998E+31      0.99999998E+31      0.99999998E+31      0.99999998E+31      0.99999998E+31      0.99999998E+31      0.99999998E+31      0.99999998E+31
      0.99999998E+31      0.99999998E+31      0.99999998E+31      0.99999998E+31      0.99999998E+31      0.99999998E+31      0.99999998E+31      0.99999998E+31      0.99999998E+31      0.99999998E+31
      0.99999998E+31      0.99999998E+31      0.99999998E+31      0.99999998E+31      0.99999998E+31      0.99999998E+31      0.99999998E+31      0.99999998E+31      0.99999998E+31      0.99999998E+31
      0.99999998E+31       765.37146          0.99999998E+31      0.99999998E+31       931.38397           925.26587           914.87811           906.03680           897.65857           890.10522    
       884.78467           881.08276           880.42450           881.52405           884.86481           888.04022           891.64905           891.82605           890.85651           888.24329    
       881.45459           875.84351           870.91443           868.05219           864.97290           863.57745           861.89062           859.99506           857.24286           860.27258    
       857.28186           866.72406           865.30829           865.98242           866.91620           867.86530           867.46173           863.27838           855.92377           847.47736    
       835.41827           820.59406           808.47931           802.83588           800.78229           798.33783           795.43994           787.68652           780.02606           799.11621    
       805.76025           807.75739           806.29962           806.05750           805.98083           806.73615           808.86072           812.20050           817.32745           822.84601    
       821.10211           832.56866           838.06073           841.82092           845.25024           849.15894           852.46069           855.15186           857.48499           861.83801    
       867.94666           872.24774           875.40576           878.10675           879.65491           880.81000           881.37213           881.31732           881.01434           880.43182    
       879.10907           875.97699           878.04663           884.25964           885.33789           884.66046           883.79980           876.60712           883.56647           889.97650    
       889.19196           895.36255           903.28589           906.54004           917.23242           928.81445           938.99927           949.09045           959.48059           970.13733    
       979.96698           988.37659           996.21265           1003.2403           1010.6502           1018.3837           1027.7933           1036.5345           1046.6672           1055.0466    
       1063.3297           1068.9326           1075.1486           1079.8875           1082.8560           1085.0948           1085.3307           1085.1759           1084.8571           1084.2771    
       1083.4467           1080.9750           1084.6072           1083.8075           1079.1017           1076.8645           1076.9908           1077.8055           1076.5660           1078.7577    
       1079.7034           1080.2657           1080.0374           1081.3459           1083.0328           1084.1613           1085.1392           1086.1160           1087.1261           1088.5118    
       1089.1206           1090.1145           1091.2184           1094.0415           1094.2865           1097.7791           1100.3772           1102.7501           1105.3917           1112.9996    
       1133.8533           1161.0948           1234.8453           1271.6088           1307.8934           1366.9749           1422.4683           1443.6508           1575.4932           1626.8625    
       1662.8496           1692.8414           1697.6854          0.99999998E+31      0.99999998E+31      0.99999998E+31      0.99999998E+31      0.99999998E+31      0.99999998E+31      0.99999998E+31
      0.99999998E+31      0.99999998E+31      0.99999998E+31      0.99999998E+31      0.99999998E+31      0.99999998E+31      0.99999998E+31      0.99999998E+31      0.99999998E+31      0.99999998E+31
      0.99999998E+31      0.99999998E+31      0.99999998E+31      0.99999998E+31      0.99999998E+31      0.99999998E+31      0.99999998E+31      0.99999998E+31      0.99999998E+31      0.99999998E+31
      0.99999998E+31      0.99999998E+31
      0.99999998E+31      0.99999998E+31      0.99999998E+31      0.99999998E+31      0.99999998E+31      0.99999998E+31      0.99999998E+31      0.99999998E+31      0.99999998E+31      0.99999998E+31
      0.99999998E+31      0.99999998E+31      0.99999998E+31      0.99999998E+31      0.99999998E+31      0.99999998E+31      0.99999998E+31      0.99999998E+31      0.99999998E+31      0.99999998E+31
      0.99999998E+31      0.99999998E+31      0.99999998E+31      0.99999998E+31      0.99999998E+31      0.99999998E+31      0.99999998E+31      0.99999998E+31      0.99999998E+31      0.99999998E+31
      0.99999998E+31       765.09973           764.61420          0.99999998E+31      0.99999998E+31       918.36993           909.94586           898.96240           888.60010           880.21155    
       874.32251           871.62927           870.92560           871.83844           874.48480           877.54016           880.99542           881.78662           880.61145           875.61725    
       871.91534           866.73883           859.68158           860.46735           855.81268           857.49658           856.98834           855.02527           851.00415           852.16187    
       852.93311           856.70044           859.87311           865.65692           867.67310           868.96875           867.90894           864.14972           861.05475           855.86365    
       845.98016           828.66223           819.71490           811.04974           806.14709           803.62109           801.18915           795.41278           789.29303           796.84985    
       802.36151           805.04987           801.48743           802.26910           800.95148           802.42627           804.68976           807.40826           813.51056           819.09863    
       824.14209           832.11200           836.79248           840.89563           844.95642           849.68628           853.64258           856.82861           860.21600           866.97119    
       872.46844           876.43365           879.27625           881.60785           883.42822           884.37091           884.73853           885.04431           885.22791           885.24768    
       885.27551           886.02728           887.19537           888.75977           891.03864           890.83801           889.31158           887.41003           889.91382           892.03961    
       891.82062           899.13074           905.15912           909.86536           919.33331           929.07159           938.46997           948.05957           958.74542           969.75189    
       979.45862           987.43799           994.87610           1002.2776           1009.7478           1018.9988           1026.3507           1033.3497           1044.9608           1054.7507    
       1062.7036           1068.7656           1074.9037           1078.4359           1081.1475           1082.3823           1083.8224           1084.0176           1083.7374           1082.9768    
       1082.3145           1083.4094           1087.2516           1087.8806           1084.3951           1080.8658           1079.4886           1079.5074           1078.5179           1079.8335    
       1080.8221           1081.5126           1082.2029           1083.2892           1084.3406           1085.1534           1085.9525           1086.7391           1087.4404           1088.5078    
       1089.3413           1090.2748           1091.3129           1094.0952           1093.5531           1097.4012           1100.6813           1104.7600           1104.2657           1109.5378    
       1117.4952           1132.6306           1158.8616           1179.5355           1200.6112           1229.3582           1280.2012           1330.9401           1373.0306           1481.1128    
       1542.1969           1584.2257           1586.3312           1556.9086          0.99999998E+31      0.99999998E+31      0.99999998E+31      0.99999998E+31      0.99999998E+31      0.99999998E+31
      0.99999998E+31      0.99999998E+31      0.99999998E+31      0.99999998E+31      0.99999998E+31      0.99999998E+31      0.99999998E+31      0.99999998E+31      0.99999998E+31      0.99999998E+31
      0.99999998E+31      0.99999998E+31      0.99999998E+31      0.99999998E+31      0.99999998E+31      0.99999998E+31      0.99999998E+31      0.99999998E+31      0.99999998E+31      0.99999998E+31
      0.99999998E+31      0.99999998E+31
      0.99999998E+31      0.99999998E+31      0.99999998E+31      0.99999998E+31      0.99999998E+31      0.99999998E+31      0.99999998E+31      0.99999998E+31      0.99999998E+31      0.99999998E+31
      0.99999998E+31      0.99999998E+31      0.99999998E+31      0.99999998E+31      0.99999998E+31      0.99999998E+31      0.99999998E+31      0.99999998E+31      0.99999998E+31      0.99999998E+31
      0.99999998E+31      0.99999998E+31      0.99999998E+31      0.99999998E+31      0.99999998E+31      0.99999998E+31      0.99999998E+31      0.99999998E+31      0.99999998E+31       766.38300    
       765.92151           765.01447           763.51929           760.66437           757.82153          0.99999998E+31       902.89783           893.47467           880.09430           872.03326    
       865.45441           862.38861           861.93158           863.43091           865.58545           868.59119           872.25885           873.11621           871.45099           867.84088    
       865.70911           861.73065           859.56104           858.13531           856.49152           854.26569           855.11340           853.14264           852.32080           851.56970    
       851.40179           852.00031           856.79626           864.07544           869.71582           871.96161           870.23865           867.41962           863.40247           855.74390    
       847.83386           838.09058           831.13165           816.71155           811.64246           808.26752           805.08441           800.78857           796.76868           797.49841    
       799.68103           800.19641           797.65540           797.34399           797.16797           798.32892           800.53467           804.93903           809.63635           815.07532    
       822.98407           829.02356           834.48303           840.05444           845.40021           850.82422           855.69635           859.94745           865.65717           872.84131    
       877.69080           880.87964           883.49365           885.54816           886.72473           887.27179           887.97943           888.89435           890.00128           890.81171    
       891.56604           893.05383           894.56140           894.91766           894.75024           894.27283           893.12573           893.07654           894.24536           896.16632    
       898.45319           903.13928           907.32288           913.76105           921.54352           930.00006           938.87646           948.19745           958.15967           969.07751    
       978.86371           986.77856           994.22406           1001.7817           1009.4089           1018.5089           1026.1576           1033.7272           1043.8564           1054.6682    
       1063.3502           1068.3989           1073.2410           1077.1213           1079.7456           1081.5107           1082.5233           1083.0024           1083.1143           1082.9583    
       1082.7642           1083.2593           1086.3817           1087.0997           1083.7665           1080.7434           1081.7960           1081.6788           1081.1196           1080.6926    
       1081.9786           1082.8285           1083.8187           1084.9370           1085.9475           1086.8838           1087.5897           1088.2034           1088.8718           1089.1768    
       1089.5692           1090.4072           1091.4371           1092.4908           1093.2866           1094.8040           1097.3494           1099.8229           1105.4332           1107.6421    
       1111.4672           1120.7883           1128.2107           1131.5739           1142.7003           1159.5762           1193.1990           1227.0784           1290.7590           1327.5902    
       1431.2882           1475.3422           1494.9033           1476.8455           1456.4606           1429.1217          0.99999998E+31      0.99999998E+31      0.99999998E+31      0.99999998E+31
      0.99999998E+31      0.99999998E+31      0.99999998E+31      0.99999998E+31      0.99999998E+31      0.99999998E+31      0.99999998E+31      0.99999998E+31      0.99999998E+31      0.99999998E+31
      0.99999998E+31      0.99999998E+31      0.99999998E+31      0.99999998E+31      0.99999998E+31      0.99999998E+31      0.99999998E+31      0.99999998E+31      0.99999998E+31      0.99999998E+31
      0.99999998E+31      0.99999998E+31
      0.99999998E+31      0.99999998E+31      0.99999998E+31      0.99999998E+31      0.99999998E+31      0.99999998E+31      0.99999998E+31      0.99999998E+31      0.99999998E+31      0.99999998E+31
      0.99999998E+31      0.99999998E+31      0.99999998E+31      0.99999998E+31      0.99999998E+31      0.99999998E+31      0.99999998E+31      0.99999998E+31      0.99999998E+31      0.99999998E+31
      0.99999998E+31      0.99999998E+31       749.63556           749.72339          0.99999998E+31      0.99999998E+31      0.99999998E+31      0.99999998E+31      0.99999998E+31       766.50159    
       766.05371           764.92419           762.71332           761.22858           757.43945          0.99999998E+31      0.99999998E+31      0.99999998E+31       874.70471           866.45532    
       856.11090           853.24823           852.85449           854.81372           857.80884           861.06616           865.01349           866.06219           864.41479           862.08020    
       858.63184           856.71436           856.44470           857.75757           856.92206           855.99561           855.43488           854.94812           853.41644           851.02222    
       850.62158           853.24664           857.94739           863.44995           867.39282           872.11359           868.41357           864.18176           856.03821           845.11658    
       836.19446           832.73621           824.64325           805.97784           809.61182           806.94293           803.73883           799.15924           796.39929           797.23047    
       797.04535           796.45172           794.98413           794.20490           793.80536           795.56427           798.53827           803.03967           807.56543           812.09241    
       818.34589           824.91095           831.84930           838.62781           845.04138           852.34344           858.49731           864.28876           870.46265           876.05109    
       880.64514           884.96832           888.71350           890.44354           890.91943           890.27954           891.91199           893.46918           896.15161           897.49152    
       898.07922           898.23254           898.29462           897.99005           897.13977           896.33453           895.48895           896.38965           898.13483           900.25195    
       903.00305           906.81195           911.00238           916.49158           923.88367           931.32654           940.02338           949.08606           958.73853           968.47937    
       977.71832           985.99561           993.72894           1001.4407           1009.3537           1017.6005           1025.4506           1036.0358           1045.7155           1055.2383    
       1062.6263           1067.1560           1071.6431           1076.0885           1078.7860           1080.8314           1081.8064           1082.1630           1082.0085           1082.5889    
       1082.7461           1084.1204           1086.0886           1086.7240           1085.0154           1083.9581           1084.2260           1083.8899           1083.3594           1083.1498    
       1083.4814           1084.0175           1085.1329           1086.3910           1087.4796           1088.2394           1089.1355           1089.5873           1090.4298           1091.0803    
       1091.3130           1091.2736           1091.6656           1092.7388           1093.6069           1094.5377           1096.2809           1098.2661           1100.0950           1103.9407    
       1105.7029           1107.0548           1112.3054           1116.8882           1122.6053           1130.8666           1148.1012           1170.0542           1193.5005           1244.5007    
       1257.0750           1357.9220           1402.8650           1416.3623           1401.2030           1335.0487           1281.1237          0.99999998E+31      0.99999998E+31      0.99999998E+31
      0.99999998E+31      0.99999998E+31      0.99999998E+31      0.99999998E+31      0.99999998E+31      0.99999998E+31      0.99999998E+31      0.99999998E+31      0.99999998E+31      0.99999998E+31
      0.99999998E+31      0.99999998E+31      0.99999998E+31      0.99999998E+31      0.99999998E+31      0.99999998E+31      0.99999998E+31      0.99999998E+31      0.99999998E+31      0.99999998E+31
      0.99999998E+31      0.99999998E+31
      0.99999998E+31      0.99999998E+31      0.99999998E+31      0.99999998E+31      0.99999998E+31      0.99999998E+31      0.99999998E+31      0.99999998E+31      0.99999998E+31      0.99999998E+31
      0.99999998E+31      0.99999998E+31      0.99999998E+31      0.99999998E+31      0.99999998E+31      0.99999998E+31      0.99999998E+31      0.99999998E+31      0.99999998E+31      0.99999998E+31
      0.99999998E+31      0.99999998E+31       724.21277           724.05493           723.58521           723.54956           723.54968          0.99999998E+31      0.99999998E+31      0.99999998E+31
       767.37683           765.70197           763.41290           758.03674           746.99677           738.22644           726.96643           741.04083          0.99999998E+31      0.99999998E+31
       843.76001           843.14392           843.86261           846.15350           849.79266           853.37988           858.37018           860.81592           858.26288           856.19482    
       853.70081           852.66663           852.57050           854.87378           855.61206           854.39948           854.92572           854.54285           852.94629           849.95837    
       846.40222           853.04413           857.85504           862.68884           867.31775           868.21118           860.18280           853.87341           844.42712           834.08069    
       825.30524           819.98401           819.59369           803.23163           802.50092           797.66553           797.14343           795.50281           795.30536           795.78333    
       795.79980           795.12201           792.95856           792.53748           790.30499           792.22589           796.11511           801.55005           805.70386           807.75903    
       814.77014           821.97919           829.63428           837.02148           846.59430           854.75323           861.50616           867.64673           873.55804           879.15784    
       884.06250           888.57990           891.65149           893.55389           894.45844           895.33331           896.01715           898.07135           899.95386           900.87744    
       900.70410           900.68311           900.44409           899.97083           899.28015           898.21948           895.77692           899.24176           901.45105           903.76331    
       906.66095           910.07428           914.18347           919.49854           926.35785           933.72748           941.73035           950.31964           959.26343           968.00916    
       977.00848           985.32269           993.52087           1001.6039           1009.6630           1017.3203           1026.1218           1037.2698           1046.8798           1055.2410    
       1061.6356           1066.9438           1071.9662           1075.7422           1077.7863           1079.4843           1081.2062           1081.7504           1080.6779           1082.6808    
       1082.8582           1084.4824           1086.0223           1086.7635           1086.3867           1086.2548           1086.6600           1086.1741           1085.3373           1084.8093    
       1084.7444           1084.7104           1086.1705           1087.4915           1088.6504           1089.4868           1090.1602           1090.8170           1091.3317           1091.8356    
       1093.1222           1094.5382           1097.7565           1099.6635           1097.6292           1098.2620           1095.3777           1096.5483           1097.7228           1098.3438    
       1101.8246           1100.7026           1104.9907           1109.9154           1114.7596           1120.0216           1126.9001           1138.5951           1154.6096           1175.2095    
       1189.5160           1199.7990           1312.7096           1337.6251           1321.5503           1232.9531           1232.1843           1274.7346          0.99999998E+31      0.99999998E+31
      0.99999998E+31      0.99999998E+31      0.99999998E+31      0.99999998E+31      0.99999998E+31      0.99999998E+31      0.99999998E+31      0.99999998E+31      0.99999998E+31      0.99999998E+31
      0.99999998E+31      0.99999998E+31      0.99999998E+31      0.99999998E+31      0.99999998E+31      0.99999998E+31      0.99999998E+31      0.99999998E+31      0.99999998E+31      0.99999998E+31
      0.99999998E+31      0.99999998E+31
      0.99999998E+31      0.99999998E+31      0.99999998E+31      0.99999998E+31      0.99999998E+31      0.99999998E+31      0.99999998E+31      0.99999998E+31      0.99999998E+31      0.99999998E+31
      0.99999998E+31      0.99999998E+31      0.99999998E+31      0.99999998E+31      0.99999998E+31      0.99999998E+31      0.99999998E+31      0.99999998E+31      0.99999998E+31      0.99999998E+31
      0.99999998E+31      0.99999998E+31       723.01715           722.86066           722.56311           722.49756           722.51801          0.99999998E+31      0.99999998E+31      0.99999998E+31
       767.87939           765.92200           761.56281           753.84210           746.98163           745.58832           745.91876           753.18799           761.44476          0.99999998E+31
       832.46271           831.71448           833.98413           836.45056           840.86975           844.60962           848.91095           854.43750           852.19373           850.69958    
       849.18536           846.97888           847.68726           850.09705           852.24384           852.63037           852.30145           851.45056           851.15533           845.96240    
       847.86780           851.57019           855.29218           859.15222           861.53278           855.61316           844.61987           837.55548           829.93164           811.06628    
       807.78021           803.81128           800.96002           797.74652           797.57739           796.58929           795.59766           795.43799           792.86908           794.37860    
       794.33844           794.78992           793.52661           791.41266           790.35468           791.83502           796.40851           798.97943           803.89709           809.72809    
       814.46936           822.80255           827.97382           840.45984           849.37067           857.28668           864.12531           870.54425           876.65472           882.50037    
       887.62915           891.25616           894.00928           895.85736           896.70221           898.39465           899.68567           900.85303           902.72430           903.48492    
       903.51068           903.18048           902.67792           901.99310           901.54559           901.07263           901.20544           903.04401           904.94354           907.18286    
       909.58801           912.61969           916.42859           921.61163           928.07782           935.28125           943.26575           951.61261           960.40289           968.39807    
       976.82959           984.97778           993.41132           1002.4188           1010.4456           1017.6277           1027.0132           1037.1490           1048.7966           1055.0979    
       1061.5000           1067.6750           1072.2186           1075.6547           1077.1475           1078.7133           1080.5612           1081.6359           1083.1250           1083.7920    
       1083.2996           1084.5757           1086.3108           1087.0564           1087.2291           1087.6965           1088.5898           1088.3909           1087.6835           1087.1147    
       1086.3669           1085.3643           1087.4247           1089.0311           1090.3605           1091.1218           1091.5959           1091.9745           1092.3860           1093.0359    
       1093.9586           1096.3073           1099.7363           1101.0123           1098.2383           1098.3644           1094.8719           1095.9962           1096.6390           1096.2581    
       1094.8131           1092.5826           1102.6328           1105.2111           1110.4159           1115.6566           1121.2194           1125.5815           1133.8916           1152.2682    
       1165.8221           1176.9608           1190.7369           1202.1437           1208.6876           1216.5448           1223.0518           1267.7878          0.99999998E+31      0.99999998E+31
      0.99999998E+31      0.99999998E+31      0.99999998E+31      0.99999998E+31      0.99999998E+31      0.99999998E+31      0.99999998E+31      0.99999998E+31      0.99999998E+31      0.99999998E+31
      0.99999998E+31      0.99999998E+31      0.99999998E+31      0.99999998E+31      0.99999998E+31      0.99999998E+31      0.99999998E+31      0.99999998E+31      0.99999998E+31      0.99999998E+31
      0.99999998E+31      0.99999998E+31
      0.99999998E+31      0.99999998E+31      0.99999998E+31      0.99999998E+31      0.99999998E+31      0.99999998E+31      0.99999998E+31      0.99999998E+31      0.99999998E+31      0.99999998E+31
      0.99999998E+31      0.99999998E+31      0.99999998E+31      0.99999998E+31      0.99999998E+31      0.99999998E+31      0.99999998E+31      0.99999998E+31      0.99999998E+31      0.99999998E+31
      0.99999998E+31      0.99999998E+31       722.03485           721.79639           721.34680           721.04559           720.39301           719.21198           718.54901          0.99999998E+31
      0.99999998E+31       764.50940           761.11011           753.40826           750.90472           752.12811           754.11206           759.94263           769.36847           782.76971    
       812.72290           819.73663           823.40906           826.22949           830.63275           834.49463           838.86829           845.51697           846.83038           845.77325    
       844.36365           842.47516           842.13934           841.64185           846.85980           848.11658           848.26617           848.36023           846.94611           844.45056    
       844.55499           846.82605           848.61200           850.78326           845.39520           825.26642           817.91528           815.27283           809.12408           807.33539    
       805.39594           801.96497           796.95343           795.26514           796.70795           796.00226           796.62549           796.30933           795.41113           795.60217    
       795.47656           795.11542           793.86871           792.60419           791.49359           791.41968           794.42676           798.94720           803.52771           809.42493    
       822.21014           827.04871           833.76862           846.94482           853.47168           859.79932           866.27069           874.49030           880.80121           886.88879    
       891.55981           894.79498           897.30774           899.13696           900.26910           901.02502           903.77002           905.34784           906.39838           906.57111    
       906.30072           905.66937           904.97430           903.62390           903.67761           903.17407           904.33563           905.99725           907.96033           909.98096    
       911.74719           914.38281           918.11096           924.07916           929.88202           937.14191           949.04248           962.55554           964.11963           969.05469    
       977.23657           985.35809           994.16418           1003.0082           1012.1673           1019.3190           1027.2880           1038.4672           1049.3745           1056.8779    
       1063.2817           1067.8474           1072.1458           1075.2996           1076.8361           1077.5198           1078.5848           1081.9735           1083.9502           1085.2032    
       1085.0623           1085.6398           1086.0978           1086.9131           1087.8003           1088.6223           1089.2496           1089.4487           1089.2637           1089.1194    
       1088.8721           1088.9478           1090.5240           1091.9827           1092.9215           1093.4293           1093.4276           1093.3854           1093.5802           1094.2578    
       1096.1060           1098.4570           1096.2856           1093.1880           1093.6943           1094.2451           1095.1846           1096.0704           1096.7369           1096.7993    
       1096.0558           1095.0526           1099.7764           1103.0272           1107.6616           1113.6074           1119.3119           1122.1046           1125.2397           1135.4797    
       1153.5525           1165.0367           1172.1013           1182.0200           1193.9393           1206.7614           1216.7517           1261.8810          0.99999998E+31      0.99999998E+31
      0.99999998E+31      0.99999998E+31      0.99999998E+31      0.99999998E+31      0.99999998E+31      0.99999998E+31      0.99999998E+31      0.99999998E+31      0.99999998E+31      0.99999998E+31
      0.99999998E+31      0.99999998E+31      0.99999998E+31      0.99999998E+31      0.99999998E+31      0.99999998E+31      0.99999998E+31      0.99999998E+31      0.99999998E+31      0.99999998E+31
      0.99999998E+31      0.99999998E+31
      0.99999998E+31      0.99999998E+31      0.99999998E+31      0.99999998E+31      0.99999998E+31      0.99999998E+31      0.99999998E+31      0.99999998E+31      0.99999998E+31      0.99999998E+31
      0.99999998E+31      0.99999998E+31      0.99999998E+31      0.99999998E+31      0.99999998E+31      0.99999998E+31      0.99999998E+31      0.99999998E+31      0.99999998E+31      0.99999998E+31
      0.99999998E+31      0.99999998E+31       721.13086           720.70801           720.06732           719.43109           718.54401           717.62042           719.25354          0.99999998E+31
      0.99999998E+31      0.99999998E+31      0.99999998E+31      0.99999998E+31       753.89081           754.94849           757.73413           761.83191           768.38989           777.14941    
       786.34546           808.00995           812.43585           816.01056           819.98608           822.43134           827.02386           837.14563           841.97534           841.18048    
       840.08136           838.59601           837.17847           840.23065           842.10809           839.90973           841.58856           840.07123           838.11084           836.49463    
       834.42310           832.34692           831.35339           825.13794           821.48798           813.78650           812.52722           810.60114           806.96906           807.55005    
       806.27948           803.17291           799.22443           796.47821           797.05176           797.18524           797.28113           797.04962           796.57190           796.22900    
       796.02313           795.29620           794.36389           793.26410           792.13257           791.13538          0.99999998E+31      0.99999998E+31      0.99999998E+31      0.99999998E+31
      0.99999998E+31      0.99999998E+31      0.99999998E+31       852.71313           855.96844           860.12677           867.83051           878.25293           885.96185           891.57935    
       896.74170           899.36206           901.47723           903.33722           905.00006           906.20422           907.90289           909.05695           909.75854           909.64227    
       909.30585           908.79443           908.21460           907.07312           906.75806           906.71680           907.40088           908.74640           910.48511           912.61865    
       914.17877           917.84583           923.65405           928.94098           933.64447           938.63458           958.86865           967.82947           967.99854           973.18561    
       978.56964           985.95660           995.00970           1004.8872           1013.3220           1021.0347           1029.6096           1040.2533           1050.4718           1059.2777    
       1064.8163           1068.6752           1072.1658           1074.7511           1077.1083           1078.1941           1078.6500           1081.2764           1083.9530           1086.2251    
       1086.0491           1086.6493           1086.9628           1087.6090           1088.4984           1089.3678           1090.1230           1090.6381           1090.8518           1091.1748    
       1091.7095           1092.4133           1093.7491           1095.5525           1096.4783           1095.8806           1095.4719           1094.9270           1094.8176           1095.1434    
       1096.4240           1098.3132           1096.6207           1092.9163           1093.5193           1094.5919           1095.5593           1096.4324           1097.1405           1097.6307    
       1097.8275           1097.9836           1099.6605           1103.3246           1107.2872           1112.8525           1118.3964           1121.1624           1123.2325           1128.7961    
       1141.3756           1149.8866           1158.7582           1169.5919           1202.4490           1229.1268           1248.2462           1291.6383          0.99999998E+31      0.99999998E+31
      0.99999998E+31      0.99999998E+31      0.99999998E+31      0.99999998E+31      0.99999998E+31      0.99999998E+31      0.99999998E+31      0.99999998E+31      0.99999998E+31      0.99999998E+31
      0.99999998E+31      0.99999998E+31      0.99999998E+31      0.99999998E+31      0.99999998E+31      0.99999998E+31      0.99999998E+31      0.99999998E+31      0.99999998E+31      0.99999998E+31
      0.99999998E+31      0.99999998E+31
      0.99999998E+31      0.99999998E+31      0.99999998E+31      0.99999998E+31      0.99999998E+31      0.99999998E+31      0.99999998E+31      0.99999998E+31      0.99999998E+31      0.99999998E+31
      0.99999998E+31      0.99999998E+31      0.99999998E+31      0.99999998E+31      0.99999998E+31      0.99999998E+31      0.99999998E+31      0.99999998E+31      0.99999998E+31      0.99999998E+31
      0.99999998E+31      0.99999998E+31       720.37964           719.78265           718.76642           718.90906           718.25037           720.22925           724.70349           725.08844    
       721.07373           715.45337           715.66840           715.88727          0.99999998E+31      0.99999998E+31       759.65143           761.43793           764.40009           769.89294    
       776.65259           783.29810           798.59540           805.26373           809.51123           807.80267           807.81708           825.12683           837.20276           837.47290    
       836.39685           834.70007           832.92889           834.26434           835.65173           832.51807           831.86963           825.23206           822.19672           821.87842    
       815.17438           808.32599           809.17889           816.14075           816.30023           814.35522           812.00476           810.21527           808.73749           808.55884    
       807.16772           804.45941           799.17603           793.13367           796.95020           797.13562           797.30798           797.64673           797.12231           796.53571    
       796.55072           795.89502           795.07751           794.79095          0.99999998E+31      0.99999998E+31      0.99999998E+31      0.99999998E+31      0.99999998E+31      0.99999998E+31
      0.99999998E+31      0.99999998E+31      0.99999998E+31      0.99999998E+31      0.99999998E+31      0.99999998E+31      0.99999998E+31      0.99999998E+31      0.99999998E+31      0.99999998E+31
       902.52875           903.88599           905.62665           907.46368           909.40247           911.13770           912.35040           913.09961           913.32141           913.16498    
       912.30768           911.72107           911.17328           909.93805           909.40643           909.46106           910.17126           911.49347           915.53882           921.93561    
       923.03998           925.08533           928.19104           933.45410           940.46826           939.98956           954.35614           963.81158           968.92236           974.02100    
       981.01636           985.67548           995.85339           1005.1382           1013.9283           1022.7433           1031.1681           1041.1647           1051.8462           1062.3956    
       1066.8602           1070.0110           1072.2969           1074.6963           1081.0236           1082.3644           1078.7358           1080.0513           1082.9598           1086.7352    
       1087.0920           1087.7147           1087.7509           1088.4696           1089.3685           1090.2574           1091.2935           1092.0458           1092.5833           1093.2677    
       1094.5616           1095.6429           1096.6282           1098.0803           1099.2726           1100.0623           1098.2238           1096.9685           1096.1086           1095.8126    
       1096.0605           1095.6216           1094.8616           1092.6758           1102.9071           1104.8162           1096.0414           1096.9432           1097.7782           1098.5751    
       1099.3322           1100.1310           1101.5565           1103.5159           1108.3619           1111.0721           1120.4557           1121.0033           1122.9026           1126.2412    
       1134.3524           1141.0079           1148.7316           1157.4420           1186.0132          0.99999998E+31      0.99999998E+31      0.99999998E+31      0.99999998E+31      0.99999998E+31
      0.99999998E+31      0.99999998E+31      0.99999998E+31      0.99999998E+31      0.99999998E+31      0.99999998E+31      0.99999998E+31      0.99999998E+31      0.99999998E+31      0.99999998E+31
      0.99999998E+31      0.99999998E+31      0.99999998E+31      0.99999998E+31      0.99999998E+31      0.99999998E+31      0.99999998E+31      0.99999998E+31      0.99999998E+31      0.99999998E+31
      0.99999998E+31      0.99999998E+31
      0.99999998E+31      0.99999998E+31      0.99999998E+31      0.99999998E+31      0.99999998E+31      0.99999998E+31      0.99999998E+31      0.99999998E+31      0.99999998E+31      0.99999998E+31
      0.99999998E+31      0.99999998E+31      0.99999998E+31      0.99999998E+31      0.99999998E+31      0.99999998E+31      0.99999998E+31      0.99999998E+31      0.99999998E+31      0.99999998E+31
      0.99999998E+31      0.99999998E+31       719.74860           718.70807           718.46143           724.65784           725.19025           724.67963           725.01221           724.56866    
       723.47266           723.27301           721.84991           723.16223           724.00342          0.99999998E+31      0.99999998E+31       760.07263           759.03156           762.16779    
       769.75665           774.49469           777.07721           781.61169           790.00574           794.77972           800.74579           819.35608           831.15881           834.91675    
       833.86432           830.78302           828.92639           827.35669           828.36151           822.57080           821.15021           817.84326           813.49036           814.84778    
       812.97321           810.24695           810.79913           813.95282           814.74774           813.35437           810.02942           809.55096           809.04993           808.81232    
       806.91180           805.11890           801.47101           800.44519           799.70227           798.93085           798.39905           798.39124           798.08801           797.97809    
       797.49835           796.88885          0.99999998E+31      0.99999998E+31      0.99999998E+31      0.99999998E+31      0.99999998E+31      0.99999998E+31      0.99999998E+31      0.99999998E+31
      0.99999998E+31      0.99999998E+31      0.99999998E+31      0.99999998E+31      0.99999998E+31      0.99999998E+31      0.99999998E+31      0.99999998E+31      0.99999998E+31      0.99999998E+31
       906.75720           909.22375           910.83630           912.51129           914.36749           915.71460           916.47766           916.81781           916.54156           915.97522    
       914.73773           914.41400           914.66278           914.48871           914.66577           914.77606           915.15729           917.17505           925.97748           929.43549    
       928.53162           928.83435           933.36938           938.08710           943.23334           941.35413           953.47906           962.61584           969.47772           974.99792    
       979.86218           984.26440          0.99999998E+31      0.99999998E+31      0.99999998E+31      0.99999998E+31      0.99999998E+31      0.99999998E+31      0.99999998E+31       1068.5596    
       1070.2024           1071.5624           1072.1017           1073.7190           1075.6543           1077.3417           1077.5284           1079.6460           1083.3641           1087.7382    
       1087.7634           1088.2689           1088.4630           1089.3777           1090.4404           1091.5986           1092.7915           1093.7692           1094.2476           1094.9824    
       1096.5747           1097.7368           1098.7788           1101.2539           1105.5176           1107.7084           1103.3468           1100.1383           1098.0349           1097.0020    
       1096.4843           1095.4563           1094.8201           1094.6593           1105.2172           1106.6182           1096.5948           1097.5126           1100.1298           1099.4684    
       1100.5228           1101.6716           1102.9091           1104.8450           1110.1678           1119.1449           1119.5707           1122.9487           1123.4513           1125.2069    
       1131.0442           1135.9484           1142.1388           1149.4695           1176.4309          0.99999998E+31      0.99999998E+31      0.99999998E+31      0.99999998E+31      0.99999998E+31
      0.99999998E+31      0.99999998E+31      0.99999998E+31      0.99999998E+31      0.99999998E+31      0.99999998E+31      0.99999998E+31      0.99999998E+31      0.99999998E+31      0.99999998E+31
      0.99999998E+31      0.99999998E+31      0.99999998E+31      0.99999998E+31      0.99999998E+31      0.99999998E+31      0.99999998E+31      0.99999998E+31      0.99999998E+31      0.99999998E+31
      0.99999998E+31      0.99999998E+31
      0.99999998E+31      0.99999998E+31      0.99999998E+31      0.99999998E+31      0.99999998E+31      0.99999998E+31      0.99999998E+31      0.99999998E+31      0.99999998E+31      0.99999998E+31
      0.99999998E+31      0.99999998E+31      0.99999998E+31      0.99999998E+31      0.99999998E+31      0.99999998E+31      0.99999998E+31      0.99999998E+31      0.99999998E+31      0.99999998E+31
      0.99999998E+31      0.99999998E+31       718.43414           717.69470           718.03497           723.82446           724.52356           724.17310           723.72632           723.13049    
       722.83850           722.24982           722.26849           723.82709           724.85608           726.21747           727.69379          0.99999998E+31       751.08112           754.25073    
       758.84430           769.89990           773.00031           774.30548           775.05835           778.99713           783.91071          0.99999998E+31      0.99999998E+31      0.99999998E+31
      0.99999998E+31       824.55939           823.32343           821.36719           821.75684           818.35669           817.15991           816.13019           814.29016           813.19226    
       811.07965           805.90851           807.33539           812.34344           813.96179           813.54138           811.75415           810.39227           809.15790           808.40802    
       807.24298           806.22137           803.96240           802.30994           800.99030           799.85760           799.31555           799.19275           799.07953           798.80438    
       798.54517          0.99999998E+31      0.99999998E+31      0.99999998E+31      0.99999998E+31      0.99999998E+31      0.99999998E+31      0.99999998E+31      0.99999998E+31      0.99999998E+31
      0.99999998E+31      0.99999998E+31      0.99999998E+31      0.99999998E+31      0.99999998E+31      0.99999998E+31      0.99999998E+31      0.99999998E+31      0.99999998E+31      0.99999998E+31
      0.99999998E+31       915.89056           916.75690           917.86481           919.04248           919.92944           920.20752           920.18634           919.23846           918.88031    
       918.71460           919.52576           923.00977           936.73114           941.05585           937.87878           932.88135           930.26355           927.93713           927.52808    
       927.35779           926.63507          0.99999998E+31      0.99999998E+31      0.99999998E+31      0.99999998E+31      0.99999998E+31      0.99999998E+31      0.99999998E+31      0.99999998E+31
      0.99999998E+31      0.99999998E+31      0.99999998E+31      0.99999998E+31      0.99999998E+31      0.99999998E+31      0.99999998E+31      0.99999998E+31       1076.1121           1072.4825    
       1074.2028           1075.0642           1074.4325           1073.8348           1072.7632           1075.1389           1077.4540           1079.4694           1082.7417           1085.9666    
       1087.6956           1088.5564           1089.1302           1090.2856           1092.2264           1093.8333           1094.8199           1096.2859           1096.4199           1096.6416    
       1097.8907           1098.8656           1099.9232           1102.5686           1107.0510           1112.9882           1111.9008           1104.3431           1101.1687           1098.8741    
       1096.9067           1096.5580           1096.1654           1096.2594           1096.2415           1096.1373           1097.0375           1098.0188           1099.0925           1100.2166    
       1101.4395           1102.7693           1103.9618           1106.8488           1111.9623           1120.2386           1147.5651           1124.1722           1123.9281           1124.9065    
       1128.9854           1132.7570           1137.7726           1144.5156           1154.6053           1227.4147           1420.1346           1249.8882           1190.6205          0.99999998E+31
      0.99999998E+31      0.99999998E+31      0.99999998E+31      0.99999998E+31      0.99999998E+31      0.99999998E+31      0.99999998E+31      0.99999998E+31      0.99999998E+31      0.99999998E+31
      0.99999998E+31      0.99999998E+31      0.99999998E+31      0.99999998E+31      0.99999998E+31      0.99999998E+31      0.99999998E+31      0.99999998E+31      0.99999998E+31      0.99999998E+31
      0.99999998E+31      0.99999998E+31
      0.99999998E+31      0.99999998E+31      0.99999998E+31      0.99999998E+31      0.99999998E+31      0.99999998E+31      0.99999998E+31      0.99999998E+31      0.99999998E+31      0.99999998E+31
      0.99999998E+31      0.99999998E+31      0.99999998E+31      0.99999998E+31      0.99999998E+31      0.99999998E+31      0.99999998E+31      0.99999998E+31      0.99999998E+31      0.99999998E+31
      0.99999998E+31      0.99999998E+31       717.67822           716.87994           717.39062           722.13446           722.85229           722.61627           722.11151           721.57147    
       721.14410           722.86432           722.58234           722.65479           724.40454           726.37775           729.24579           734.19489           741.61658           746.21924    
       750.55969           756.52173           770.17255           770.60168           767.44531           768.02765           769.62592          0.99999998E+31      0.99999998E+31      0.99999998E+31
      0.99999998E+31       818.01086           817.60352           816.63470           815.65942           815.35852           814.40778           814.02362           812.80884           810.57428    
       809.90009           809.76788           811.22998           812.97614           813.94958           813.78693           812.60059           809.90417           808.81116           807.92957    
       806.93677           805.78021           804.32471           803.01624           801.87677           800.78967           800.19897           799.86310           799.70361           799.62225    
       799.72363          0.99999998E+31      0.99999998E+31      0.99999998E+31      0.99999998E+31      0.99999998E+31      0.99999998E+31      0.99999998E+31      0.99999998E+31      0.99999998E+31
      0.99999998E+31      0.99999998E+31      0.99999998E+31      0.99999998E+31      0.99999998E+31      0.99999998E+31      0.99999998E+31      0.99999998E+31      0.99999998E+31      0.99999998E+31
      0.99999998E+31       921.00348           921.78436           922.81317           923.85913           924.53107           924.08942           924.15021           923.77472           924.83289    
       932.15070           937.41064           943.45801           949.54156           952.65015           949.64294           941.28021           937.08917          0.99999998E+31      0.99999998E+31
      0.99999998E+31      0.99999998E+31      0.99999998E+31      0.99999998E+31      0.99999998E+31      0.99999998E+31      0.99999998E+31      0.99999998E+31      0.99999998E+31      0.99999998E+31
      0.99999998E+31      0.99999998E+31      0.99999998E+31      0.99999998E+31      0.99999998E+31      0.99999998E+31      0.99999998E+31      0.99999998E+31       1078.1550           1077.7345    
       1076.9741           1077.1947           1076.9863           1075.7694           1074.3378           1077.3250           1080.2502           1082.7321           1085.0879           1087.3575    
       1088.5754           1089.4548           1090.0331           1091.0691           1093.0261           1093.6810           1097.2865           1101.8693           1099.4983           1098.3413    
       1099.3395           1100.0808           1101.0591           1102.6295           1106.3662           1112.1160           1111.6587           1105.7354           1102.0334           1098.8698    
       1097.8344           1097.8282           1097.1492           1097.4705           1096.9342           1099.4948           1097.5303           1098.5002           1099.6080           1100.8070    
       1102.1912           1103.7024           1105.0624           1108.7430           1111.8949           1119.7271           1140.9194           1124.2168           1124.1469           1124.5308    
       1127.5359           1130.6016           1134.5854           1139.9756           1148.2876           1163.1862           1204.5624           1184.1509           1185.9236           1190.5834    
       1195.0002           1198.6248          0.99999998E+31      0.99999998E+31      0.99999998E+31      0.99999998E+31      0.99999998E+31      0.99999998E+31      0.99999998E+31      0.99999998E+31
      0.99999998E+31      0.99999998E+31      0.99999998E+31      0.99999998E+31      0.99999998E+31      0.99999998E+31      0.99999998E+31      0.99999998E+31      0.99999998E+31      0.99999998E+31
      0.99999998E+31      0.99999998E+31
      0.99999998E+31      0.99999998E+31      0.99999998E+31      0.99999998E+31      0.99999998E+31      0.99999998E+31      0.99999998E+31      0.99999998E+31      0.99999998E+31      0.99999998E+31
      0.99999998E+31      0.99999998E+31      0.99999998E+31      0.99999998E+31      0.99999998E+31      0.99999998E+31      0.99999998E+31      0.99999998E+31      0.99999998E+31      0.99999998E+31
      0.99999998E+31      0.99999998E+31       717.23682           716.19586           716.51917           720.55890           721.19171           721.13599           720.94080           720.33569    
       721.82068           721.43488           721.18280           721.68378           724.62903           725.10083           728.04089           731.53656           735.83014           739.37048    
       742.39520           744.61237          0.99999998E+31      0.99999998E+31       758.23254           758.97424           759.33337          0.99999998E+31      0.99999998E+31      0.99999998E+31
      0.99999998E+31       811.27167           811.33032           811.26758           810.32782           811.47290           809.69385           811.53546           811.05554           810.29523    
       810.76404           810.46564           810.56317           809.94208           809.96472           810.17938           809.85260           809.15552           808.36481           807.56982    
       806.81323           805.85968           804.53735           803.55487           802.79938           801.89392           801.09460           800.59308           800.30170           800.45129    
       800.71826          0.99999998E+31      0.99999998E+31      0.99999998E+31      0.99999998E+31      0.99999998E+31      0.99999998E+31      0.99999998E+31      0.99999998E+31      0.99999998E+31
      0.99999998E+31      0.99999998E+31      0.99999998E+31      0.99999998E+31      0.99999998E+31      0.99999998E+31      0.99999998E+31      0.99999998E+31      0.99999998E+31      0.99999998E+31
      0.99999998E+31       924.82318           926.24939           927.60590           928.92688           930.19061           931.62872           933.48218           935.78729           938.78143    
       943.76123           948.64612           953.42334           957.78119           959.94196           959.66266          0.99999998E+31      0.99999998E+31      0.99999998E+31      0.99999998E+31
      0.99999998E+31      0.99999998E+31      0.99999998E+31      0.99999998E+31      0.99999998E+31      0.99999998E+31      0.99999998E+31      0.99999998E+31      0.99999998E+31      0.99999998E+31
      0.99999998E+31      0.99999998E+31      0.99999998E+31      0.99999998E+31      0.99999998E+31       1088.1382           1097.2683           1092.9581           1082.7135           1080.5121    
       1079.4257           1079.5320           1079.6122           1079.6017           1080.3186           1081.9022           1083.7581           1086.5646           1089.0878           1090.3082    
       1090.0334           1090.4656           1091.1268           1092.4445           1094.2297           1096.2491           1099.7115           1100.2101           1099.4371           1098.9413    
       1099.6926           1100.2914           1101.4546           1102.2202           1102.7487           1104.7676           1104.9025           1103.3053           1100.9760           1098.9113    
       1098.6422           1098.7083           1097.5614           1097.4792           1097.0776           1097.6354           1097.6938           1098.9562           1100.0046           1100.6819    
       1102.8134           1104.5613           1106.4510           1108.8080           1110.6539           1116.2151           1119.4004           1122.0985           1122.8228           1123.5652    
       1126.5199           1129.2633           1132.5614           1136.7064           1142.5114           1153.2654           1168.2050           1175.1771           1180.9751           1187.2078    
       1193.9108           1201.5590           1213.5533           1223.8126           1257.5431           1266.0262          0.99999998E+31      0.99999998E+31      0.99999998E+31      0.99999998E+31
      0.99999998E+31      0.99999998E+31      0.99999998E+31      0.99999998E+31      0.99999998E+31      0.99999998E+31      0.99999998E+31      0.99999998E+31      0.99999998E+31      0.99999998E+31
      0.99999998E+31      0.99999998E+31
      0.99999998E+31      0.99999998E+31      0.99999998E+31      0.99999998E+31      0.99999998E+31      0.99999998E+31      0.99999998E+31      0.99999998E+31      0.99999998E+31      0.99999998E+31
      0.99999998E+31      0.99999998E+31      0.99999998E+31      0.99999998E+31      0.99999998E+31      0.99999998E+31      0.99999998E+31      0.99999998E+31      0.99999998E+31      0.99999998E+31
      0.99999998E+31      0.99999998E+31       717.61688           718.47675           718.78638           719.51361           719.75598           719.60138           719.34064           719.49011    
       720.86365           720.72113           720.68823           721.07013           722.86920           724.84784           725.97150           728.39478           731.37073           733.98932    
       736.06512           737.73279           741.59332           743.91730           748.75610           749.47559           751.63281          0.99999998E+31      0.99999998E+31      0.99999998E+31
      0.99999998E+31       803.12390           804.41833           805.55792           805.65723           808.63843           809.30511           810.01917           809.58716           809.04865    
       808.60223           807.45837           807.57532           807.80994           808.28387           808.67139           808.99628           809.16974          0.99999998E+31      0.99999998E+31
      0.99999998E+31      0.99999998E+31      0.99999998E+31      0.99999998E+31       803.07312           802.95288           802.20978           801.44324           800.04828           801.42072    
       801.60059          0.99999998E+31      0.99999998E+31      0.99999998E+31      0.99999998E+31      0.99999998E+31      0.99999998E+31      0.99999998E+31      0.99999998E+31      0.99999998E+31
      0.99999998E+31      0.99999998E+31      0.99999998E+31      0.99999998E+31      0.99999998E+31      0.99999998E+31      0.99999998E+31      0.99999998E+31      0.99999998E+31      0.99999998E+31
      0.99999998E+31       928.10181           929.74127           931.81183           933.93890           936.36774           939.89722           942.45660           945.66034           948.27271    
       952.51703           956.52557           960.87036           964.19891           966.40808           967.56903          0.99999998E+31      0.99999998E+31      0.99999998E+31      0.99999998E+31
      0.99999998E+31      0.99999998E+31      0.99999998E+31      0.99999998E+31      0.99999998E+31      0.99999998E+31      0.99999998E+31      0.99999998E+31      0.99999998E+31      0.99999998E+31
      0.99999998E+31      0.99999998E+31      0.99999998E+31      0.99999998E+31      0.99999998E+31       1087.7192           1097.4734           1093.2474           1084.6227           1082.4077    
       1082.3102           1081.9938           1082.2153           1082.5322           1083.8395           1085.0121           1086.3895           1088.7388           1091.0287           1091.8125    
       1091.2955           1091.6129           1092.3788           1093.7184           1095.5775           1097.5107           1100.1136           1099.3448           1098.9177           1098.9548    
       1100.0931           1099.9244           1100.4165           1100.6006           1099.7985           1100.0010           1101.4087           1102.5347           1100.8877           1098.3856    
       1098.7068           1098.4365           1097.4662           1097.1842           1097.1991           1097.4625           1097.6096           1099.4120           1100.6241           1101.9011    
       1103.6206           1105.4081           1107.2227           1109.3369           1111.4495           1114.0142           1116.6307           1119.4056           1122.5872           1123.3304    
       1126.1858           1128.6938           1131.8148           1135.5063           1140.4611           1148.0702           1158.7919           1168.3002           1176.1952           1184.2733    
       1192.9844           1202.2889           1212.5377           1222.8313           1231.6375           1262.1423          0.99999998E+31      0.99999998E+31      0.99999998E+31      0.99999998E+31
      0.99999998E+31      0.99999998E+31      0.99999998E+31      0.99999998E+31      0.99999998E+31      0.99999998E+31      0.99999998E+31      0.99999998E+31      0.99999998E+31      0.99999998E+31
      0.99999998E+31      0.99999998E+31
      0.99999998E+31      0.99999998E+31      0.99999998E+31      0.99999998E+31      0.99999998E+31      0.99999998E+31      0.99999998E+31      0.99999998E+31      0.99999998E+31      0.99999998E+31
      0.99999998E+31      0.99999998E+31      0.99999998E+31      0.99999998E+31      0.99999998E+31      0.99999998E+31      0.99999998E+31      0.99999998E+31      0.99999998E+31      0.99999998E+31
      0.99999998E+31      0.99999998E+31      0.99999998E+31       717.45984           717.63062           718.35284           718.53009           718.42053           718.24390           719.12476    
       720.27289           719.64203           720.06378           720.67908           720.15265           721.97803           723.82874           726.00122           728.11957           729.91608    
       731.50476           734.21423           737.85046           739.66364           740.22089           738.85187           744.77551           746.97198          0.99999998E+31       776.89276    
       785.83081           792.25067           797.01984           799.47046           801.58264           803.75415           804.28070           804.89465           805.07550           805.19434    
       805.34924           805.54059           806.36200           807.22668           807.85059           808.32410          0.99999998E+31      0.99999998E+31      0.99999998E+31      0.99999998E+31
      0.99999998E+31      0.99999998E+31      0.99999998E+31      0.99999998E+31      0.99999998E+31       802.94507           803.05231           802.29120           801.75616           802.14874    
       802.43671          0.99999998E+31      0.99999998E+31      0.99999998E+31      0.99999998E+31      0.99999998E+31      0.99999998E+31      0.99999998E+31      0.99999998E+31      0.99999998E+31
      0.99999998E+31      0.99999998E+31      0.99999998E+31      0.99999998E+31      0.99999998E+31      0.99999998E+31      0.99999998E+31      0.99999998E+31      0.99999998E+31      0.99999998E+31
      0.99999998E+31       930.93341           933.16327           935.42499           938.20990           941.09467           944.25696           947.34857           950.97516           954.94098    
       959.84149           962.49323           966.10791           969.32886           971.73883           973.53754          0.99999998E+31      0.99999998E+31      0.99999998E+31      0.99999998E+31
      0.99999998E+31      0.99999998E+31      0.99999998E+31      0.99999998E+31      0.99999998E+31      0.99999998E+31      0.99999998E+31      0.99999998E+31      0.99999998E+31      0.99999998E+31
      0.99999998E+31      0.99999998E+31      0.99999998E+31      0.99999998E+31      0.99999998E+31       1087.1296           1086.7463           1086.6748           1084.6378           1084.5601    
       1084.4603           1084.3494           1084.6471           1085.2249           1085.7478           1086.4795           1087.5204           1089.0442           1090.7350           1091.6487    
       1091.9880           1092.6722           1093.6632           1095.0221           1097.3563           1098.4427           1099.4302           1098.4340           1098.3763           1099.1339    
       1098.9028           1098.8442           1098.6897           1098.4381           1097.8000           1097.6788           1098.4244           1104.3403           1104.6893           1097.3268    
       1097.5300           1097.4668           1096.9308           1096.8925           1097.0404           1097.4773           1097.5085           1097.7902           1101.1150           1102.5802    
       1104.2637           1106.1591           1107.8627           1109.8152           1111.9229           1114.1819           1116.5762           1119.0106           1121.5677           1124.6572    
       1125.9575           1128.1992           1131.1765           1135.7128           1140.4238           1146.8197           1154.9868           1163.7675           1172.4352           1181.3424    
       1191.0138           1201.4639           1212.5795           1223.5626           1233.6719           1242.2566           1275.2368           1283.1376          0.99999998E+31      0.99999998E+31
      0.99999998E+31      0.99999998E+31      0.99999998E+31      0.99999998E+31      0.99999998E+31      0.99999998E+31      0.99999998E+31      0.99999998E+31      0.99999998E+31      0.99999998E+31
      0.99999998E+31      0.99999998E+31
      0.99999998E+31      0.99999998E+31      0.99999998E+31      0.99999998E+31      0.99999998E+31      0.99999998E+31      0.99999998E+31      0.99999998E+31      0.99999998E+31      0.99999998E+31
      0.99999998E+31      0.99999998E+31      0.99999998E+31      0.99999998E+31      0.99999998E+31      0.99999998E+31      0.99999998E+31      0.99999998E+31      0.99999998E+31      0.99999998E+31
      0.99999998E+31      0.99999998E+31      0.99999998E+31       715.31036           714.05573           717.45129           717.34711           717.31085           717.18951           717.31323    
       718.57800           719.19922           719.63629           719.58826           717.20679           720.52673           722.76648           724.06244           725.49408           726.66620    
       728.01984           733.13623           735.54993           737.55206           738.89954           740.32678           743.64886           746.79797           756.94202           767.87036    
       774.67108           782.99384           788.18994           791.42773           794.92365           798.47675           800.91925           803.00177           803.45288           803.79346    
       804.20911           804.74170           805.81732           806.82025           807.48138          0.99999998E+31      0.99999998E+31      0.99999998E+31      0.99999998E+31      0.99999998E+31
      0.99999998E+31      0.99999998E+31      0.99999998E+31      0.99999998E+31      0.99999998E+31       803.40894           803.06433           802.63068           802.62396           802.85730    
       803.04932          0.99999998E+31      0.99999998E+31      0.99999998E+31      0.99999998E+31      0.99999998E+31      0.99999998E+31      0.99999998E+31      0.99999998E+31      0.99999998E+31
      0.99999998E+31      0.99999998E+31      0.99999998E+31      0.99999998E+31      0.99999998E+31      0.99999998E+31      0.99999998E+31      0.99999998E+31      0.99999998E+31      0.99999998E+31
      0.99999998E+31      0.99999998E+31       937.68866           938.96881           941.94971           945.09943           948.28864           951.62549           955.16193           959.37885    
       962.67737           966.08826           969.85193           973.28931           975.92719           977.56329          0.99999998E+31      0.99999998E+31      0.99999998E+31      0.99999998E+31
      0.99999998E+31      0.99999998E+31      0.99999998E+31      0.99999998E+31      0.99999998E+31      0.99999998E+31      0.99999998E+31      0.99999998E+31      0.99999998E+31      0.99999998E+31
      0.99999998E+31      0.99999998E+31      0.99999998E+31      0.99999998E+31      0.99999998E+31       1086.9335           1086.6479           1087.4417           1085.8339           1086.2972    
       1085.9753           1086.1697           1086.5104           1086.9193           1087.3546           1088.0077           1088.9978           1090.3878           1091.6625           1092.7382    
       1093.1262           1094.0638           1095.1365           1096.1958           1097.2021           1098.4199           1098.2458           1097.7513           1096.6355           1099.0603    
       1099.8677           1099.1339           1097.6918           1096.7263           1096.6390           1096.4712           1096.7659           1093.6998           1098.4565           1094.9520    
       1095.2249           1096.3099           1096.5024           1096.5933           1096.7557           1097.0115           1097.1986           1097.2739           1101.4670           1103.0126    
       1104.7671           1106.9207           1108.3530           1110.1715           1112.2657           1114.4773           1116.7762           1119.1769           1121.7035           1125.3596    
       1126.6897           1129.1573           1132.0588           1135.4326           1139.5378           1145.9860           1153.9192           1161.6887           1170.0485           1179.1134    
       1189.0619           1200.0988           1211.9961           1223.8729           1234.9082           1244.6261           1252.4117           1284.8026          0.99999998E+31      0.99999998E+31
      0.99999998E+31      0.99999998E+31      0.99999998E+31      0.99999998E+31      0.99999998E+31      0.99999998E+31      0.99999998E+31      0.99999998E+31      0.99999998E+31      0.99999998E+31
      0.99999998E+31      0.99999998E+31
      0.99999998E+31      0.99999998E+31      0.99999998E+31      0.99999998E+31      0.99999998E+31      0.99999998E+31      0.99999998E+31      0.99999998E+31      0.99999998E+31      0.99999998E+31
      0.99999998E+31      0.99999998E+31      0.99999998E+31      0.99999998E+31      0.99999998E+31      0.99999998E+31      0.99999998E+31      0.99999998E+31      0.99999998E+31      0.99999998E+31
      0.99999998E+31      0.99999998E+31      0.99999998E+31      0.99999998E+31       713.79419           713.63751           715.91656           716.11255           716.02118           716.06995    
       716.53668           717.83966           719.00739           720.40405           721.13000           722.57806           723.12708           722.97729           723.27631           723.80438    
       727.23560           729.33344           734.14832           735.58478           737.13733           739.39062           742.65826           747.03418           753.76160           762.91296    
       770.17395           777.04004           782.39594           787.78687           791.17816           797.40997          0.99999998E+31       803.21234           803.47968           803.80139    
       804.17554           804.52344          0.99999998E+31      0.99999998E+31      0.99999998E+31      0.99999998E+31      0.99999998E+31      0.99999998E+31      0.99999998E+31      0.99999998E+31
      0.99999998E+31      0.99999998E+31      0.99999998E+31      0.99999998E+31      0.99999998E+31      0.99999998E+31      0.99999998E+31      0.99999998E+31      0.99999998E+31      0.99999998E+31
      0.99999998E+31      0.99999998E+31      0.99999998E+31      0.99999998E+31      0.99999998E+31      0.99999998E+31      0.99999998E+31      0.99999998E+31      0.99999998E+31      0.99999998E+31
      0.99999998E+31      0.99999998E+31      0.99999998E+31      0.99999998E+31      0.99999998E+31      0.99999998E+31      0.99999998E+31      0.99999998E+31      0.99999998E+31      0.99999998E+31
      0.99999998E+31      0.99999998E+31       940.88550           942.50085           945.61719           948.78827           952.08167           955.49286           958.77649           962.33948    
       965.80463           969.43195           973.03992           976.62512           979.85645           982.82843           987.56671           990.52332          0.99999998E+31      0.99999998E+31
      0.99999998E+31      0.99999998E+31      0.99999998E+31      0.99999998E+31      0.99999998E+31      0.99999998E+31      0.99999998E+31      0.99999998E+31      0.99999998E+31      0.99999998E+31
      0.99999998E+31      0.99999998E+31      0.99999998E+31      0.99999998E+31      0.99999998E+31       1086.9474           1086.8719           1087.0415           1087.6365           1087.2908    
       1087.3392           1087.5065           1087.7440           1088.0836           1088.6648           1089.4082           1090.4637           1091.7098           1093.4893           1094.8911    
       1095.1523           1095.9884           1097.1150           1097.8955           1098.0836           1098.3572           1098.3138           1098.1835           1098.3636           1099.8544    
       1104.0522           1104.1941           1097.3380           1095.5928           1095.4559           1095.1829           1094.2703           1092.9348           1093.6088           1094.2244    
       1096.3528           1100.1975           1096.3202           1096.3890           1096.5304           1096.7655           1097.0966           1097.4739           1101.7615           1103.2699    
       1104.9233           1106.7446           1108.4893           1110.3976           1112.5240           1114.7991           1117.1453           1119.5979           1122.1938           1125.8773    
       1127.9092           1130.3375           1133.2222           1136.5939           1140.8430           1146.0858           1152.2570           1159.6613           1169.0452           1177.7880    
       1187.5743           1198.3816           1210.9303           1223.5824           1235.5737           1246.4484           1255.3075           1262.5837           1297.6589           1302.1539    
      0.99999998E+31      0.99999998E+31      0.99999998E+31      0.99999998E+31      0.99999998E+31      0.99999998E+31      0.99999998E+31      0.99999998E+31      0.99999998E+31      0.99999998E+31
      0.99999998E+31      0.99999998E+31
      0.99999998E+31      0.99999998E+31      0.99999998E+31      0.99999998E+31      0.99999998E+31      0.99999998E+31      0.99999998E+31      0.99999998E+31      0.99999998E+31      0.99999998E+31
      0.99999998E+31      0.99999998E+31      0.99999998E+31      0.99999998E+31      0.99999998E+31      0.99999998E+31      0.99999998E+31      0.99999998E+31      0.99999998E+31      0.99999998E+31
      0.99999998E+31      0.99999998E+31      0.99999998E+31      0.99999998E+31      0.99999998E+31       713.20905           713.47961           715.11310           715.00946           714.96039    
       715.34210           715.98383           718.00861           720.09143           720.97510           721.98895           722.63666           722.71069           722.80054           722.79327    
       722.82678           726.61554           730.23224           732.65179           734.56659           736.96741           740.07025           744.26703           749.22986           759.90637    
       768.14301           775.24097           779.53357          0.99999998E+31      0.99999998E+31      0.99999998E+31      0.99999998E+31      0.99999998E+31       803.56519           803.86719    
       804.20087           804.53735          0.99999998E+31      0.99999998E+31      0.99999998E+31      0.99999998E+31      0.99999998E+31      0.99999998E+31      0.99999998E+31      0.99999998E+31
      0.99999998E+31      0.99999998E+31      0.99999998E+31      0.99999998E+31      0.99999998E+31      0.99999998E+31      0.99999998E+31      0.99999998E+31      0.99999998E+31      0.99999998E+31
      0.99999998E+31      0.99999998E+31      0.99999998E+31      0.99999998E+31      0.99999998E+31      0.99999998E+31      0.99999998E+31      0.99999998E+31      0.99999998E+31      0.99999998E+31
      0.99999998E+31      0.99999998E+31      0.99999998E+31      0.99999998E+31      0.99999998E+31      0.99999998E+31      0.99999998E+31      0.99999998E+31      0.99999998E+31      0.99999998E+31
      0.99999998E+31      0.99999998E+31       943.21265           944.78552           947.83337           952.30475           956.08728           959.13629           962.28589           965.73883    
       969.22949           972.83423           976.43689           979.90271           983.44293           986.87927           990.43561           993.22949          0.99999998E+31      0.99999998E+31
      0.99999998E+31      0.99999998E+31      0.99999998E+31      0.99999998E+31      0.99999998E+31      0.99999998E+31      0.99999998E+31      0.99999998E+31      0.99999998E+31      0.99999998E+31
      0.99999998E+31      0.99999998E+31      0.99999998E+31      0.99999998E+31      0.99999998E+31      0.99999998E+31       1087.6201           1087.9343           1088.1478           1088.3082    
       1088.5021           1088.8062           1089.0033           1089.2394           1089.6083           1090.7926           1092.0177           1093.3674           1095.1093           1096.5372    
       1097.2979           1098.0214           1099.0372           1099.5216           1099.3342           1099.1522           1098.9763           1098.6584           1099.1857           1100.4321    
       1104.6237           1106.4833           1097.3873           1094.2823           1094.5541           1094.4679           1094.2329           1093.2004           1093.5885           1095.3206    
       1100.3693           1096.3854           1096.1415           1096.1526           1096.2949           1096.5669           1097.0409           1100.1888           1101.9536           1103.3928    
       1104.9794           1106.7240           1108.5581           1110.5422           1112.7395           1115.1249           1117.5725           1120.1378           1122.8536           1125.7944    
       1130.2448           1131.7201           1134.8267           1138.2825           1142.3467           1147.5105           1153.3049           1159.6903           1166.8409           1177.2908    
       1186.7589           1197.5135           1209.6211           1222.6605           1235.5969           1247.5911           1257.9166           1266.4381           1273.5690           1302.8826    
      0.99999998E+31      0.99999998E+31      0.99999998E+31      0.99999998E+31      0.99999998E+31      0.99999998E+31      0.99999998E+31      0.99999998E+31      0.99999998E+31      0.99999998E+31
      0.99999998E+31      0.99999998E+31
      0.99999998E+31      0.99999998E+31      0.99999998E+31      0.99999998E+31      0.99999998E+31      0.99999998E+31      0.99999998E+31      0.99999998E+31      0.99999998E+31      0.99999998E+31
      0.99999998E+31      0.99999998E+31      0.99999998E+31      0.99999998E+31      0.99999998E+31      0.99999998E+31      0.99999998E+31      0.99999998E+31      0.99999998E+31      0.99999998E+31
      0.99999998E+31      0.99999998E+31      0.99999998E+31      0.99999998E+31      0.99999998E+31       713.32721           713.20856           713.15588           714.71075           714.50879    
       714.58539           714.99969           716.33466           719.28473           720.62512           721.27258           721.77460           722.39148           722.42279           721.68243    
       721.17804           721.44226           724.99426           728.28180           730.52191           733.08936           736.21399           739.76416           743.10217           753.77502    
       765.64307          0.99999998E+31      0.99999998E+31      0.99999998E+31      0.99999998E+31      0.99999998E+31      0.99999998E+31      0.99999998E+31      0.99999998E+31      0.99999998E+31
      0.99999998E+31      0.99999998E+31      0.99999998E+31      0.99999998E+31      0.99999998E+31      0.99999998E+31      0.99999998E+31      0.99999998E+31      0.99999998E+31      0.99999998E+31
      0.99999998E+31      0.99999998E+31      0.99999998E+31      0.99999998E+31      0.99999998E+31      0.99999998E+31      0.99999998E+31      0.99999998E+31      0.99999998E+31      0.99999998E+31
      0.99999998E+31      0.99999998E+31      0.99999998E+31      0.99999998E+31      0.99999998E+31      0.99999998E+31      0.99999998E+31      0.99999998E+31      0.99999998E+31      0.99999998E+31
      0.99999998E+31      0.99999998E+31      0.99999998E+31      0.99999998E+31      0.99999998E+31      0.99999998E+31      0.99999998E+31      0.99999998E+31      0.99999998E+31      0.99999998E+31
      0.99999998E+31      0.99999998E+31      0.99999998E+31      0.99999998E+31      0.99999998E+31      0.99999998E+31       961.25104           963.41815           966.17468           969.35034    
       972.85907           976.36908           979.83032           983.33960           987.22736           990.64673           994.43890           998.25928          0.99999998E+31      0.99999998E+31
      0.99999998E+31      0.99999998E+31      0.99999998E+31       1047.5607           1049.0057           1050.0649          0.99999998E+31      0.99999998E+31      0.99999998E+31      0.99999998E+31
      0.99999998E+31      0.99999998E+31      0.99999998E+31      0.99999998E+31      0.99999998E+31       1105.8478           1088.4679           1088.2671           1088.6482           1089.1237    
       1089.5044           1089.8770           1090.2745           1090.6978           1091.3004           1092.3314           1093.6475           1095.1310           1096.5488           1098.2300    
       1098.9268           1099.7822           1100.7935           1101.1921           1100.9412           1100.5537           1100.1946           1098.4495           1099.8263           1100.8787    
       1102.7032           1102.3508           1098.6556           1094.5183           1094.6021           1094.5957           1094.4928           1094.2028           1100.0084           1102.0770    
       1102.3301           1096.0129           1095.9468           1095.9690           1096.1158           1096.4420           1097.9397           1100.7336           1102.0428           1103.4293    
       1104.9666           1106.6791           1108.5894           1110.6654           1112.9102           1115.4272           1118.0165           1120.7152           1123.6578           1126.8107    
       1131.7167           1133.3558           1136.7136           1140.3816           1144.4497           1149.1034           1154.5634           1160.6022           1167.2041           1175.2290    
       1186.3497           1196.7094           1208.4169           1221.2880           1234.9474           1248.2533           1260.4642           1270.6432           1278.3878           1306.8861    
      0.99999998E+31      0.99999998E+31      0.99999998E+31      0.99999998E+31      0.99999998E+31      0.99999998E+31      0.99999998E+31      0.99999998E+31      0.99999998E+31      0.99999998E+31
      0.99999998E+31      0.99999998E+31
      0.99999998E+31      0.99999998E+31      0.99999998E+31      0.99999998E+31      0.99999998E+31      0.99999998E+31      0.99999998E+31      0.99999998E+31      0.99999998E+31      0.99999998E+31
      0.99999998E+31      0.99999998E+31      0.99999998E+31      0.99999998E+31      0.99999998E+31      0.99999998E+31      0.99999998E+31      0.99999998E+31      0.99999998E+31      0.99999998E+31
      0.99999998E+31      0.99999998E+31      0.99999998E+31      0.99999998E+31      0.99999998E+31      0.99999998E+31       713.43018           713.28284           713.13562           713.02130    
       714.46539           714.53632           714.85791           716.46350           719.22418           719.97968           720.64233           720.57745           721.68909           720.04279    
       719.29956           719.10309           721.21069           723.44464           725.74988           728.57953           731.52643           734.63049           737.83026           747.18488    
      0.99999998E+31      0.99999998E+31      0.99999998E+31      0.99999998E+31      0.99999998E+31      0.99999998E+31      0.99999998E+31      0.99999998E+31      0.99999998E+31      0.99999998E+31
      0.99999998E+31      0.99999998E+31      0.99999998E+31      0.99999998E+31      0.99999998E+31      0.99999998E+31      0.99999998E+31      0.99999998E+31      0.99999998E+31      0.99999998E+31
      0.99999998E+31      0.99999998E+31      0.99999998E+31      0.99999998E+31      0.99999998E+31      0.99999998E+31      0.99999998E+31      0.99999998E+31      0.99999998E+31      0.99999998E+31
      0.99999998E+31      0.99999998E+31      0.99999998E+31      0.99999998E+31      0.99999998E+31      0.99999998E+31      0.99999998E+31      0.99999998E+31      0.99999998E+31      0.99999998E+31
      0.99999998E+31      0.99999998E+31      0.99999998E+31      0.99999998E+31      0.99999998E+31      0.99999998E+31      0.99999998E+31      0.99999998E+31      0.99999998E+31      0.99999998E+31
      0.99999998E+31      0.99999998E+31      0.99999998E+31      0.99999998E+31      0.99999998E+31      0.99999998E+31       967.68146           968.73615           970.94012           973.98785    
       977.36829           980.44434           983.69427           987.11694           990.55597           993.67615           998.94653           1004.7034           1015.3754           1023.9434    
       1031.5865           1037.4338           1042.5699           1046.9391           1049.8079           1051.9252          0.99999998E+31      0.99999998E+31      0.99999998E+31      0.99999998E+31
      0.99999998E+31      0.99999998E+31      0.99999998E+31      0.99999998E+31      0.99999998E+31       1086.6927           1086.7955           1087.7422           1088.7981           1089.7314    
       1090.4337           1090.9717           1091.5063           1091.9543           1092.6613           1093.7460           1095.1044           1096.7389           1098.1315           1099.4255    
       1100.3954           1101.2993           1102.3024           1102.7030           1102.5824           1102.5388           1102.8588           1102.6119           1102.0752           1102.1597    
       1103.6661           1103.5292           1100.8911           1096.8636           1095.0011           1095.0271           1094.9235           1094.7914           1094.1447           1096.6482    
       1095.2480           1095.3435           1095.9253           1095.8646           1095.9767           1098.3796           1099.4788           1100.6591           1102.0353           1103.3794    
       1104.8794           1106.5803           1108.5356           1110.7471           1113.0985           1115.6664           1118.4181           1121.3167           1124.4280           1127.8706    
       1133.3965           1135.2277           1138.8838           1142.7522           1146.8762           1151.3256           1156.2526           1161.8213           1168.0479           1175.0370    
       1185.1621           1196.0670           1207.2900           1219.8934           1233.8229           1248.2620           1262.4673           1275.6478           1285.5608           1314.6581    
      0.99999998E+31      0.99999998E+31      0.99999998E+31      0.99999998E+31      0.99999998E+31      0.99999998E+31      0.99999998E+31      0.99999998E+31      0.99999998E+31      0.99999998E+31
      0.99999998E+31      0.99999998E+31
      0.99999998E+31      0.99999998E+31      0.99999998E+31      0.99999998E+31      0.99999998E+31      0.99999998E+31      0.99999998E+31      0.99999998E+31      0.99999998E+31      0.99999998E+31
      0.99999998E+31      0.99999998E+31      0.99999998E+31      0.99999998E+31      0.99999998E+31      0.99999998E+31      0.99999998E+31      0.99999998E+31      0.99999998E+31      0.99999998E+31
      0.99999998E+31      0.99999998E+31      0.99999998E+31      0.99999998E+31      0.99999998E+31      0.99999998E+31       713.63794           713.54608           713.36084           713.14197    
       713.01276           714.22876           713.29272           714.59601           715.23822           714.53467           714.21100           713.68188           712.83466           716.34662    
       716.84668           715.70721           716.69110           718.73401           720.58191           723.41467           726.30768           729.71729           734.26044          0.99999998E+31
      0.99999998E+31      0.99999998E+31      0.99999998E+31      0.99999998E+31      0.99999998E+31      0.99999998E+31      0.99999998E+31      0.99999998E+31      0.99999998E+31      0.99999998E+31
      0.99999998E+31      0.99999998E+31      0.99999998E+31      0.99999998E+31      0.99999998E+31      0.99999998E+31      0.99999998E+31      0.99999998E+31      0.99999998E+31      0.99999998E+31
      0.99999998E+31      0.99999998E+31      0.99999998E+31      0.99999998E+31      0.99999998E+31      0.99999998E+31      0.99999998E+31      0.99999998E+31      0.99999998E+31      0.99999998E+31
      0.99999998E+31      0.99999998E+31      0.99999998E+31      0.99999998E+31      0.99999998E+31      0.99999998E+31      0.99999998E+31      0.99999998E+31      0.99999998E+31      0.99999998E+31
      0.99999998E+31      0.99999998E+31      0.99999998E+31      0.99999998E+31      0.99999998E+31      0.99999998E+31      0.99999998E+31      0.99999998E+31      0.99999998E+31      0.99999998E+31
      0.99999998E+31      0.99999998E+31      0.99999998E+31      0.99999998E+31      0.99999998E+31      0.99999998E+31       970.41870           973.66949           975.56635           978.61774    
       981.52747           984.59955           987.58148           990.79138           993.89490           997.96344           1003.0854           1009.1649           1016.9681           1024.6172    
       1032.6404           1039.1388           1044.4304           1048.1659           1051.8682           1054.6665           1057.1973          0.99999998E+31       1067.8058           1069.8188    
       1072.1750           1074.2010           1076.3440           1078.0204           1079.4590           1083.2141           1085.5240           1087.1667           1088.9736           1090.5031    
       1091.5488           1092.3813           1093.0920           1093.1780           1093.8329           1095.0269           1096.3350           1098.3070           1099.8501           1101.2803    
       1102.3013           1102.8953           1103.5692           1104.0243           1104.1713           1104.2426           1104.3906           1104.5338           1104.5461           1105.2479    
       1105.9568           1106.8519           1101.6354           1098.7587           1095.8541           1095.9091           1095.4919           1095.3127           1094.8542           1095.0929    
       1094.8258           1094.6741           1094.4130           1096.0024           1100.2340           1100.4227           1110.1946           1111.0070           1117.4216           1104.2371    
       1106.0510           1107.1438           1108.4272           1110.7823           1113.2214           1115.8777           1118.7598           1121.8601           1125.1534           1128.9320    
       1133.7455           1138.6842           1141.3798           1145.4586           1149.6367           1153.9738           1158.5422           1163.5425           1169.1544           1175.6387    
       1183.8574           1195.5199           1206.1233           1218.2324           1231.9779           1247.3234           1263.8988           1280.8062           1296.9708           1329.6813    
      0.99999998E+31      0.99999998E+31      0.99999998E+31      0.99999998E+31      0.99999998E+31      0.99999998E+31      0.99999998E+31      0.99999998E+31      0.99999998E+31      0.99999998E+31
      0.99999998E+31      0.99999998E+31
      0.99999998E+31      0.99999998E+31      0.99999998E+31      0.99999998E+31      0.99999998E+31      0.99999998E+31      0.99999998E+31      0.99999998E+31      0.99999998E+31      0.99999998E+31
      0.99999998E+31      0.99999998E+31      0.99999998E+31      0.99999998E+31      0.99999998E+31      0.99999998E+31      0.99999998E+31      0.99999998E+31      0.99999998E+31      0.99999998E+31
      0.99999998E+31      0.99999998E+31      0.99999998E+31      0.99999998E+31      0.99999998E+31      0.99999998E+31      0.99999998E+31       713.77478           713.57819           713.29675    
       712.94574           712.60834           712.18549           712.86316           712.93182           712.74078           711.70929           710.33093           708.81866           707.79352    
       711.77429           711.82794           711.70203           713.11853           714.65582           716.92535           720.19012           724.92999          0.99999998E+31      0.99999998E+31
      0.99999998E+31      0.99999998E+31      0.99999998E+31      0.99999998E+31      0.99999998E+31      0.99999998E+31      0.99999998E+31      0.99999998E+31      0.99999998E+31      0.99999998E+31
      0.99999998E+31      0.99999998E+31      0.99999998E+31      0.99999998E+31      0.99999998E+31      0.99999998E+31      0.99999998E+31      0.99999998E+31      0.99999998E+31      0.99999998E+31
      0.99999998E+31      0.99999998E+31      0.99999998E+31      0.99999998E+31      0.99999998E+31      0.99999998E+31      0.99999998E+31      0.99999998E+31      0.99999998E+31      0.99999998E+31
      0.99999998E+31      0.99999998E+31      0.99999998E+31      0.99999998E+31      0.99999998E+31      0.99999998E+31      0.99999998E+31      0.99999998E+31      0.99999998E+31      0.99999998E+31
      0.99999998E+31      0.99999998E+31      0.99999998E+31      0.99999998E+31      0.99999998E+31      0.99999998E+31      0.99999998E+31      0.99999998E+31      0.99999998E+31      0.99999998E+31
      0.99999998E+31      0.99999998E+31      0.99999998E+31      0.99999998E+31      0.99999998E+31      0.99999998E+31      0.99999998E+31      0.99999998E+31       979.89020           982.55194    
       985.55560           988.46411           991.38904           994.61127           997.95605           1001.8350           1006.0684           1011.9477           1018.3781           1024.9573    
       1031.7058           1038.3761           1044.8472           1049.9740           1053.9211           1057.1327           1059.7069           1062.8922           1065.8096           1069.5874    
       1072.6250           1074.9084           1076.5858           1077.9358           1080.1591           1082.0062           1084.8986           1087.6207           1089.9803           1091.8042    
       1093.0155           1094.1288           1095.5458           1096.3622           1096.3602           1096.3170           1098.3306           1100.3073           1101.8311           1103.3020    
       1104.4220           1105.4812           1105.7141           1106.0026           1106.2454           1106.3242           1106.4540           1106.8564           1107.2653           1108.1863    
       1109.4813           1110.8528           1107.9153           1103.2761           1098.7159           1099.4303           1098.4751           1095.6967           1097.5360           1095.2207    
       1094.8363           1094.1562           1093.8729           1098.0319           1098.1130           1100.5453           1098.9803           1101.6486           1103.3783           1104.1819    
       1107.0934           1107.5090           1108.2295           1110.8866           1113.2831           1115.9808           1118.9885           1122.2330           1125.6688           1129.9733    
       1134.7227           1141.7332           1144.2426           1148.6287           1152.8906           1157.1012           1161.3068           1165.7047           1170.6232           1176.5518    
       1183.6383           1193.3046           1204.7883           1216.1929           1229.5428           1245.3048           1263.9326           1285.0239           1309.6779           1342.7092    
       1410.3884           1450.7938          0.99999998E+31      0.99999998E+31      0.99999998E+31      0.99999998E+31      0.99999998E+31      0.99999998E+31      0.99999998E+31      0.99999998E+31
      0.99999998E+31      0.99999998E+31
      0.99999998E+31      0.99999998E+31      0.99999998E+31      0.99999998E+31      0.99999998E+31      0.99999998E+31      0.99999998E+31      0.99999998E+31      0.99999998E+31      0.99999998E+31
      0.99999998E+31      0.99999998E+31      0.99999998E+31      0.99999998E+31      0.99999998E+31      0.99999998E+31      0.99999998E+31      0.99999998E+31      0.99999998E+31      0.99999998E+31
      0.99999998E+31      0.99999998E+31      0.99999998E+31      0.99999998E+31      0.99999998E+31      0.99999998E+31      0.99999998E+31      0.99999998E+31      0.99999998E+31      0.99999998E+31
      0.99999998E+31       712.38556           711.93683           711.41528           710.70300           710.59155           709.36456           707.62756           705.16455           702.76910    
       706.26788           707.66284           707.11707           707.00977           707.81030           709.39026           711.47809          0.99999998E+31      0.99999998E+31      0.99999998E+31
      0.99999998E+31      0.99999998E+31      0.99999998E+31      0.99999998E+31      0.99999998E+31      0.99999998E+31      0.99999998E+31      0.99999998E+31      0.99999998E+31      0.99999998E+31
      0.99999998E+31      0.99999998E+31      0.99999998E+31      0.99999998E+31      0.99999998E+31      0.99999998E+31      0.99999998E+31      0.99999998E+31      0.99999998E+31      0.99999998E+31
      0.99999998E+31      0.99999998E+31      0.99999998E+31      0.99999998E+31      0.99999998E+31      0.99999998E+31      0.99999998E+31      0.99999998E+31      0.99999998E+31      0.99999998E+31
      0.99999998E+31      0.99999998E+31      0.99999998E+31      0.99999998E+31      0.99999998E+31      0.99999998E+31      0.99999998E+31      0.99999998E+31      0.99999998E+31      0.99999998E+31
      0.99999998E+31      0.99999998E+31      0.99999998E+31      0.99999998E+31      0.99999998E+31      0.99999998E+31      0.99999998E+31      0.99999998E+31      0.99999998E+31      0.99999998E+31
      0.99999998E+31      0.99999998E+31      0.99999998E+31      0.99999998E+31      0.99999998E+31      0.99999998E+31      0.99999998E+31      0.99999998E+31      0.99999998E+31       986.60614    
       989.91656           992.67590           995.17761           998.31146           1001.6907           1005.3770           1009.4227           1013.9230           1019.5406           1025.2926    
       1031.1204           1037.1552           1043.0265           1048.8641           1054.2384           1058.4286           1061.5176           1063.5011           1063.3428           1069.8835    
       1073.6572           1076.1466           1077.0161           1077.7946           1080.8158           1083.4003           1086.0560           1088.5348           1091.5651           1093.8274    
       1094.6233           1096.0619           1098.2054           1099.7982           1099.4565           1099.6600           1100.4945           1102.5542           1103.7180           1105.7186    
       1106.7958           1107.4137           1107.3334           1108.3647           1109.3134           1108.8240           1109.3516           1109.9187           1110.4586           1111.0670    
       1112.3611           1113.3748           1112.8981           1108.3462           1110.5908           1104.8490           1106.0601           1104.1399           1097.6890           1095.8853    
       1094.8923           1094.1749           1094.9584           1096.8583           1097.2472           1098.4948           1098.4685           1098.9807           1101.1750           1103.2288    
       1106.6274           1108.1447           1109.9846           1111.2784           1113.1071           1115.9468           1119.0691           1122.3763           1125.3665           1131.0269    
       1136.6208           1144.5138           1147.6707           1152.4392           1156.7816           1160.7996           1164.5087           1168.2203           1172.3986           1177.6117    
       1183.7788           1191.4941           1203.1765           1213.6537           1226.2130           1241.6332           1260.7954           1284.2170           1312.1819           1346.9283    
       1390.6111           1444.5763          0.99999998E+31      0.99999998E+31      0.99999998E+31      0.99999998E+31      0.99999998E+31      0.99999998E+31      0.99999998E+31      0.99999998E+31
      0.99999998E+31      0.99999998E+31
      0.99999998E+31      0.99999998E+31      0.99999998E+31      0.99999998E+31      0.99999998E+31      0.99999998E+31      0.99999998E+31      0.99999998E+31      0.99999998E+31      0.99999998E+31
      0.99999998E+31      0.99999998E+31      0.99999998E+31      0.99999998E+31      0.99999998E+31      0.99999998E+31      0.99999998E+31      0.99999998E+31      0.99999998E+31      0.99999998E+31
      0.99999998E+31      0.99999998E+31      0.99999998E+31      0.99999998E+31      0.99999998E+31      0.99999998E+31      0.99999998E+31      0.99999998E+31      0.99999998E+31      0.99999998E+31
      0.99999998E+31      0.99999998E+31      0.99999998E+31       710.85248           710.19031           709.51874           707.75629           705.09137           702.18280           699.02136    
       696.21533           702.88678           702.29993           701.50464           700.95966           701.43433           702.94940          0.99999998E+31      0.99999998E+31      0.99999998E+31
      0.99999998E+31      0.99999998E+31      0.99999998E+31      0.99999998E+31      0.99999998E+31      0.99999998E+31      0.99999998E+31      0.99999998E+31      0.99999998E+31      0.99999998E+31
      0.99999998E+31      0.99999998E+31      0.99999998E+31      0.99999998E+31      0.99999998E+31      0.99999998E+31      0.99999998E+31      0.99999998E+31      0.99999998E+31      0.99999998E+31
      0.99999998E+31      0.99999998E+31      0.99999998E+31      0.99999998E+31      0.99999998E+31      0.99999998E+31      0.99999998E+31      0.99999998E+31      0.99999998E+31      0.99999998E+31
      0.99999998E+31      0.99999998E+31      0.99999998E+31      0.99999998E+31      0.99999998E+31      0.99999998E+31      0.99999998E+31      0.99999998E+31      0.99999998E+31      0.99999998E+31
      0.99999998E+31      0.99999998E+31      0.99999998E+31      0.99999998E+31      0.99999998E+31      0.99999998E+31      0.99999998E+31      0.99999998E+31      0.99999998E+31      0.99999998E+31
      0.99999998E+31      0.99999998E+31      0.99999998E+31      0.99999998E+31      0.99999998E+31      0.99999998E+31      0.99999998E+31      0.99999998E+31      0.99999998E+31      0.99999998E+31
       995.16010           996.15765           998.81726           1001.8685           1005.2444           1008.8120           1012.5251           1016.4556           1020.8396           1026.2345    
       1031.0220           1036.4327           1041.7675           1047.0691           1052.2567           1056.9968           1060.7557           1063.8445           1066.4723           1070.4614    
       1073.7251           1076.1296           1077.6558           1079.4011           1081.8253           1084.4020           1086.7699           1089.1063           1091.6311           1094.1565    
       1095.7262           1097.7264           1100.4500           1102.8031           1102.7438           1103.5416           1103.9703           1107.0272           1108.6138           1109.6967    
       1110.5626           1111.0349           1111.4452           1112.3201           1111.9644           1113.5035           1113.0536           1113.5333           1114.1901           1114.6841    
       1116.7312           1117.8264           1116.8719           1120.2612           1127.2773           1109.1469           1111.3348           1112.5680           1101.2170           1095.9761    
       1095.8469           1094.1251           1094.6125           1095.1222           1096.2668           1095.1084           1098.4900           1099.8124           1101.4487           1102.4542    
       1104.6620           1107.1371           1109.2958           1112.1339           1115.5006           1117.4799           1119.0574           1123.3175           1130.1143           1132.3950    
       1139.0569           1147.9451           1151.9121           1157.1190           1161.4598           1165.0952           1168.2349           1171.2499           1174.5493           1178.7244    
       1183.7985           1190.2878           1200.2217           1210.7209           1222.1821           1236.5282           1254.9395           1278.2428           1306.8920           1340.2100    
       1380.0054           1432.3589          0.99999998E+31      0.99999998E+31      0.99999998E+31      0.99999998E+31      0.99999998E+31      0.99999998E+31      0.99999998E+31      0.99999998E+31
      0.99999998E+31      0.99999998E+31
      0.99999998E+31      0.99999998E+31      0.99999998E+31      0.99999998E+31      0.99999998E+31      0.99999998E+31      0.99999998E+31      0.99999998E+31      0.99999998E+31      0.99999998E+31
      0.99999998E+31      0.99999998E+31      0.99999998E+31      0.99999998E+31      0.99999998E+31      0.99999998E+31      0.99999998E+31      0.99999998E+31      0.99999998E+31      0.99999998E+31
      0.99999998E+31      0.99999998E+31      0.99999998E+31      0.99999998E+31      0.99999998E+31      0.99999998E+31      0.99999998E+31      0.99999998E+31      0.99999998E+31      0.99999998E+31
      0.99999998E+31      0.99999998E+31      0.99999998E+31      0.99999998E+31      0.99999998E+31       707.89221           705.65515           703.57782           699.47693           695.42010    
       691.63116           687.66010           697.15735           695.86713           692.96033           692.00122           693.35022          0.99999998E+31      0.99999998E+31      0.99999998E+31
      0.99999998E+31      0.99999998E+31      0.99999998E+31      0.99999998E+31      0.99999998E+31      0.99999998E+31      0.99999998E+31      0.99999998E+31      0.99999998E+31      0.99999998E+31
      0.99999998E+31      0.99999998E+31      0.99999998E+31      0.99999998E+31      0.99999998E+31      0.99999998E+31      0.99999998E+31      0.99999998E+31      0.99999998E+31      0.99999998E+31
      0.99999998E+31      0.99999998E+31      0.99999998E+31      0.99999998E+31      0.99999998E+31      0.99999998E+31      0.99999998E+31      0.99999998E+31      0.99999998E+31      0.99999998E+31
      0.99999998E+31      0.99999998E+31      0.99999998E+31      0.99999998E+31      0.99999998E+31      0.99999998E+31      0.99999998E+31      0.99999998E+31      0.99999998E+31      0.99999998E+31
      0.99999998E+31      0.99999998E+31      0.99999998E+31      0.99999998E+31      0.99999998E+31      0.99999998E+31      0.99999998E+31      0.99999998E+31      0.99999998E+31      0.99999998E+31
      0.99999998E+31      0.99999998E+31      0.99999998E+31      0.99999998E+31      0.99999998E+31      0.99999998E+31      0.99999998E+31      0.99999998E+31      0.99999998E+31      0.99999998E+31
       997.01086           999.01184           1002.3958           1005.5311           1008.8092           1011.9706           1015.1531           1019.0699           1023.1255           1026.6823    
       1030.5569           1036.0114           1041.2234           1046.1909           1050.9703           1055.1974           1059.1721           1062.9102           1066.2574           1069.7222    
       1072.8588           1075.6387           1077.9744           1080.1965           1082.6348           1085.1429           1087.4150           1089.6711           1092.1807           1094.5339    
       1096.6434           1098.9242           1101.6688           1104.6930           1106.1256           1108.0122           1110.7434           1117.9113           1120.1113           1115.9844    
       1116.6207           1116.5791           1115.9369           1115.7915           1115.8042           1116.1431           1116.5720           1117.0138           1117.5190           1118.3203    
       1120.2260           1121.6394           1121.3600           1123.0264           1120.4609           1115.2513           1116.2998           1121.0398           1121.0679           1115.5681    
       1104.5255           1093.9861           1094.8695           1095.4478           1096.2847           1097.6157           1098.0988           1099.4259           1100.9009           1102.0782    
       1102.9248           1105.2307           1108.7360           1111.1193           1114.4336           1116.1107           1118.7340           1123.0380           1129.6067           1132.5215    
       1141.9463           1151.3175           1158.3459           1162.9495           1167.1060           1170.1564           1172.5328           1174.7200           1177.1158           1180.1875    
       1184.0896           1189.2511           1198.0846           1207.6156           1217.8353           1230.6699           1248.2072           1269.4850           1295.2870           1325.0802    
       1360.6450           1399.9698           1440.6396          0.99999998E+31      0.99999998E+31      0.99999998E+31      0.99999998E+31      0.99999998E+31      0.99999998E+31      0.99999998E+31
      0.99999998E+31      0.99999998E+31
      0.99999998E+31      0.99999998E+31      0.99999998E+31      0.99999998E+31      0.99999998E+31      0.99999998E+31      0.99999998E+31      0.99999998E+31      0.99999998E+31      0.99999998E+31
      0.99999998E+31      0.99999998E+31      0.99999998E+31      0.99999998E+31      0.99999998E+31      0.99999998E+31      0.99999998E+31      0.99999998E+31      0.99999998E+31      0.99999998E+31
      0.99999998E+31      0.99999998E+31      0.99999998E+31      0.99999998E+31      0.99999998E+31      0.99999998E+31      0.99999998E+31      0.99999998E+31      0.99999998E+31      0.99999998E+31
      0.99999998E+31      0.99999998E+31      0.99999998E+31      0.99999998E+31      0.99999998E+31       705.53882           703.30261           701.19104           697.28162           692.97327    
       688.47040           679.85156           677.09192           689.18890           683.36786           681.21704           683.04034          0.99999998E+31      0.99999998E+31      0.99999998E+31
      0.99999998E+31      0.99999998E+31      0.99999998E+31      0.99999998E+31      0.99999998E+31      0.99999998E+31      0.99999998E+31      0.99999998E+31      0.99999998E+31      0.99999998E+31
      0.99999998E+31      0.99999998E+31      0.99999998E+31      0.99999998E+31      0.99999998E+31      0.99999998E+31      0.99999998E+31      0.99999998E+31      0.99999998E+31      0.99999998E+31
      0.99999998E+31      0.99999998E+31      0.99999998E+31      0.99999998E+31      0.99999998E+31      0.99999998E+31      0.99999998E+31      0.99999998E+31      0.99999998E+31      0.99999998E+31
      0.99999998E+31      0.99999998E+31      0.99999998E+31      0.99999998E+31      0.99999998E+31      0.99999998E+31      0.99999998E+31      0.99999998E+31      0.99999998E+31      0.99999998E+31
      0.99999998E+31      0.99999998E+31      0.99999998E+31      0.99999998E+31      0.99999998E+31      0.99999998E+31      0.99999998E+31      0.99999998E+31      0.99999998E+31      0.99999998E+31
      0.99999998E+31      0.99999998E+31      0.99999998E+31      0.99999998E+31      0.99999998E+31      0.99999998E+31      0.99999998E+31      0.99999998E+31      0.99999998E+31      0.99999998E+31
      0.99999998E+31      0.99999998E+31       1006.4722           1009.3960           1012.6471           1015.4893           1018.3470           1021.4036           1024.7148           1028.2250    
       1031.6073           1035.4342           1040.7765           1046.0311           1051.0547           1054.7172           1058.7876           1062.7024           1066.0999           1069.4937    
       1072.6342           1075.6611           1078.4142           1080.9529           1083.3712           1085.6929           1088.0055           1090.2920           1092.8588           1095.2900    
       1097.6592           1100.1147           1102.7649           1105.5360           1108.0463           1110.0511           1114.1737           1115.3317           1120.3638           1121.6343    
       1122.6425           1121.8722           1120.5759           1119.4854           1119.3378           1119.8883           1120.3162           1120.9133           1121.2408           1122.2937    
       1123.8976           1125.7074           1126.5248           1126.2952           1124.8445           1122.1068           1126.4409           1141.2676           1138.8654           1116.1702    
       1111.6379           1102.7012           1094.2754           1094.5222           1095.1838           1096.7288           1097.3613           1097.8523           1100.6356           1102.1804    
       1103.8184           1105.5243           1107.6724           1110.2107           1112.3462           1112.6166           1118.2844           1120.8873           1130.0846           1137.7773    
       1146.6770           1155.3695           1166.5101           1170.2089           1173.9154           1176.0690           1177.4089           1178.5564           1179.9713           1182.0532    
       1184.9438           1188.8456           1195.9926           1204.4907           1214.5117           1225.5356           1239.6588           1257.0253           1280.0490           1307.1661    
       1339.0664           1375.8022           1422.2766           1446.9962           1454.7775           1454.2239           1454.5566           1454.6659           1457.2424           1474.3600    
       1486.3766          0.99999998E+31
      0.99999998E+31      0.99999998E+31      0.99999998E+31      0.99999998E+31      0.99999998E+31      0.99999998E+31      0.99999998E+31      0.99999998E+31      0.99999998E+31      0.99999998E+31
      0.99999998E+31      0.99999998E+31      0.99999998E+31      0.99999998E+31      0.99999998E+31      0.99999998E+31      0.99999998E+31      0.99999998E+31      0.99999998E+31      0.99999998E+31
      0.99999998E+31      0.99999998E+31      0.99999998E+31      0.99999998E+31      0.99999998E+31      0.99999998E+31      0.99999998E+31      0.99999998E+31      0.99999998E+31      0.99999998E+31
      0.99999998E+31      0.99999998E+31      0.99999998E+31      0.99999998E+31      0.99999998E+31      0.99999998E+31       701.82306           698.71954           696.02100           691.07068    
       682.60834           673.91437           663.71753           646.25134           676.64899           664.85944           667.85431          0.99999998E+31      0.99999998E+31      0.99999998E+31
      0.99999998E+31      0.99999998E+31      0.99999998E+31      0.99999998E+31      0.99999998E+31      0.99999998E+31      0.99999998E+31      0.99999998E+31      0.99999998E+31      0.99999998E+31
      0.99999998E+31      0.99999998E+31      0.99999998E+31      0.99999998E+31      0.99999998E+31      0.99999998E+31      0.99999998E+31      0.99999998E+31      0.99999998E+31      0.99999998E+31
      0.99999998E+31      0.99999998E+31      0.99999998E+31      0.99999998E+31      0.99999998E+31      0.99999998E+31      0.99999998E+31      0.99999998E+31      0.99999998E+31      0.99999998E+31
      0.99999998E+31      0.99999998E+31      0.99999998E+31      0.99999998E+31      0.99999998E+31      0.99999998E+31      0.99999998E+31      0.99999998E+31      0.99999998E+31      0.99999998E+31
      0.99999998E+31      0.99999998E+31      0.99999998E+31      0.99999998E+31      0.99999998E+31      0.99999998E+31      0.99999998E+31      0.99999998E+31      0.99999998E+31      0.99999998E+31
      0.99999998E+31      0.99999998E+31      0.99999998E+31      0.99999998E+31      0.99999998E+31      0.99999998E+31      0.99999998E+31      0.99999998E+31      0.99999998E+31      0.99999998E+31
      0.99999998E+31      0.99999998E+31      0.99999998E+31       1014.3103           1016.7524           1019.0859           1021.4903           1023.9732           1026.8998           1030.0171    
       1033.2522           1036.4148           1040.1631           1045.6943           1050.8464           1053.2456           1058.9260           1063.1924           1066.3513           1069.6847    
       1072.8854           1076.0256           1079.0870           1081.8124           1084.2076           1086.3929           1088.6531           1090.9749           1093.6848           1096.2893    
       1098.8643           1101.5067           1104.2418           1107.0090           1109.5917           1111.6814           1116.5165           1120.5260           1122.7445           1123.8848    
       1124.7657           1124.3134           1123.8655           1123.4634           1123.7189           1123.9465           1124.1967           1124.5059           1125.7673           1127.4348    
       1129.1307           1130.5201           1132.1433           1130.2607           1127.8604           1126.1649           1128.9838           1140.6746           1139.3933           1120.5499    
       1104.2964           1100.5352           1097.7240           1094.9279           1094.4932           1096.1293           1097.6440           1098.6678           1100.4789           1102.0535    
       1103.3804           1104.6442           1106.6503           1110.5060           1113.6979           1116.3798           1120.6370           1124.9547           1133.4873           1142.2415    
       1151.8196           1161.0698           1175.0327           1179.4818           1182.1523           1182.7421           1182.5913           1182.4875           1183.1066           1184.2902    
       1186.3789           1189.5688           1195.5083           1203.4810           1210.8365           1218.9916           1230.6787           1245.6617           1264.5452           1287.1150    
       1314.1895           1348.3652           1392.8010           1438.9598           1441.3793           1433.4790           1433.5128           1437.6339           1569.0000           1556.0000    
       1485.8953          0.99999998E+31
      0.99999998E+31      0.99999998E+31      0.99999998E+31      0.99999998E+31      0.99999998E+31      0.99999998E+31      0.99999998E+31      0.99999998E+31      0.99999998E+31      0.99999998E+31
      0.99999998E+31      0.99999998E+31      0.99999998E+31      0.99999998E+31      0.99999998E+31      0.99999998E+31      0.99999998E+31      0.99999998E+31      0.99999998E+31      0.99999998E+31
      0.99999998E+31      0.99999998E+31      0.99999998E+31      0.99999998E+31      0.99999998E+31      0.99999998E+31      0.99999998E+31      0.99999998E+31      0.99999998E+31      0.99999998E+31
      0.99999998E+31      0.99999998E+31      0.99999998E+31      0.99999998E+31      0.99999998E+31      0.99999998E+31      0.99999998E+31       697.66266           694.43890           688.48114    
       679.34515           667.59253           654.17090           630.49316           595.62988           638.97992           636.28778          0.99999998E+31      0.99999998E+31      0.99999998E+31
      0.99999998E+31      0.99999998E+31      0.99999998E+31      0.99999998E+31      0.99999998E+31      0.99999998E+31      0.99999998E+31      0.99999998E+31      0.99999998E+31      0.99999998E+31
      0.99999998E+31      0.99999998E+31      0.99999998E+31      0.99999998E+31      0.99999998E+31      0.99999998E+31      0.99999998E+31      0.99999998E+31      0.99999998E+31      0.99999998E+31
      0.99999998E+31      0.99999998E+31      0.99999998E+31      0.99999998E+31      0.99999998E+31      0.99999998E+31      0.99999998E+31      0.99999998E+31      0.99999998E+31      0.99999998E+31
      0.99999998E+31      0.99999998E+31      0.99999998E+31      0.99999998E+31      0.99999998E+31      0.99999998E+31      0.99999998E+31      0.99999998E+31      0.99999998E+31      0.99999998E+31
      0.99999998E+31      0.99999998E+31      0.99999998E+31      0.99999998E+31      0.99999998E+31      0.99999998E+31      0.99999998E+31      0.99999998E+31      0.99999998E+31      0.99999998E+31
      0.99999998E+31      0.99999998E+31      0.99999998E+31      0.99999998E+31      0.99999998E+31      0.99999998E+31      0.99999998E+31      0.99999998E+31      0.99999998E+31      0.99999998E+31
      0.99999998E+31      0.99999998E+31      0.99999998E+31       1019.6972           1020.5814           1022.4406           1024.3300           1025.9690           1029.2163           1031.9049    
       1034.8275           1037.8923           1041.0406           1044.8125           1049.4667           1053.5963           1057.3882           1062.7096           1065.0936           1069.6677    
       1073.3641           1076.5566           1080.2408           1083.0817           1085.2922           1087.1960           1089.3287           1091.7327           1094.6440           1097.4697    
       1100.2539           1103.1299           1106.1608           1109.1672           1112.1045           1114.5587           1119.5612           1124.7064           1125.5331           1125.9932    
       1126.3170           1126.5167           1127.4384           1127.1877           1128.1005           1128.1343           1128.4379           1129.0959           1130.9270           1133.9784    
       1134.4261           1136.6825           1142.7559           1135.3712           1130.6704           1125.7651           1125.5901           1129.9608           1131.5060           1112.8947    
       1101.2527           1095.4200           1093.4044           1089.8312           1093.3293           1094.6125           1097.4801           1099.3618           1101.0343           1102.0856    
       1102.9266           1102.9796           1103.6135           1111.3998           1115.5244           1118.7649           1122.8198           1124.6323           1136.7214           1146.3156    
       1157.0654           1164.0303           1242.8597           1191.5955           1191.6880           1189.9906           1187.9011           1186.3771           1185.6915           1185.9199    
       1187.2109           1189.6289           1193.3003           1200.6040           1206.6866           1214.0166           1223.4324           1235.2965           1249.8833           1267.0693    
       1287.3967           1314.2139           1367.2230           1587.0000           1621.0000           1426.0625           1428.0238           1443.4689           1456.2952           1463.3412    
       1481.9905          0.99999998E+31
      0.99999998E+31      0.99999998E+31      0.99999998E+31      0.99999998E+31      0.99999998E+31      0.99999998E+31      0.99999998E+31      0.99999998E+31      0.99999998E+31      0.99999998E+31
      0.99999998E+31      0.99999998E+31      0.99999998E+31      0.99999998E+31      0.99999998E+31      0.99999998E+31      0.99999998E+31      0.99999998E+31      0.99999998E+31      0.99999998E+31
      0.99999998E+31      0.99999998E+31      0.99999998E+31      0.99999998E+31      0.99999998E+31      0.99999998E+31      0.99999998E+31      0.99999998E+31      0.99999998E+31      0.99999998E+31
      0.99999998E+31      0.99999998E+31      0.99999998E+31      0.99999998E+31      0.99999998E+31      0.99999998E+31      0.99999998E+31      0.99999998E+31      0.99999998E+31      0.99999998E+31
      0.99999998E+31      0.99999998E+31      0.99999998E+31      0.99999998E+31       501.30060           501.32599           501.33542          0.99999998E+31      0.99999998E+31      0.99999998E+31
      0.99999998E+31      0.99999998E+31      0.99999998E+31      0.99999998E+31      0.99999998E+31      0.99999998E+31      0.99999998E+31      0.99999998E+31      0.99999998E+31      0.99999998E+31
      0.99999998E+31      0.99999998E+31      0.99999998E+31      0.99999998E+31      0.99999998E+31      0.99999998E+31      0.99999998E+31      0.99999998E+31      0.99999998E+31      0.99999998E+31
      0.99999998E+31      0.99999998E+31      0.99999998E+31      0.99999998E+31      0.99999998E+31      0.99999998E+31      0.99999998E+31      0.99999998E+31      0.99999998E+31      0.99999998E+31
      0.99999998E+31      0.99999998E+31      0.99999998E+31      0.99999998E+31      0.99999998E+31      0.99999998E+31      0.99999998E+31      0.99999998E+31      0.99999998E+31      0.99999998E+31
      0.99999998E+31      0.99999998E+31      0.99999998E+31      0.99999998E+31      0.99999998E+31      0.99999998E+31      0.99999998E+31      0.99999998E+31      0.99999998E+31      0.99999998E+31
      0.99999998E+31      0.99999998E+31      0.99999998E+31      0.99999998E+31      0.99999998E+31      0.99999998E+31      0.99999998E+31      0.99999998E+31      0.99999998E+31      0.99999998E+31
      0.99999998E+31      0.99999998E+31      0.99999998E+31       1023.2052           1024.1667           1025.9032           1027.2960           1029.4111           1032.0491           1033.9932    
       1036.6780           1039.3827           1042.4752           1045.8777           1049.0068           1052.3492           1057.1417           1061.6394           1064.5387           1067.3170    
       1072.0219           1074.3062           1079.6245           1082.4628           1085.1592           1087.5857           1089.9420           1092.5950           1095.8107           1098.9303    
       1101.9807           1105.2090           1108.5526           1111.8615           1115.3649           1119.5181           1124.3411           1128.4519           1128.3947           1127.4070    
       1128.1193           1129.7852           1131.1886           1130.9548           1131.8857           1132.7405           1133.5247           1134.6611           1136.2357           1138.7958    
       1138.6744           1141.2688           1147.4133           1138.2306           1133.0144           1127.8644           1124.0385           1122.2063           1113.1981           1098.7102    
       1094.0276           1091.3718           1091.0369           1091.1909           1092.8831           1092.9994           1097.4897           1100.1918           1101.5978           1102.9984    
       1103.6031           1101.5249           1107.9543           1113.8839           1118.7499           1129.5109           1133.9689           1131.9075           1142.3934           1153.8514    
       1165.7332           1245.1394           1308.1235           1310.8529           1202.0515           1196.3147           1191.8187           1188.9047           1187.2992           1186.8087    
       1187.4141           1189.1467           1192.2635           1199.1936           1203.9640           1209.8048           1217.2657           1226.3168           1236.9738           1249.1379    
       1262.5005           1278.7982           1325.5648           1574.0000           1623.0000           1413.8213           1422.3331           1698.0000           1755.0000           1462.6025    
       1481.3783          0.99999998E+31
      0.99999998E+31      0.99999998E+31      0.99999998E+31      0.99999998E+31      0.99999998E+31      0.99999998E+31      0.99999998E+31      0.99999998E+31      0.99999998E+31      0.99999998E+31
      0.99999998E+31      0.99999998E+31      0.99999998E+31      0.99999998E+31      0.99999998E+31      0.99999998E+31      0.99999998E+31      0.99999998E+31      0.99999998E+31      0.99999998E+31
      0.99999998E+31      0.99999998E+31      0.99999998E+31      0.99999998E+31      0.99999998E+31      0.99999998E+31      0.99999998E+31      0.99999998E+31      0.99999998E+31      0.99999998E+31
      0.99999998E+31      0.99999998E+31      0.99999998E+31      0.99999998E+31      0.99999998E+31      0.99999998E+31      0.99999998E+31      0.99999998E+31      0.99999998E+31      0.99999998E+31
      0.99999998E+31      0.99999998E+31      0.99999998E+31      0.99999998E+31      0.99999998E+31      0.99999998E+31      0.99999998E+31      0.99999998E+31      0.99999998E+31      0.99999998E+31
      0.99999998E+31      0.99999998E+31      0.99999998E+31      0.99999998E+31      0.99999998E+31      0.99999998E+31      0.99999998E+31      0.99999998E+31      0.99999998E+31      0.99999998E+31
      0.99999998E+31      0.99999998E+31      0.99999998E+31      0.99999998E+31      0.99999998E+31      0.99999998E+31      0.99999998E+31      0.99999998E+31      0.99999998E+31      0.99999998E+31
      0.99999998E+31      0.99999998E+31      0.99999998E+31      0.99999998E+31      0.99999998E+31      0.99999998E+31      0.99999998E+31      0.99999998E+31      0.99999998E+31      0.99999998E+31
      0.99999998E+31      0.99999998E+31      0.99999998E+31      0.99999998E+31      0.99999998E+31      0.99999998E+31      0.99999998E+31      0.99999998E+31      0.99999998E+31      0.99999998E+31
      0.99999998E+31      0.99999998E+31      0.99999998E+31      0.99999998E+31      0.99999998E+31      0.99999998E+31      0.99999998E+31      0.99999998E+31      0.99999998E+31      0.99999998E+31
      0.99999998E+31      0.99999998E+31      0.99999998E+31      0.99999998E+31      0.99999998E+31      0.99999998E+31      0.99999998E+31      0.99999998E+31      0.99999998E+31      0.99999998E+31
      0.99999998E+31      0.99999998E+31      0.99999998E+31      0.99999998E+31       1028.5535           1028.8953           1030.4740           1032.5807           1034.1373           1036.2980    
       1038.5964           1040.9127           1043.9108           1047.2637           1050.0547           1052.8390           1056.0267           1060.7618           1064.4037           1067.6924    
       1071.2246           1074.5266           1078.3098           1081.5797           1084.8075           1087.9100           1090.5574           1093.6536           1097.2275           1100.6173    
       1104.1505           1107.7325           1111.2098           1114.7202           1118.3710           1122.3030           1123.8042           1130.5651           1132.1708           1132.1221    
       1132.8036           1134.0219           1135.9302           1137.2913           1137.9279           1138.4093           1139.0446           1140.0514           1141.6207           1143.8103    
       1142.6345           1142.6132           1143.3816           1140.1852           1138.1758           1130.4149           1120.4640           1117.9409           1111.4811           1098.9680    
       1092.5538           1087.0453           1088.8887           1089.8430           1090.8108           1094.6110           1098.0388           1098.4504           1102.3068           1105.9166    
       1106.5562           1110.0968           1113.4680           1120.6655           1124.2158           1132.9047           1136.4998           1133.3774           1146.0540           1158.5360    
       1171.6281           1329.0348           1353.4303           1361.2141           1297.7413           1199.3647           1193.6775           1190.1542           1188.1583           1187.3635    
       1187.6306           1189.0200           1191.5381           1198.0710           1201.9493           1206.4767           1212.1105           1218.8219           1226.2386           1234.3221    
       1243.0548           1251.4517           1260.0646           1345.2190           1375.9800           1396.1069           1447.0002           1490.0000           1461.2273           1461.2910    
       1479.1703          0.99999998E+31
      0.99999998E+31      0.99999998E+31      0.99999998E+31      0.99999998E+31      0.99999998E+31      0.99999998E+31      0.99999998E+31      0.99999998E+31      0.99999998E+31      0.99999998E+31
      0.99999998E+31      0.99999998E+31      0.99999998E+31      0.99999998E+31      0.99999998E+31      0.99999998E+31      0.99999998E+31      0.99999998E+31      0.99999998E+31      0.99999998E+31
      0.99999998E+31      0.99999998E+31      0.99999998E+31      0.99999998E+31      0.99999998E+31      0.99999998E+31      0.99999998E+31      0.99999998E+31      0.99999998E+31      0.99999998E+31
      0.99999998E+31      0.99999998E+31      0.99999998E+31      0.99999998E+31      0.99999998E+31      0.99999998E+31      0.99999998E+31      0.99999998E+31      0.99999998E+31      0.99999998E+31
      0.99999998E+31      0.99999998E+31      0.99999998E+31      0.99999998E+31      0.99999998E+31      0.99999998E+31      0.99999998E+31      0.99999998E+31      0.99999998E+31      0.99999998E+31
      0.99999998E+31      0.99999998E+31      0.99999998E+31      0.99999998E+31      0.99999998E+31      0.99999998E+31      0.99999998E+31      0.99999998E+31      0.99999998E+31      0.99999998E+31
      0.99999998E+31      0.99999998E+31      0.99999998E+31      0.99999998E+31      0.99999998E+31      0.99999998E+31      0.99999998E+31      0.99999998E+31      0.99999998E+31      0.99999998E+31
      0.99999998E+31      0.99999998E+31      0.99999998E+31      0.99999998E+31      0.99999998E+31      0.99999998E+31      0.99999998E+31      0.99999998E+31      0.99999998E+31      0.99999998E+31
      0.99999998E+31      0.99999998E+31      0.99999998E+31      0.99999998E+31      0.99999998E+31      0.99999998E+31      0.99999998E+31      0.99999998E+31      0.99999998E+31      0.99999998E+31
      0.99999998E+31      0.99999998E+31      0.99999998E+31      0.99999998E+31      0.99999998E+31      0.99999998E+31      0.99999998E+31      0.99999998E+31      0.99999998E+31      0.99999998E+31
      0.99999998E+31      0.99999998E+31      0.99999998E+31      0.99999998E+31      0.99999998E+31      0.99999998E+31      0.99999998E+31      0.99999998E+31      0.99999998E+31      0.99999998E+31
      0.99999998E+31      0.99999998E+31      0.99999998E+31      0.99999998E+31       1031.7014           1031.9828           1033.4170           1034.8947           1036.5264           1038.3676    
       1039.8152           1042.5941           1046.2513           1049.3121           1051.7792           1054.0709           1056.9603           1060.9272           1064.5605           1067.9294    
       1071.4175           1074.8766           1078.3535           1081.4369           1085.2203           1088.6466           1091.8057           1095.1964           1098.8079           1102.6726    
       1106.4960           1110.3931           1114.0428           1117.7043           1121.4883           1125.5287           1129.5383           1133.9104           1135.7545           1136.3469    
       1137.2850           1136.9403           1140.6707           1142.5983           1143.2054           1143.9708           1145.1272           1146.1046           1147.4171           1147.9243    
       1147.0448           1145.6964           1143.9048           1139.9821           1136.4402           1129.1058           1124.1964           1118.8351           1115.6559           1098.0737    
       1093.6663           1087.2788           1087.1495           1088.1564           1091.3844           1094.7505           1097.8450           1100.7572           1104.8418           1106.8505    
       1114.3855           1114.5974           1118.0165           1121.5138           1125.2498           1128.7136           1149.0610           1133.4940           1149.1039           1159.6118    
       1172.4197           1186.5605           1327.1643           1301.5708           1201.0977           1196.0858           1192.3301           1189.6422           1187.9727           1187.2775    
       1187.5671           1188.9000           1191.4509           1193.9271           1200.5382           1204.1357           1208.2804           1213.0317           1218.2498           1222.9185    
       1230.1134           1236.2712           1242.8516           1258.5039           1291.8109           1434.4923           1444.6582           1454.4266           1457.8270           1459.5416    
       1476.1372          0.99999998E+31
      0.99999998E+31      0.99999998E+31      0.99999998E+31      0.99999998E+31      0.99999998E+31      0.99999998E+31      0.99999998E+31      0.99999998E+31      0.99999998E+31      0.99999998E+31
      0.99999998E+31      0.99999998E+31      0.99999998E+31      0.99999998E+31      0.99999998E+31      0.99999998E+31      0.99999998E+31      0.99999998E+31      0.99999998E+31      0.99999998E+31
      0.99999998E+31      0.99999998E+31      0.99999998E+31      0.99999998E+31      0.99999998E+31      0.99999998E+31      0.99999998E+31      0.99999998E+31      0.99999998E+31      0.99999998E+31
      0.99999998E+31      0.99999998E+31      0.99999998E+31      0.99999998E+31      0.99999998E+31      0.99999998E+31      0.99999998E+31      0.99999998E+31      0.99999998E+31      0.99999998E+31
      0.99999998E+31      0.99999998E+31      0.99999998E+31      0.99999998E+31      0.99999998E+31      0.99999998E+31      0.99999998E+31      0.99999998E+31      0.99999998E+31      0.99999998E+31
      0.99999998E+31      0.99999998E+31      0.99999998E+31      0.99999998E+31      0.99999998E+31      0.99999998E+31      0.99999998E+31      0.99999998E+31      0.99999998E+31      0.99999998E+31
      0.99999998E+31      0.99999998E+31      0.99999998E+31      0.99999998E+31      0.99999998E+31      0.99999998E+31      0.99999998E+31      0.99999998E+31      0.99999998E+31      0.99999998E+31
      0.99999998E+31      0.99999998E+31      0.99999998E+31      0.99999998E+31      0.99999998E+31      0.99999998E+31      0.99999998E+31      0.99999998E+31      0.99999998E+31      0.99999998E+31
      0.99999998E+31      0.99999998E+31      0.99999998E+31      0.99999998E+31      0.99999998E+31      0.99999998E+31      0.99999998E+31      0.99999998E+31      0.99999998E+31      0.99999998E+31
      0.99999998E+31      0.99999998E+31      0.99999998E+31      0.99999998E+31      0.99999998E+31      0.99999998E+31      0.99999998E+31      0.99999998E+31      0.99999998E+31      0.99999998E+31
      0.99999998E+31      0.99999998E+31      0.99999998E+31      0.99999998E+31      0.99999998E+31      0.99999998E+31      0.99999998E+31      0.99999998E+31      0.99999998E+31      0.99999998E+31
      0.99999998E+31      0.99999998E+31      0.99999998E+31      0.99999998E+31       1033.9077           1035.4257           1035.8820           1037.1910           1038.7448           1040.3931    
       1042.6184           1045.1787           1048.2280           1051.4938           1053.9915           1056.0238           1058.4199           1061.3350           1064.9059           1068.1346    
       1071.7085           1075.3540           1078.9376           1082.4220           1086.1234           1089.8312           1093.3959           1096.9354           1100.9279           1105.0033    
       1109.1605           1113.2048           1117.1078           1120.8141           1124.5513           1128.4889           1133.4446           1136.6792           1139.0173           1138.9574    
       1141.5403           1143.6714           1146.5712           1148.3208           1149.3551           1150.8640           1152.1735           1152.6753           1154.2642           1154.2019    
       1153.1957           1151.5083           1148.8125           1144.8795           1138.0127           1131.5873           1125.6099           1119.5261           1111.1938           1098.7809    
       1091.9485           1086.5643           1085.9664           1088.1141           1091.5560           1095.2734           1098.8003           1102.2343           1105.7930           1114.6942    
       1119.6069           1119.4678           1120.5908           1124.2891           1127.8373           1130.3925           1152.0332           1158.4498           1154.7009           1162.9008    
       1171.4620           1181.5406           1192.4747           1194.4469           1192.8300           1191.3304           1189.6001           1188.1232           1187.1139           1186.7659    
       1187.3091           1188.6660           1190.7974           1194.1091           1199.4087           1202.5776           1205.8632           1209.4414           1213.4100           1217.7092    
       1222.8228           1227.9979           1234.0874           1243.9929           1266.6519           1633.0000           1641.0000           1603.0000           1457.6644           1458.6010    
       1474.5031          0.99999998E+31
      0.99999998E+31      0.99999998E+31      0.99999998E+31      0.99999998E+31      0.99999998E+31      0.99999998E+31      0.99999998E+31      0.99999998E+31      0.99999998E+31      0.99999998E+31
      0.99999998E+31      0.99999998E+31      0.99999998E+31      0.99999998E+31      0.99999998E+31      0.99999998E+31      0.99999998E+31      0.99999998E+31      0.99999998E+31      0.99999998E+31
      0.99999998E+31      0.99999998E+31      0.99999998E+31      0.99999998E+31      0.99999998E+31      0.99999998E+31      0.99999998E+31      0.99999998E+31      0.99999998E+31      0.99999998E+31
      0.99999998E+31      0.99999998E+31      0.99999998E+31      0.99999998E+31      0.99999998E+31      0.99999998E+31      0.99999998E+31      0.99999998E+31      0.99999998E+31      0.99999998E+31
      0.99999998E+31      0.99999998E+31      0.99999998E+31      0.99999998E+31      0.99999998E+31      0.99999998E+31      0.99999998E+31      0.99999998E+31      0.99999998E+31      0.99999998E+31
      0.99999998E+31      0.99999998E+31      0.99999998E+31      0.99999998E+31      0.99999998E+31      0.99999998E+31      0.99999998E+31      0.99999998E+31      0.99999998E+31      0.99999998E+31
      0.99999998E+31      0.99999998E+31      0.99999998E+31      0.99999998E+31      0.99999998E+31      0.99999998E+31      0.99999998E+31      0.99999998E+31      0.99999998E+31      0.99999998E+31
      0.99999998E+31      0.99999998E+31      0.99999998E+31      0.99999998E+31      0.99999998E+31      0.99999998E+31      0.99999998E+31      0.99999998E+31      0.99999998E+31      0.99999998E+31
      0.99999998E+31      0.99999998E+31      0.99999998E+31      0.99999998E+31      0.99999998E+31      0.99999998E+31      0.99999998E+31      0.99999998E+31      0.99999998E+31      0.99999998E+31
      0.99999998E+31      0.99999998E+31      0.99999998E+31      0.99999998E+31      0.99999998E+31      0.99999998E+31      0.99999998E+31      0.99999998E+31      0.99999998E+31      0.99999998E+31
      0.99999998E+31      0.99999998E+31      0.99999998E+31      0.99999998E+31      0.99999998E+31      0.99999998E+31      0.99999998E+31      0.99999998E+31      0.99999998E+31      0.99999998E+31
      0.99999998E+31      0.99999998E+31      0.99999998E+31      0.99999998E+31      0.99999998E+31       1038.2993           1038.3981           1039.3489           1041.0485           1042.7714    
       1044.8345           1047.0753           1050.0488           1053.8054           1055.8646           1057.6802           1060.0131           1062.7214           1065.1757           1068.0557    
       1072.0223           1076.0208           1079.8247           1083.5626           1087.4183           1091.3297           1095.2379           1099.0792           1103.3616           1107.6334    
       1111.9753           1116.3331           1120.3478           1124.0529           1127.4509           1130.2781           1134.2905           1138.3762           1141.4835           1143.2200    
       1143.9913           1149.7670           1153.1200           1154.4969           1156.4202           1158.6116           1160.5293           1161.8007           1162.7928           1161.4476    
       1159.8303           1158.2693           1155.7211           1152.1421           1147.4020           1136.7567           1132.4247          0.99999998E+31      0.99999998E+31       1093.8307    
       1088.7253           1083.7544           1084.0024          0.99999998E+31      0.99999998E+31      0.99999998E+31      0.99999998E+31      0.99999998E+31      0.99999998E+31      0.99999998E+31
       1118.8145           1120.7097           1123.8180           1127.4141           1131.3763           1135.4938           1141.1528           1145.9346           1157.0575           1164.1252    
       1170.3309           1178.8254           1184.3547           1187.9723           1187.3534           1187.3545           1186.8920           1186.3193           1186.0161           1186.1593    
       1187.0165           1188.4576           1190.4197           1192.9519           1198.5035           1201.4230           1204.3190           1207.2926           1210.5009           1214.1313    
       1218.3025           1222.8280           1228.2123           1236.7098           1265.0459           1632.0000           1431.8745           1454.7299           1456.1750           1457.6763    
       1473.5834          0.99999998E+31
      0.99999998E+31      0.99999998E+31      0.99999998E+31      0.99999998E+31      0.99999998E+31      0.99999998E+31      0.99999998E+31      0.99999998E+31      0.99999998E+31      0.99999998E+31
      0.99999998E+31      0.99999998E+31      0.99999998E+31      0.99999998E+31      0.99999998E+31      0.99999998E+31      0.99999998E+31      0.99999998E+31      0.99999998E+31      0.99999998E+31
      0.99999998E+31      0.99999998E+31      0.99999998E+31      0.99999998E+31      0.99999998E+31      0.99999998E+31      0.99999998E+31      0.99999998E+31      0.99999998E+31      0.99999998E+31
      0.99999998E+31      0.99999998E+31      0.99999998E+31      0.99999998E+31      0.99999998E+31      0.99999998E+31      0.99999998E+31      0.99999998E+31      0.99999998E+31      0.99999998E+31
      0.99999998E+31      0.99999998E+31      0.99999998E+31      0.99999998E+31      0.99999998E+31      0.99999998E+31      0.99999998E+31      0.99999998E+31      0.99999998E+31      0.99999998E+31
      0.99999998E+31      0.99999998E+31      0.99999998E+31      0.99999998E+31      0.99999998E+31      0.99999998E+31      0.99999998E+31      0.99999998E+31      0.99999998E+31      0.99999998E+31
      0.99999998E+31      0.99999998E+31      0.99999998E+31      0.99999998E+31      0.99999998E+31      0.99999998E+31      0.99999998E+31      0.99999998E+31      0.99999998E+31      0.99999998E+31
      0.99999998E+31      0.99999998E+31      0.99999998E+31      0.99999998E+31      0.99999998E+31      0.99999998E+31      0.99999998E+31      0.99999998E+31      0.99999998E+31      0.99999998E+31
      0.99999998E+31      0.99999998E+31      0.99999998E+31      0.99999998E+31      0.99999998E+31      0.99999998E+31      0.99999998E+31      0.99999998E+31      0.99999998E+31      0.99999998E+31
      0.99999998E+31      0.99999998E+31      0.99999998E+31      0.99999998E+31      0.99999998E+31      0.99999998E+31      0.99999998E+31      0.99999998E+31      0.99999998E+31      0.99999998E+31
      0.99999998E+31      0.99999998E+31      0.99999998E+31      0.99999998E+31      0.99999998E+31      0.99999998E+31      0.99999998E+31      0.99999998E+31      0.99999998E+31      0.99999998E+31
      0.99999998E+31      0.99999998E+31      0.99999998E+31      0.99999998E+31      0.99999998E+31       1041.2422           1041.4012           1041.8187           1043.4619           1044.9672    
       1046.7594           1048.8146           1051.2599           1055.0592           1057.1873           1059.0970           1061.2557           1063.7134           1066.3624           1069.0886    
       1072.5137           1077.1849           1081.2832           1085.2725           1089.2021           1093.1211           1097.4531           1101.6228           1106.0573           1110.4375    
       1115.1298           1119.9089           1123.9803           1127.6606           1130.9027           1133.9377           1137.2026           1140.3975           1144.1104           1146.9390    
       1150.5819           1155.0078           1157.8188           1159.8604           1162.6880           1165.8835           1168.4249           1169.7544           1171.2062           1166.6328    
       1165.0488           1162.8330           1161.2103           1160.7358           1157.7458          0.99999998E+31      0.99999998E+31      0.99999998E+31      0.99999998E+31      0.99999998E+31
      0.99999998E+31      0.99999998E+31      0.99999998E+31      0.99999998E+31      0.99999998E+31      0.99999998E+31      0.99999998E+31      0.99999998E+31      0.99999998E+31      0.99999998E+31
       1118.4458           1120.7578           1125.6010           1130.4801           1135.0718           1139.7002           1146.8269           1152.9318           1160.1504           1165.7529    
       1169.8945           1175.2719           1179.4556           1182.3484           1184.8534           1184.5477           1184.8003           1184.9083           1185.0432           1185.7356    
       1186.8293           1188.3308           1190.2035           1192.1852           1197.3290           1200.5302           1203.2552           1205.9275           1208.6855           1211.7611    
       1215.3817           1219.3368           1223.8907           1231.7789           1332.7406           1379.3811           1425.4213           1454.7722           1465.5548           1469.6249    
       1473.1122          0.99999998E+31
      0.99999998E+31      0.99999998E+31      0.99999998E+31      0.99999998E+31      0.99999998E+31      0.99999998E+31      0.99999998E+31      0.99999998E+31      0.99999998E+31      0.99999998E+31
      0.99999998E+31      0.99999998E+31      0.99999998E+31      0.99999998E+31      0.99999998E+31      0.99999998E+31      0.99999998E+31      0.99999998E+31      0.99999998E+31      0.99999998E+31
      0.99999998E+31      0.99999998E+31      0.99999998E+31      0.99999998E+31      0.99999998E+31      0.99999998E+31      0.99999998E+31      0.99999998E+31      0.99999998E+31      0.99999998E+31
      0.99999998E+31      0.99999998E+31      0.99999998E+31      0.99999998E+31      0.99999998E+31      0.99999998E+31      0.99999998E+31      0.99999998E+31      0.99999998E+31      0.99999998E+31
      0.99999998E+31      0.99999998E+31      0.99999998E+31      0.99999998E+31      0.99999998E+31      0.99999998E+31      0.99999998E+31      0.99999998E+31      0.99999998E+31      0.99999998E+31
      0.99999998E+31      0.99999998E+31      0.99999998E+31      0.99999998E+31      0.99999998E+31      0.99999998E+31      0.99999998E+31      0.99999998E+31      0.99999998E+31      0.99999998E+31
      0.99999998E+31      0.99999998E+31      0.99999998E+31      0.99999998E+31      0.99999998E+31      0.99999998E+31      0.99999998E+31      0.99999998E+31      0.99999998E+31      0.99999998E+31
      0.99999998E+31      0.99999998E+31      0.99999998E+31      0.99999998E+31      0.99999998E+31      0.99999998E+31      0.99999998E+31      0.99999998E+31      0.99999998E+31      0.99999998E+31
      0.99999998E+31      0.99999998E+31      0.99999998E+31      0.99999998E+31      0.99999998E+31      0.99999998E+31      0.99999998E+31      0.99999998E+31      0.99999998E+31      0.99999998E+31
      0.99999998E+31      0.99999998E+31      0.99999998E+31      0.99999998E+31      0.99999998E+31      0.99999998E+31      0.99999998E+31      0.99999998E+31      0.99999998E+31      0.99999998E+31
      0.99999998E+31      0.99999998E+31      0.99999998E+31      0.99999998E+31      0.99999998E+31      0.99999998E+31      0.99999998E+31      0.99999998E+31      0.99999998E+31      0.99999998E+31
      0.99999998E+31      0.99999998E+31      0.99999998E+31      0.99999998E+31      0.99999998E+31       1043.4626           1043.9133           1044.8462           1045.6320           1047.0725    
       1048.6356           1050.4767           1052.5963           1055.2159           1058.4388           1060.5424           1062.3944           1064.7236           1067.4711           1070.5190    
       1074.1681           1078.1702           1082.3134           1086.3867           1090.1816           1094.5399           1100.1447           1104.7712           1108.9380           1113.1031    
       1118.5645           1124.1187           1127.9617           1131.4875           1134.5973           1137.6318           1140.2448           1142.5483           1145.8020           1149.2802    
       1153.3312           1157.2996           1159.2090           1162.1677           1168.4989           1172.6487           1176.0801           1178.7903           1179.8212           1176.3909    
       1173.9998           1172.3921           1171.9302           1169.6646           1161.2645          0.99999998E+31      0.99999998E+31      0.99999998E+31      0.99999998E+31      0.99999998E+31
      0.99999998E+31      0.99999998E+31      0.99999998E+31      0.99999998E+31      0.99999998E+31      0.99999998E+31      0.99999998E+31      0.99999998E+31      0.99999998E+31      0.99999998E+31
      0.99999998E+31       1122.1459           1125.8656           1132.0648           1138.9572           1144.9806           1149.4845           1154.8329           1160.3135           1165.7325    
       1171.5074           1175.1204           1177.4266           1179.8427           1182.7115           1182.7081           1183.3657           1183.8268           1184.4259           1185.5428    
       1186.7646           1188.2643           1190.0247           1191.9468           1194.5874           1199.8508           1202.4580           1205.0492           1207.6136           1210.3253    
       1213.5627           1217.1725           1220.8408           1225.5396           1486.0294           1549.1644           1564.2988          0.99999998E+31      0.99999998E+31      0.99999998E+31
      0.99999998E+31      0.99999998E+31
      0.99999998E+31      0.99999998E+31      0.99999998E+31      0.99999998E+31      0.99999998E+31      0.99999998E+31      0.99999998E+31      0.99999998E+31      0.99999998E+31      0.99999998E+31
      0.99999998E+31      0.99999998E+31      0.99999998E+31      0.99999998E+31      0.99999998E+31      0.99999998E+31      0.99999998E+31      0.99999998E+31      0.99999998E+31      0.99999998E+31
      0.99999998E+31      0.99999998E+31      0.99999998E+31      0.99999998E+31      0.99999998E+31      0.99999998E+31      0.99999998E+31      0.99999998E+31      0.99999998E+31      0.99999998E+31
      0.99999998E+31      0.99999998E+31      0.99999998E+31      0.99999998E+31      0.99999998E+31      0.99999998E+31      0.99999998E+31      0.99999998E+31      0.99999998E+31      0.99999998E+31
      0.99999998E+31      0.99999998E+31      0.99999998E+31      0.99999998E+31      0.99999998E+31      0.99999998E+31      0.99999998E+31      0.99999998E+31      0.99999998E+31      0.99999998E+31
      0.99999998E+31      0.99999998E+31      0.99999998E+31      0.99999998E+31      0.99999998E+31      0.99999998E+31      0.99999998E+31      0.99999998E+31      0.99999998E+31      0.99999998E+31
      0.99999998E+31      0.99999998E+31      0.99999998E+31      0.99999998E+31      0.99999998E+31      0.99999998E+31      0.99999998E+31      0.99999998E+31      0.99999998E+31      0.99999998E+31
      0.99999998E+31      0.99999998E+31      0.99999998E+31      0.99999998E+31      0.99999998E+31      0.99999998E+31      0.99999998E+31      0.99999998E+31      0.99999998E+31      0.99999998E+31
      0.99999998E+31      0.99999998E+31      0.99999998E+31      0.99999998E+31      0.99999998E+31      0.99999998E+31      0.99999998E+31      0.99999998E+31      0.99999998E+31      0.99999998E+31
      0.99999998E+31      0.99999998E+31      0.99999998E+31      0.99999998E+31      0.99999998E+31      0.99999998E+31      0.99999998E+31      0.99999998E+31      0.99999998E+31      0.99999998E+31
      0.99999998E+31      0.99999998E+31      0.99999998E+31      0.99999998E+31      0.99999998E+31      0.99999998E+31      0.99999998E+31      0.99999998E+31      0.99999998E+31      0.99999998E+31
      0.99999998E+31      0.99999998E+31      0.99999998E+31      0.99999998E+31      0.99999998E+31       1045.0350           1046.1202           1046.9752           1047.8329           1049.2025    
       1050.4465           1052.1321           1054.1515           1056.6472           1059.0754           1061.2178           1063.3693           1065.6361           1068.3071           1071.4088    
       1075.0560           1078.9839           1083.1227           1087.4288           1092.0494           1096.9368           1101.8411           1106.3645           1110.2026           1114.8721    
       1122.1808           1126.4989           1129.7095           1133.0873           1136.3097           1139.2303           1141.5754           1144.1475           1147.7502           1151.7428    
       1157.0475           1162.7164           1167.7048           1171.8082           1176.2051           1179.9136           1182.6975           1185.0898           1187.0575           1185.8741    
       1183.4987           1182.0264           1180.6989           1179.1904          0.99999998E+31      0.99999998E+31      0.99999998E+31      0.99999998E+31      0.99999998E+31      0.99999998E+31
      0.99999998E+31      0.99999998E+31      0.99999998E+31      0.99999998E+31      0.99999998E+31      0.99999998E+31      0.99999998E+31      0.99999998E+31      0.99999998E+31      0.99999998E+31
      0.99999998E+31       1125.7458           1127.7598           1135.2781           1141.2819           1148.4755           1154.0188           1157.7322           1161.5989           1166.6051    
       1172.4730           1175.7628           1176.4449           1178.6719           1180.5630           1182.3282           1182.6060           1183.4016           1184.6086           1185.4856    
       1186.3942           1187.3568           1188.9314           1191.6915           1193.8270           1199.3501           1201.8577           1204.3901           1206.9569           1209.5864    
       1212.6648           1216.3320           1220.1365           1224.6019           1583.0000           1615.0000          0.99999998E+31      0.99999998E+31      0.99999998E+31      0.99999998E+31
      0.99999998E+31      0.99999998E+31
      0.99999998E+31      0.99999998E+31      0.99999998E+31      0.99999998E+31      0.99999998E+31      0.99999998E+31      0.99999998E+31      0.99999998E+31      0.99999998E+31      0.99999998E+31
      0.99999998E+31      0.99999998E+31      0.99999998E+31      0.99999998E+31      0.99999998E+31      0.99999998E+31      0.99999998E+31      0.99999998E+31      0.99999998E+31      0.99999998E+31
      0.99999998E+31      0.99999998E+31      0.99999998E+31      0.99999998E+31      0.99999998E+31      0.99999998E+31      0.99999998E+31      0.99999998E+31      0.99999998E+31      0.99999998E+31
      0.99999998E+31      0.99999998E+31      0.99999998E+31      0.99999998E+31      0.99999998E+31      0.99999998E+31      0.99999998E+31      0.99999998E+31      0.99999998E+31      0.99999998E+31
      0.99999998E+31      0.99999998E+31      0.99999998E+31      0.99999998E+31      0.99999998E+31      0.99999998E+31      0.99999998E+31      0.99999998E+31      0.99999998E+31      0.99999998E+31
      0.99999998E+31      0.99999998E+31      0.99999998E+31      0.99999998E+31      0.99999998E+31      0.99999998E+31      0.99999998E+31      0.99999998E+31      0.99999998E+31      0.99999998E+31
      0.99999998E+31      0.99999998E+31      0.99999998E+31      0.99999998E+31      0.99999998E+31      0.99999998E+31      0.99999998E+31      0.99999998E+31      0.99999998E+31      0.99999998E+31
      0.99999998E+31      0.99999998E+31      0.99999998E+31      0.99999998E+31      0.99999998E+31      0.99999998E+31      0.99999998E+31      0.99999998E+31      0.99999998E+31      0.99999998E+31
      0.99999998E+31      0.99999998E+31      0.99999998E+31      0.99999998E+31      0.99999998E+31      0.99999998E+31      0.99999998E+31      0.99999998E+31      0.99999998E+31      0.99999998E+31
      0.99999998E+31      0.99999998E+31      0.99999998E+31      0.99999998E+31      0.99999998E+31      0.99999998E+31      0.99999998E+31      0.99999998E+31      0.99999998E+31      0.99999998E+31
      0.99999998E+31      0.99999998E+31      0.99999998E+31      0.99999998E+31      0.99999998E+31      0.99999998E+31      0.99999998E+31      0.99999998E+31      0.99999998E+31      0.99999998E+31
      0.99999998E+31      0.99999998E+31      0.99999998E+31      0.99999998E+31      0.99999998E+31      0.99999998E+31       1048.6047           1049.1888           1050.2003           1050.9277    
       1052.0813           1053.6538           1055.4935           1057.5601           1059.7913           1061.9802           1064.2247           1066.5966           1069.2737           1072.3359    
       1075.8551           1079.7466           1083.9933           1088.6403           1093.5061           1098.2692           1103.0769           1107.7432           1112.3052           1117.2871    
       1122.2533           1126.5433           1130.3538           1133.9661           1137.4075           1140.5817           1143.4358           1146.2058           1149.5521           1154.8422    
       1161.3126           1169.2507           1177.6885           1181.9182           1185.2035           1187.7758           1188.9119           1190.9369           1192.2755           1191.5923    
       1189.1125           1188.0376           1188.7168           1187.5522          0.99999998E+31      0.99999998E+31      0.99999998E+31      0.99999998E+31      0.99999998E+31      0.99999998E+31
      0.99999998E+31      0.99999998E+31      0.99999998E+31      0.99999998E+31      0.99999998E+31      0.99999998E+31      0.99999998E+31      0.99999998E+31      0.99999998E+31      0.99999998E+31
      0.99999998E+31      0.99999998E+31      0.99999998E+31      0.99999998E+31       1148.3635           1155.3483           1159.2217           1161.1207           1162.3529           1163.0616    
       1170.5077           1175.6084           1177.2970           1179.1296           1180.6155           1181.6304           1182.6942           1183.4240           1184.4542           1185.7876    
       1187.0470           1188.0730           1189.6162           1191.5668           1193.4486           1196.6674           1201.4083           1203.8722           1206.4180           1209.1056    
       1212.2006           1216.2704           1221.0906           1226.3579           1573.7980          0.99999998E+31      0.99999998E+31      0.99999998E+31      0.99999998E+31      0.99999998E+31
      0.99999998E+31      0.99999998E+31
      0.99999998E+31      0.99999998E+31      0.99999998E+31      0.99999998E+31      0.99999998E+31      0.99999998E+31      0.99999998E+31      0.99999998E+31      0.99999998E+31      0.99999998E+31
      0.99999998E+31      0.99999998E+31      0.99999998E+31      0.99999998E+31      0.99999998E+31      0.99999998E+31      0.99999998E+31      0.99999998E+31      0.99999998E+31      0.99999998E+31
      0.99999998E+31      0.99999998E+31      0.99999998E+31      0.99999998E+31      0.99999998E+31      0.99999998E+31      0.99999998E+31      0.99999998E+31      0.99999998E+31      0.99999998E+31
      0.99999998E+31      0.99999998E+31      0.99999998E+31      0.99999998E+31      0.99999998E+31      0.99999998E+31      0.99999998E+31      0.99999998E+31      0.99999998E+31      0.99999998E+31
      0.99999998E+31      0.99999998E+31      0.99999998E+31      0.99999998E+31      0.99999998E+31      0.99999998E+31      0.99999998E+31      0.99999998E+31      0.99999998E+31      0.99999998E+31
      0.99999998E+31      0.99999998E+31      0.99999998E+31      0.99999998E+31      0.99999998E+31      0.99999998E+31      0.99999998E+31      0.99999998E+31      0.99999998E+31      0.99999998E+31
      0.99999998E+31      0.99999998E+31      0.99999998E+31      0.99999998E+31      0.99999998E+31      0.99999998E+31      0.99999998E+31      0.99999998E+31      0.99999998E+31      0.99999998E+31
      0.99999998E+31      0.99999998E+31      0.99999998E+31      0.99999998E+31      0.99999998E+31      0.99999998E+31      0.99999998E+31      0.99999998E+31      0.99999998E+31      0.99999998E+31
      0.99999998E+31      0.99999998E+31      0.99999998E+31      0.99999998E+31      0.99999998E+31      0.99999998E+31      0.99999998E+31      0.99999998E+31      0.99999998E+31      0.99999998E+31
      0.99999998E+31      0.99999998E+31      0.99999998E+31      0.99999998E+31      0.99999998E+31      0.99999998E+31      0.99999998E+31      0.99999998E+31      0.99999998E+31      0.99999998E+31
      0.99999998E+31      0.99999998E+31      0.99999998E+31      0.99999998E+31      0.99999998E+31      0.99999998E+31      0.99999998E+31      0.99999998E+31      0.99999998E+31      0.99999998E+31
      0.99999998E+31      0.99999998E+31      0.99999998E+31      0.99999998E+31      0.99999998E+31      0.99999998E+31       1050.3528           1050.7849           1051.6830           1052.5383    
       1053.7147           1055.1737           1056.8384           1058.7108           1060.7092           1062.8347           1065.0255           1067.4111           1070.0918           1073.1237    
       1076.5076           1080.2588           1084.6539           1089.7256           1094.9177           1099.6753           1104.4174           1109.0835           1113.7233           1118.3654    
       1122.8915           1127.1699           1131.2084           1135.0322           1138.7876           1142.2941           1145.5966           1149.0508           1152.6162           1156.9762    
       1164.5144           1176.3179           1183.2729           1186.1866           1188.9703           1191.3458           1194.0607           1197.0234           1196.7593           1195.4606    
       1196.4716           1194.5948           1196.4827           1197.6306          0.99999998E+31      0.99999998E+31      0.99999998E+31      0.99999998E+31      0.99999998E+31      0.99999998E+31
      0.99999998E+31      0.99999998E+31      0.99999998E+31      0.99999998E+31      0.99999998E+31      0.99999998E+31      0.99999998E+31      0.99999998E+31      0.99999998E+31      0.99999998E+31
      0.99999998E+31      0.99999998E+31      0.99999998E+31      0.99999998E+31      0.99999998E+31       1159.1128           1161.5599           1164.1124           1167.0720           1168.3134    
       1172.3766           1176.2537           1178.3743           1179.9283           1180.8804           1182.2274           1182.9436           1183.7007           1184.7838           1185.8491    
       1187.0637           1187.7183           1189.5450           1191.5471           1193.3627           1195.4822           1201.0724           1203.4362           1205.9037           1208.5787    
       1211.6730           1216.0662           1222.4053           1237.3550          0.99999998E+31      0.99999998E+31      0.99999998E+31      0.99999998E+31      0.99999998E+31      0.99999998E+31
      0.99999998E+31      0.99999998E+31
      0.99999998E+31      0.99999998E+31      0.99999998E+31      0.99999998E+31      0.99999998E+31      0.99999998E+31      0.99999998E+31      0.99999998E+31      0.99999998E+31      0.99999998E+31
      0.99999998E+31      0.99999998E+31      0.99999998E+31      0.99999998E+31      0.99999998E+31      0.99999998E+31      0.99999998E+31      0.99999998E+31      0.99999998E+31      0.99999998E+31
      0.99999998E+31      0.99999998E+31      0.99999998E+31      0.99999998E+31      0.99999998E+31      0.99999998E+31      0.99999998E+31      0.99999998E+31      0.99999998E+31      0.99999998E+31
      0.99999998E+31      0.99999998E+31      0.99999998E+31      0.99999998E+31      0.99999998E+31      0.99999998E+31      0.99999998E+31      0.99999998E+31      0.99999998E+31      0.99999998E+31
      0.99999998E+31      0.99999998E+31      0.99999998E+31      0.99999998E+31      0.99999998E+31      0.99999998E+31      0.99999998E+31      0.99999998E+31      0.99999998E+31      0.99999998E+31
      0.99999998E+31      0.99999998E+31      0.99999998E+31      0.99999998E+31      0.99999998E+31      0.99999998E+31      0.99999998E+31      0.99999998E+31      0.99999998E+31      0.99999998E+31
      0.99999998E+31      0.99999998E+31      0.99999998E+31      0.99999998E+31      0.99999998E+31      0.99999998E+31      0.99999998E+31      0.99999998E+31      0.99999998E+31      0.99999998E+31
      0.99999998E+31      0.99999998E+31      0.99999998E+31      0.99999998E+31      0.99999998E+31      0.99999998E+31      0.99999998E+31      0.99999998E+31      0.99999998E+31      0.99999998E+31
      0.99999998E+31      0.99999998E+31      0.99999998E+31      0.99999998E+31      0.99999998E+31      0.99999998E+31      0.99999998E+31      0.99999998E+31      0.99999998E+31      0.99999998E+31
      0.99999998E+31      0.99999998E+31      0.99999998E+31      0.99999998E+31      0.99999998E+31      0.99999998E+31      0.99999998E+31      0.99999998E+31      0.99999998E+31      0.99999998E+31
      0.99999998E+31      0.99999998E+31      0.99999998E+31      0.99999998E+31      0.99999998E+31      0.99999998E+31      0.99999998E+31      0.99999998E+31      0.99999998E+31      0.99999998E+31
      0.99999998E+31      0.99999998E+31      0.99999998E+31      0.99999998E+31      0.99999998E+31      0.99999998E+31       1051.5261           1052.2097           1053.0892           1054.0255    
       1055.2687           1056.7117           1058.2700           1059.9335           1061.7421           1063.7400           1065.8672           1068.2412           1070.8486           1073.7861    
       1076.9679           1080.5156           1085.0762           1090.4508           1096.5111           1101.1748           1105.7242           1110.3168           1114.8062           1119.3282    
       1123.7555           1128.1243           1132.3960           1136.4576           1140.4814           1144.2034           1147.8120           1151.6614           1155.6060           1159.7120    
       1163.5686          0.99999998E+31       1186.1545           1188.2280           1191.0139           1194.0049           1197.3009           1199.8700           1202.2379           1204.3732    
       1204.2085           1204.5806           1205.6503           1206.5781          0.99999998E+31      0.99999998E+31      0.99999998E+31      0.99999998E+31      0.99999998E+31      0.99999998E+31
      0.99999998E+31      0.99999998E+31      0.99999998E+31      0.99999998E+31      0.99999998E+31      0.99999998E+31      0.99999998E+31      0.99999998E+31      0.99999998E+31      0.99999998E+31
      0.99999998E+31      0.99999998E+31      0.99999998E+31      0.99999998E+31      0.99999998E+31       1162.9080           1163.6862           1164.8219           1168.6536           1171.0551    
       1174.4194           1177.1167           1179.0562           1180.6145           1180.8740           1182.2302           1183.6265           1184.2209           1185.7529           1186.9781    
       1187.1735           1188.4540           1189.9366           1191.8260           1193.5259           1195.1486           1200.8323           1203.0481           1205.3558           1207.8486    
       1210.7046           1214.7650           1226.7247          0.99999998E+31      0.99999998E+31      0.99999998E+31      0.99999998E+31      0.99999998E+31      0.99999998E+31      0.99999998E+31
      0.99999998E+31      0.99999998E+31
      0.99999998E+31      0.99999998E+31      0.99999998E+31      0.99999998E+31      0.99999998E+31      0.99999998E+31      0.99999998E+31      0.99999998E+31      0.99999998E+31      0.99999998E+31
      0.99999998E+31      0.99999998E+31      0.99999998E+31      0.99999998E+31      0.99999998E+31      0.99999998E+31      0.99999998E+31      0.99999998E+31      0.99999998E+31      0.99999998E+31
      0.99999998E+31      0.99999998E+31      0.99999998E+31      0.99999998E+31      0.99999998E+31      0.99999998E+31      0.99999998E+31      0.99999998E+31      0.99999998E+31      0.99999998E+31
      0.99999998E+31      0.99999998E+31      0.99999998E+31      0.99999998E+31      0.99999998E+31      0.99999998E+31      0.99999998E+31      0.99999998E+31      0.99999998E+31      0.99999998E+31
      0.99999998E+31      0.99999998E+31      0.99999998E+31      0.99999998E+31      0.99999998E+31      0.99999998E+31      0.99999998E+31      0.99999998E+31      0.99999998E+31      0.99999998E+31
      0.99999998E+31      0.99999998E+31      0.99999998E+31      0.99999998E+31      0.99999998E+31      0.99999998E+31      0.99999998E+31      0.99999998E+31      0.99999998E+31      0.99999998E+31
      0.99999998E+31      0.99999998E+31      0.99999998E+31      0.99999998E+31      0.99999998E+31      0.99999998E+31      0.99999998E+31      0.99999998E+31      0.99999998E+31      0.99999998E+31
      0.99999998E+31      0.99999998E+31      0.99999998E+31      0.99999998E+31      0.99999998E+31      0.99999998E+31      0.99999998E+31      0.99999998E+31      0.99999998E+31      0.99999998E+31
      0.99999998E+31      0.99999998E+31      0.99999998E+31      0.99999998E+31      0.99999998E+31      0.99999998E+31      0.99999998E+31      0.99999998E+31      0.99999998E+31      0.99999998E+31
      0.99999998E+31      0.99999998E+31      0.99999998E+31      0.99999998E+31      0.99999998E+31      0.99999998E+31      0.99999998E+31      0.99999998E+31      0.99999998E+31      0.99999998E+31
      0.99999998E+31      0.99999998E+31      0.99999998E+31      0.99999998E+31      0.99999998E+31      0.99999998E+31      0.99999998E+31      0.99999998E+31      0.99999998E+31      0.99999998E+31
      0.99999998E+31      0.99999998E+31      0.99999998E+31      0.99999998E+31      0.99999998E+31      0.99999998E+31      0.99999998E+31       1053.7241           1054.3982           1055.3064    
       1056.5981           1058.2424           1059.8501           1061.1472           1062.7777           1064.6010           1066.6677           1068.9794           1071.6091           1074.5023    
       1077.4883           1080.0934          0.99999998E+31      0.99999998E+31       1099.0955           1102.4586           1106.7239           1111.2815           1115.8618           1120.3057    
       1124.8295           1129.3920           1133.7788           1138.1353           1142.3716           1146.3209           1149.9980           1154.5610           1158.8933           1163.2128    
       1167.4351          0.99999998E+31       1186.9534           1189.2466           1192.4203           1195.8599           1199.2694           1202.1787           1205.1202           1207.2140    
       1209.8206           1211.4375           1213.2014           1215.0758           1222.0652          0.99999998E+31      0.99999998E+31      0.99999998E+31      0.99999998E+31      0.99999998E+31
      0.99999998E+31      0.99999998E+31      0.99999998E+31      0.99999998E+31      0.99999998E+31      0.99999998E+31      0.99999998E+31      0.99999998E+31      0.99999998E+31      0.99999998E+31
      0.99999998E+31      0.99999998E+31      0.99999998E+31      0.99999998E+31      0.99999998E+31       1166.3094           1167.0160           1168.9933           1172.2452           1174.9453    
       1176.3954           1178.3562           1179.9092           1181.0059           1181.6578           1182.7732           1184.4221           1185.0902           1186.4601           1187.4147    
       1186.7375           1188.6803           1190.2659           1192.0205           1193.7460           1195.5756           1200.6882           1202.7111           1204.7787           1206.9391    
       1209.2321           1211.8759           1214.5070          0.99999998E+31      0.99999998E+31      0.99999998E+31      0.99999998E+31      0.99999998E+31      0.99999998E+31      0.99999998E+31
      0.99999998E+31      0.99999998E+31
      0.99999998E+31      0.99999998E+31      0.99999998E+31      0.99999998E+31      0.99999998E+31      0.99999998E+31      0.99999998E+31      0.99999998E+31      0.99999998E+31      0.99999998E+31
      0.99999998E+31      0.99999998E+31      0.99999998E+31      0.99999998E+31      0.99999998E+31      0.99999998E+31      0.99999998E+31      0.99999998E+31      0.99999998E+31      0.99999998E+31
      0.99999998E+31      0.99999998E+31      0.99999998E+31      0.99999998E+31      0.99999998E+31      0.99999998E+31      0.99999998E+31      0.99999998E+31      0.99999998E+31      0.99999998E+31
      0.99999998E+31      0.99999998E+31      0.99999998E+31      0.99999998E+31      0.99999998E+31      0.99999998E+31      0.99999998E+31      0.99999998E+31      0.99999998E+31      0.99999998E+31
      0.99999998E+31      0.99999998E+31      0.99999998E+31      0.99999998E+31      0.99999998E+31      0.99999998E+31      0.99999998E+31      0.99999998E+31      0.99999998E+31      0.99999998E+31
      0.99999998E+31      0.99999998E+31      0.99999998E+31      0.99999998E+31      0.99999998E+31      0.99999998E+31      0.99999998E+31      0.99999998E+31      0.99999998E+31      0.99999998E+31
      0.99999998E+31      0.99999998E+31      0.99999998E+31      0.99999998E+31      0.99999998E+31      0.99999998E+31      0.99999998E+31      0.99999998E+31      0.99999998E+31      0.99999998E+31
      0.99999998E+31      0.99999998E+31      0.99999998E+31      0.99999998E+31      0.99999998E+31      0.99999998E+31      0.99999998E+31      0.99999998E+31      0.99999998E+31      0.99999998E+31
      0.99999998E+31      0.99999998E+31      0.99999998E+31      0.99999998E+31      0.99999998E+31      0.99999998E+31      0.99999998E+31      0.99999998E+31      0.99999998E+31      0.99999998E+31
      0.99999998E+31      0.99999998E+31      0.99999998E+31      0.99999998E+31      0.99999998E+31      0.99999998E+31      0.99999998E+31      0.99999998E+31      0.99999998E+31      0.99999998E+31
      0.99999998E+31      0.99999998E+31      0.99999998E+31      0.99999998E+31      0.99999998E+31      0.99999998E+31      0.99999998E+31      0.99999998E+31      0.99999998E+31      0.99999998E+31
      0.99999998E+31      0.99999998E+31      0.99999998E+31      0.99999998E+31      0.99999998E+31      0.99999998E+31      0.99999998E+31      0.99999998E+31       1055.3356           1056.2124    
       1057.6973           1059.8131           1061.0823           1062.2279           1063.7091           1065.4685           1067.4670           1069.7278           1072.3667           1075.3918    
       1078.7505           1082.3865           1087.7812           1093.1704           1098.3219           1102.7130           1107.1190           1111.9093           1116.6356           1121.4152    
       1125.9900           1130.6122           1135.2010           1139.8405           1144.4930           1148.8175           1153.0553           1157.8237           1162.4983           1167.3807    
       1172.7728           1180.1219           1185.9009           1189.7920           1193.5002           1197.3243           1201.0662           1204.2313           1207.1976           1210.1229    
       1213.1105           1216.0863           1219.3234           1222.0632           1225.4730           1228.1998          0.99999998E+31      0.99999998E+31      0.99999998E+31      0.99999998E+31
      0.99999998E+31      0.99999998E+31      0.99999998E+31      0.99999998E+31      0.99999998E+31      0.99999998E+31      0.99999998E+31      0.99999998E+31      0.99999998E+31      0.99999998E+31
      0.99999998E+31      0.99999998E+31      0.99999998E+31      0.99999998E+31      0.99999998E+31       1169.1420           1169.6083           1173.1244           1175.5192           1176.9695    
       1177.5703           1178.6998           1180.2826           1182.1075           1183.3171           1184.1206           1185.5342           1187.1693           1187.6222           1188.3700    
       1188.4032           1189.6664           1190.9756           1192.5549           1194.7620           1198.8171           1200.6542           1202.4583           1204.2556           1206.0568    
       1207.8304           1209.5492           1210.8401          0.99999998E+31      0.99999998E+31      0.99999998E+31      0.99999998E+31      0.99999998E+31      0.99999998E+31      0.99999998E+31
      0.99999998E+31      0.99999998E+31
      0.99999998E+31      0.99999998E+31      0.99999998E+31      0.99999998E+31      0.99999998E+31      0.99999998E+31      0.99999998E+31      0.99999998E+31      0.99999998E+31      0.99999998E+31
      0.99999998E+31      0.99999998E+31      0.99999998E+31      0.99999998E+31      0.99999998E+31      0.99999998E+31      0.99999998E+31      0.99999998E+31      0.99999998E+31      0.99999998E+31
      0.99999998E+31      0.99999998E+31      0.99999998E+31      0.99999998E+31      0.99999998E+31      0.99999998E+31      0.99999998E+31      0.99999998E+31      0.99999998E+31      0.99999998E+31
      0.99999998E+31      0.99999998E+31      0.99999998E+31      0.99999998E+31      0.99999998E+31      0.99999998E+31      0.99999998E+31      0.99999998E+31      0.99999998E+31      0.99999998E+31
      0.99999998E+31      0.99999998E+31      0.99999998E+31      0.99999998E+31      0.99999998E+31      0.99999998E+31      0.99999998E+31      0.99999998E+31      0.99999998E+31      0.99999998E+31
      0.99999998E+31      0.99999998E+31      0.99999998E+31      0.99999998E+31      0.99999998E+31      0.99999998E+31      0.99999998E+31      0.99999998E+31      0.99999998E+31      0.99999998E+31
      0.99999998E+31      0.99999998E+31      0.99999998E+31      0.99999998E+31      0.99999998E+31      0.99999998E+31      0.99999998E+31      0.99999998E+31      0.99999998E+31      0.99999998E+31
      0.99999998E+31      0.99999998E+31      0.99999998E+31      0.99999998E+31      0.99999998E+31      0.99999998E+31      0.99999998E+31      0.99999998E+31      0.99999998E+31      0.99999998E+31
      0.99999998E+31      0.99999998E+31      0.99999998E+31      0.99999998E+31      0.99999998E+31      0.99999998E+31      0.99999998E+31      0.99999998E+31      0.99999998E+31      0.99999998E+31
      0.99999998E+31      0.99999998E+31      0.99999998E+31      0.99999998E+31      0.99999998E+31      0.99999998E+31      0.99999998E+31      0.99999998E+31      0.99999998E+31      0.99999998E+31
      0.99999998E+31      0.99999998E+31      0.99999998E+31      0.99999998E+31      0.99999998E+31      0.99999998E+31      0.99999998E+31      0.99999998E+31      0.99999998E+31      0.99999998E+31
      0.99999998E+31      0.99999998E+31      0.99999998E+31      0.99999998E+31      0.99999998E+31      0.99999998E+31      0.99999998E+31      0.99999998E+31       1055.5317           1056.5557    
       1058.1976           1060.5411           1061.8997           1063.1401           1064.5470           1066.2559           1068.2312           1070.4672           1073.1089           1076.2412    
       1079.7758           1083.6908           1088.2134           1093.2966           1098.2303           1102.9463           1107.5969           1112.3522           1117.2622           1122.2512    
       1127.0297           1131.7648           1136.5452           1141.4218           1146.4518           1151.1520           1155.6586           1161.0985           1166.1787           1171.3369    
       1176.5731           1182.1005           1187.0609           1190.9775           1194.6803           1198.4690           1202.6184           1206.1129           1208.8212           1212.6693    
       1216.0630           1219.5325           1223.3638           1227.4561           1229.0791           1230.8507          0.99999998E+31      0.99999998E+31      0.99999998E+31      0.99999998E+31
      0.99999998E+31      0.99999998E+31      0.99999998E+31      0.99999998E+31      0.99999998E+31      0.99999998E+31      0.99999998E+31      0.99999998E+31      0.99999998E+31      0.99999998E+31
      0.99999998E+31      0.99999998E+31      0.99999998E+31      0.99999998E+31      0.99999998E+31       1171.4281           1172.5916           1173.7894           1176.7206           1178.2889    
       1178.3021           1179.6019           1182.6736           1184.4869           1184.9858           1185.3102           1187.0165           1188.6154           1189.4700           1190.6241    
       1189.8002           1190.9424           1192.0494           1195.5697           1197.3969           1199.1123           1200.7463           1202.3221           1203.8519           1205.3386    
       1206.7377           1207.9585           1208.7362          0.99999998E+31      0.99999998E+31      0.99999998E+31      0.99999998E+31      0.99999998E+31      0.99999998E+31      0.99999998E+31
      0.99999998E+31      0.99999998E+31
      0.99999998E+31      0.99999998E+31      0.99999998E+31      0.99999998E+31      0.99999998E+31      0.99999998E+31      0.99999998E+31      0.99999998E+31      0.99999998E+31      0.99999998E+31
      0.99999998E+31      0.99999998E+31      0.99999998E+31      0.99999998E+31      0.99999998E+31      0.99999998E+31      0.99999998E+31      0.99999998E+31      0.99999998E+31      0.99999998E+31
      0.99999998E+31      0.99999998E+31      0.99999998E+31      0.99999998E+31      0.99999998E+31      0.99999998E+31      0.99999998E+31      0.99999998E+31      0.99999998E+31      0.99999998E+31
      0.99999998E+31      0.99999998E+31      0.99999998E+31      0.99999998E+31      0.99999998E+31      0.99999998E+31      0.99999998E+31      0.99999998E+31      0.99999998E+31      0.99999998E+31
      0.99999998E+31      0.99999998E+31      0.99999998E+31      0.99999998E+31      0.99999998E+31      0.99999998E+31      0.99999998E+31      0.99999998E+31      0.99999998E+31      0.99999998E+31
      0.99999998E+31      0.99999998E+31      0.99999998E+31      0.99999998E+31      0.99999998E+31      0.99999998E+31      0.99999998E+31      0.99999998E+31      0.99999998E+31      0.99999998E+31
      0.99999998E+31      0.99999998E+31      0.99999998E+31      0.99999998E+31      0.99999998E+31      0.99999998E+31      0.99999998E+31      0.99999998E+31      0.99999998E+31      0.99999998E+31
      0.99999998E+31      0.99999998E+31      0.99999998E+31      0.99999998E+31      0.99999998E+31      0.99999998E+31      0.99999998E+31      0.99999998E+31      0.99999998E+31      0.99999998E+31
      0.99999998E+31      0.99999998E+31      0.99999998E+31      0.99999998E+31      0.99999998E+31      0.99999998E+31      0.99999998E+31      0.99999998E+31      0.99999998E+31      0.99999998E+31
      0.99999998E+31      0.99999998E+31      0.99999998E+31      0.99999998E+31      0.99999998E+31      0.99999998E+31      0.99999998E+31      0.99999998E+31      0.99999998E+31      0.99999998E+31
      0.99999998E+31      0.99999998E+31      0.99999998E+31      0.99999998E+31      0.99999998E+31      0.99999998E+31      0.99999998E+31      0.99999998E+31      0.99999998E+31      0.99999998E+31
      0.99999998E+31      0.99999998E+31      0.99999998E+31      0.99999998E+31      0.99999998E+31      0.99999998E+31       1051.1320           1052.5693           1054.9177           1056.3218    
       1058.1162           1060.3109           1062.5724           1064.0544           1065.2743           1066.9031           1068.8931           1071.1611           1073.8004           1076.9293    
       1080.5205           1084.3966           1088.8297           1093.6006           1098.4116           1103.1329           1107.8479           1112.6274           1117.6099           1122.8638    
       1127.9349           1132.8228           1137.8158           1142.7747           1147.9513           1153.3201           1158.8323           1164.5442           1169.6134           1175.0742    
       1180.0697           1184.6831           1188.8501           1192.3048           1196.2278           1199.9785           1203.9625           1207.8668           1211.6580           1215.5452    
       1218.9651           1222.6625           1226.5334           1229.3976           1231.6884           1233.7750          0.99999998E+31      0.99999998E+31      0.99999998E+31      0.99999998E+31
      0.99999998E+31      0.99999998E+31      0.99999998E+31      0.99999998E+31      0.99999998E+31      0.99999998E+31      0.99999998E+31      0.99999998E+31      0.99999998E+31      0.99999998E+31
      0.99999998E+31      0.99999998E+31      0.99999998E+31      0.99999998E+31      0.99999998E+31      0.99999998E+31       1174.9054           1176.4176           1177.4143           1179.7413    
       1182.0596           1183.9069           1185.1849           1185.3862           1186.0470           1184.2023           1187.5581           1189.4081           1190.4773           1190.8290    
       1190.9539           1192.3755           1195.0465           1198.7860           1197.9395           1199.5527           1200.9868           1202.3213           1203.5935           1204.8191    
       1206.0026           1206.9739           1207.5425          0.99999998E+31      0.99999998E+31      0.99999998E+31      0.99999998E+31      0.99999998E+31      0.99999998E+31      0.99999998E+31
      0.99999998E+31      0.99999998E+31
      0.99999998E+31      0.99999998E+31      0.99999998E+31      0.99999998E+31      0.99999998E+31      0.99999998E+31      0.99999998E+31      0.99999998E+31      0.99999998E+31      0.99999998E+31
      0.99999998E+31      0.99999998E+31      0.99999998E+31      0.99999998E+31      0.99999998E+31      0.99999998E+31      0.99999998E+31      0.99999998E+31      0.99999998E+31      0.99999998E+31
      0.99999998E+31      0.99999998E+31      0.99999998E+31      0.99999998E+31      0.99999998E+31      0.99999998E+31      0.99999998E+31      0.99999998E+31      0.99999998E+31      0.99999998E+31
      0.99999998E+31      0.99999998E+31      0.99999998E+31      0.99999998E+31      0.99999998E+31      0.99999998E+31      0.99999998E+31      0.99999998E+31      0.99999998E+31      0.99999998E+31
      0.99999998E+31      0.99999998E+31      0.99999998E+31      0.99999998E+31      0.99999998E+31      0.99999998E+31      0.99999998E+31      0.99999998E+31      0.99999998E+31      0.99999998E+31
      0.99999998E+31      0.99999998E+31      0.99999998E+31      0.99999998E+31      0.99999998E+31      0.99999998E+31      0.99999998E+31      0.99999998E+31      0.99999998E+31      0.99999998E+31
      0.99999998E+31      0.99999998E+31      0.99999998E+31      0.99999998E+31      0.99999998E+31      0.99999998E+31      0.99999998E+31      0.99999998E+31      0.99999998E+31      0.99999998E+31
      0.99999998E+31      0.99999998E+31      0.99999998E+31      0.99999998E+31      0.99999998E+31      0.99999998E+31      0.99999998E+31      0.99999998E+31      0.99999998E+31      0.99999998E+31
      0.99999998E+31      0.99999998E+31      0.99999998E+31      0.99999998E+31      0.99999998E+31      0.99999998E+31      0.99999998E+31      0.99999998E+31      0.99999998E+31      0.99999998E+31
      0.99999998E+31      0.99999998E+31      0.99999998E+31      0.99999998E+31      0.99999998E+31      0.99999998E+31      0.99999998E+31      0.99999998E+31      0.99999998E+31      0.99999998E+31
      0.99999998E+31      0.99999998E+31      0.99999998E+31      0.99999998E+31      0.99999998E+31      0.99999998E+31      0.99999998E+31      0.99999998E+31      0.99999998E+31      0.99999998E+31
      0.99999998E+31      0.99999998E+31      0.99999998E+31      0.99999998E+31       1049.0802           1049.2379           1050.5959           1051.4706           1054.0607           1055.7397    
       1057.8059           1060.2721           1063.1437           1064.6228           1065.8005           1067.4025           1069.4203           1071.7083           1074.3715           1077.4946    
       1081.0365           1084.8931           1089.2375           1093.8384           1098.5742           1103.3114           1108.0210           1112.7523           1117.6702           1123.4758    
       1128.8468           1133.6913           1139.1554           1144.1620           1149.3400           1155.3232           1161.2625           1167.3093           1172.8530           1178.1932    
       1182.8705           1187.2280           1191.1527           1194.7037           1198.1929           1201.7041           1205.6371           1209.9094           1214.1603           1218.4747    
       1222.2345           1225.6639           1229.0092           1231.7596           1234.3972           1237.1720          0.99999998E+31      0.99999998E+31      0.99999998E+31      0.99999998E+31
      0.99999998E+31      0.99999998E+31      0.99999998E+31      0.99999998E+31      0.99999998E+31      0.99999998E+31      0.99999998E+31      0.99999998E+31      0.99999998E+31      0.99999998E+31
      0.99999998E+31      0.99999998E+31      0.99999998E+31      0.99999998E+31      0.99999998E+31      0.99999998E+31      0.99999998E+31       1178.0444           1179.3939           1181.5067    
       1184.3916           1187.0417           1188.6819           1188.6825           1188.7859           1188.9025           1190.0197           1191.0800           1191.0198           1193.2522    
       1194.3268           1197.3926           1199.8275           1202.6991           1199.0239           1200.2037           1201.3854           1202.4705           1203.4745           1204.4412    
       1205.6128           1206.4985           1206.9954          0.99999998E+31      0.99999998E+31      0.99999998E+31      0.99999998E+31      0.99999998E+31      0.99999998E+31      0.99999998E+31
      0.99999998E+31      0.99999998E+31
      0.99999998E+31      0.99999998E+31      0.99999998E+31      0.99999998E+31      0.99999998E+31      0.99999998E+31      0.99999998E+31      0.99999998E+31      0.99999998E+31      0.99999998E+31
      0.99999998E+31      0.99999998E+31      0.99999998E+31      0.99999998E+31      0.99999998E+31      0.99999998E+31      0.99999998E+31      0.99999998E+31      0.99999998E+31      0.99999998E+31
      0.99999998E+31      0.99999998E+31      0.99999998E+31      0.99999998E+31      0.99999998E+31      0.99999998E+31      0.99999998E+31      0.99999998E+31      0.99999998E+31      0.99999998E+31
      0.99999998E+31      0.99999998E+31      0.99999998E+31      0.99999998E+31      0.99999998E+31      0.99999998E+31      0.99999998E+31      0.99999998E+31      0.99999998E+31      0.99999998E+31
      0.99999998E+31      0.99999998E+31      0.99999998E+31      0.99999998E+31      0.99999998E+31      0.99999998E+31      0.99999998E+31      0.99999998E+31      0.99999998E+31      0.99999998E+31
      0.99999998E+31      0.99999998E+31      0.99999998E+31      0.99999998E+31      0.99999998E+31      0.99999998E+31      0.99999998E+31      0.99999998E+31      0.99999998E+31      0.99999998E+31
      0.99999998E+31      0.99999998E+31      0.99999998E+31      0.99999998E+31      0.99999998E+31      0.99999998E+31      0.99999998E+31      0.99999998E+31      0.99999998E+31      0.99999998E+31
      0.99999998E+31      0.99999998E+31      0.99999998E+31      0.99999998E+31      0.99999998E+31      0.99999998E+31      0.99999998E+31      0.99999998E+31      0.99999998E+31      0.99999998E+31
      0.99999998E+31      0.99999998E+31      0.99999998E+31      0.99999998E+31      0.99999998E+31      0.99999998E+31      0.99999998E+31      0.99999998E+31      0.99999998E+31      0.99999998E+31
      0.99999998E+31      0.99999998E+31      0.99999998E+31      0.99999998E+31      0.99999998E+31      0.99999998E+31      0.99999998E+31      0.99999998E+31      0.99999998E+31      0.99999998E+31
      0.99999998E+31      0.99999998E+31      0.99999998E+31      0.99999998E+31      0.99999998E+31      0.99999998E+31      0.99999998E+31      0.99999998E+31      0.99999998E+31      0.99999998E+31
      0.99999998E+31      0.99999998E+31      0.99999998E+31      0.99999998E+31       1048.9540           1048.9843           1049.5559           1050.3055           1052.9242           1054.8304    
       1057.2201           1059.9965           1063.2887           1064.9169           1066.1027           1067.7010           1069.7573           1072.1155           1074.8079           1077.9137    
       1081.3696           1084.8757           1089.4082           1093.9382           1098.6233           1103.4811           1108.3754           1112.8081           1118.6221           1124.4872    
       1130.3165           1135.9331           1141.0591           1145.6255           1151.2489           1156.8730           1163.2568           1169.1239           1175.2231           1180.7524    
       1185.7295           1190.0356           1193.6978           1196.9977           1200.2247           1203.3041           1207.7206           1212.0001           1216.4574           1220.9095    
       1224.7051           1228.2252           1231.4965           1234.1418           1236.9281           1240.1053           1242.9135           1244.9971          0.99999998E+31      0.99999998E+31
      0.99999998E+31      0.99999998E+31      0.99999998E+31      0.99999998E+31      0.99999998E+31      0.99999998E+31      0.99999998E+31      0.99999998E+31      0.99999998E+31      0.99999998E+31
      0.99999998E+31      0.99999998E+31      0.99999998E+31      0.99999998E+31      0.99999998E+31      0.99999998E+31      0.99999998E+31      0.99999998E+31      0.99999998E+31       1182.9507    
       1184.3523           1187.1439           1188.7345           1189.1506           1190.4506           1191.3318           1191.9779           1192.5107           1192.9342           1194.7008    
       1198.6471           1199.2197           1201.6053           1203.3545           1200.1429           1201.0361           1201.9604           1202.7811           1203.4570           1203.9430    
      0.99999998E+31      0.99999998E+31      0.99999998E+31      0.99999998E+31      0.99999998E+31      0.99999998E+31      0.99999998E+31      0.99999998E+31      0.99999998E+31      0.99999998E+31
      0.99999998E+31      0.99999998E+31
      0.99999998E+31      0.99999998E+31      0.99999998E+31      0.99999998E+31      0.99999998E+31      0.99999998E+31      0.99999998E+31      0.99999998E+31      0.99999998E+31      0.99999998E+31
      0.99999998E+31      0.99999998E+31      0.99999998E+31      0.99999998E+31      0.99999998E+31      0.99999998E+31      0.99999998E+31      0.99999998E+31      0.99999998E+31      0.99999998E+31
      0.99999998E+31      0.99999998E+31      0.99999998E+31      0.99999998E+31      0.99999998E+31      0.99999998E+31      0.99999998E+31      0.99999998E+31      0.99999998E+31      0.99999998E+31
      0.99999998E+31      0.99999998E+31      0.99999998E+31      0.99999998E+31      0.99999998E+31      0.99999998E+31      0.99999998E+31      0.99999998E+31      0.99999998E+31      0.99999998E+31
      0.99999998E+31      0.99999998E+31      0.99999998E+31      0.99999998E+31      0.99999998E+31      0.99999998E+31      0.99999998E+31      0.99999998E+31      0.99999998E+31      0.99999998E+31
      0.99999998E+31      0.99999998E+31      0.99999998E+31      0.99999998E+31      0.99999998E+31      0.99999998E+31      0.99999998E+31      0.99999998E+31      0.99999998E+31      0.99999998E+31
      0.99999998E+31      0.99999998E+31      0.99999998E+31      0.99999998E+31      0.99999998E+31      0.99999998E+31      0.99999998E+31      0.99999998E+31      0.99999998E+31      0.99999998E+31
      0.99999998E+31      0.99999998E+31      0.99999998E+31      0.99999998E+31      0.99999998E+31      0.99999998E+31      0.99999998E+31      0.99999998E+31      0.99999998E+31      0.99999998E+31
      0.99999998E+31      0.99999998E+31      0.99999998E+31      0.99999998E+31      0.99999998E+31      0.99999998E+31      0.99999998E+31      0.99999998E+31      0.99999998E+31      0.99999998E+31
      0.99999998E+31      0.99999998E+31      0.99999998E+31      0.99999998E+31      0.99999998E+31      0.99999998E+31      0.99999998E+31      0.99999998E+31      0.99999998E+31      0.99999998E+31
      0.99999998E+31      0.99999998E+31      0.99999998E+31      0.99999998E+31      0.99999998E+31      0.99999998E+31      0.99999998E+31      0.99999998E+31      0.99999998E+31      0.99999998E+31
      0.99999998E+31      0.99999998E+31      0.99999998E+31      0.99999998E+31       1048.8260           1048.7856           1048.9658           1049.5170           1051.2664           1053.4158    
       1056.2689           1059.3875           1063.1141           1064.9548           1066.1895           1067.8098           1069.8503           1072.2875           1075.0597           1078.2689    
       1081.7209           1085.3389           1089.5164           1093.9491           1098.6185           1103.5477           1108.7346           1113.6697           1118.9399           1124.8600    
       1131.3367           1138.2163           1142.9393           1147.4816           1152.5767           1158.0782           1164.1626           1170.2225           1176.5531           1182.8214    
       1188.2916           1192.6028           1196.1597           1198.9885           1202.1427           1206.0493           1210.0520           1214.5909           1219.2133           1223.4989    
       1227.1088           1230.3271           1233.5583           1236.4451           1238.9795           1241.4761           1244.2925           1246.6759          0.99999998E+31      0.99999998E+31
      0.99999998E+31      0.99999998E+31      0.99999998E+31      0.99999998E+31      0.99999998E+31      0.99999998E+31      0.99999998E+31      0.99999998E+31      0.99999998E+31      0.99999998E+31
      0.99999998E+31      0.99999998E+31      0.99999998E+31      0.99999998E+31      0.99999998E+31      0.99999998E+31      0.99999998E+31      0.99999998E+31      0.99999998E+31      0.99999998E+31
      0.99999998E+31       1190.3268           1190.9381           1190.0486           1193.6260           1194.2191           1195.1217           1195.6335           1196.4395           1198.2567    
       1202.8640           1202.6876           1204.0974           1204.7200           1201.5488           1202.1289           1202.7660           1203.3174           1203.6843          0.99999998E+31
      0.99999998E+31      0.99999998E+31      0.99999998E+31      0.99999998E+31      0.99999998E+31      0.99999998E+31      0.99999998E+31      0.99999998E+31      0.99999998E+31      0.99999998E+31
      0.99999998E+31      0.99999998E+31
      0.99999998E+31      0.99999998E+31      0.99999998E+31      0.99999998E+31      0.99999998E+31      0.99999998E+31      0.99999998E+31      0.99999998E+31      0.99999998E+31      0.99999998E+31
      0.99999998E+31      0.99999998E+31      0.99999998E+31      0.99999998E+31      0.99999998E+31      0.99999998E+31      0.99999998E+31      0.99999998E+31      0.99999998E+31      0.99999998E+31
      0.99999998E+31      0.99999998E+31      0.99999998E+31      0.99999998E+31      0.99999998E+31      0.99999998E+31      0.99999998E+31      0.99999998E+31      0.99999998E+31      0.99999998E+31
      0.99999998E+31      0.99999998E+31      0.99999998E+31      0.99999998E+31      0.99999998E+31      0.99999998E+31      0.99999998E+31      0.99999998E+31      0.99999998E+31      0.99999998E+31
      0.99999998E+31      0.99999998E+31      0.99999998E+31      0.99999998E+31      0.99999998E+31      0.99999998E+31      0.99999998E+31      0.99999998E+31      0.99999998E+31      0.99999998E+31
      0.99999998E+31      0.99999998E+31      0.99999998E+31      0.99999998E+31      0.99999998E+31      0.99999998E+31      0.99999998E+31      0.99999998E+31      0.99999998E+31      0.99999998E+31
      0.99999998E+31      0.99999998E+31      0.99999998E+31      0.99999998E+31      0.99999998E+31      0.99999998E+31      0.99999998E+31      0.99999998E+31      0.99999998E+31      0.99999998E+31
      0.99999998E+31      0.99999998E+31      0.99999998E+31      0.99999998E+31      0.99999998E+31      0.99999998E+31      0.99999998E+31      0.99999998E+31      0.99999998E+31      0.99999998E+31
      0.99999998E+31      0.99999998E+31      0.99999998E+31      0.99999998E+31      0.99999998E+31      0.99999998E+31      0.99999998E+31      0.99999998E+31      0.99999998E+31      0.99999998E+31
      0.99999998E+31      0.99999998E+31      0.99999998E+31      0.99999998E+31      0.99999998E+31      0.99999998E+31      0.99999998E+31      0.99999998E+31      0.99999998E+31      0.99999998E+31
      0.99999998E+31      0.99999998E+31      0.99999998E+31      0.99999998E+31      0.99999998E+31      0.99999998E+31      0.99999998E+31      0.99999998E+31      0.99999998E+31      0.99999998E+31
      0.99999998E+31      0.99999998E+31      0.99999998E+31      0.99999998E+31      0.99999998E+31      0.99999998E+31      0.99999998E+31      0.99999998E+31      0.99999998E+31      0.99999998E+31
      0.99999998E+31      0.99999998E+31      0.99999998E+31      0.99999998E+31      0.99999998E+31      0.99999998E+31      0.99999998E+31      0.99999998E+31      0.99999998E+31      0.99999998E+31
      0.99999998E+31      0.99999998E+31      0.99999998E+31      0.99999998E+31      0.99999998E+31      0.99999998E+31      0.99999998E+31      0.99999998E+31      0.99999998E+31      0.99999998E+31
      0.99999998E+31       1142.1965           1144.2919           1148.0349           1152.5867           1157.5319           1163.7793           1169.5305           1176.8625           1184.1746    
       1190.4296           1195.1744           1198.4714           1199.9219           1204.6997           1208.3326           1211.9208           1217.1774           1222.0023           1225.9800    
       1229.1405           1232.2922           1235.3356           1238.0900           1240.5978           1242.3760           1245.6643           1248.2596           1250.3701           1251.8048    
       1252.6980           1253.3405          0.99999998E+31      0.99999998E+31      0.99999998E+31      0.99999998E+31      0.99999998E+31      0.99999998E+31      0.99999998E+31      0.99999998E+31
      0.99999998E+31      0.99999998E+31      0.99999998E+31      0.99999998E+31      0.99999998E+31      0.99999998E+31      0.99999998E+31      0.99999998E+31      0.99999998E+31      0.99999998E+31
      0.99999998E+31       1193.0186           1198.7563           1191.5686           1193.2130           1193.9318           1194.6783           1196.0035           1198.0902           1200.1775    
       1202.3275           1205.6622           1203.0297           1202.9519           1203.3020           1203.5988           1203.8895           1204.1852           1204.3816          0.99999998E+31
      0.99999998E+31      0.99999998E+31      0.99999998E+31      0.99999998E+31      0.99999998E+31      0.99999998E+31      0.99999998E+31      0.99999998E+31      0.99999998E+31      0.99999998E+31
      0.99999998E+31      0.99999998E+31
      0.99999998E+31      0.99999998E+31      0.99999998E+31      0.99999998E+31      0.99999998E+31      0.99999998E+31      0.99999998E+31      0.99999998E+31      0.99999998E+31      0.99999998E+31
      0.99999998E+31      0.99999998E+31      0.99999998E+31      0.99999998E+31      0.99999998E+31      0.99999998E+31      0.99999998E+31      0.99999998E+31      0.99999998E+31      0.99999998E+31
      0.99999998E+31      0.99999998E+31      0.99999998E+31      0.99999998E+31      0.99999998E+31      0.99999998E+31      0.99999998E+31      0.99999998E+31      0.99999998E+31      0.99999998E+31
      0.99999998E+31      0.99999998E+31      0.99999998E+31      0.99999998E+31      0.99999998E+31      0.99999998E+31      0.99999998E+31      0.99999998E+31      0.99999998E+31      0.99999998E+31
      0.99999998E+31      0.99999998E+31      0.99999998E+31      0.99999998E+31      0.99999998E+31      0.99999998E+31      0.99999998E+31      0.99999998E+31      0.99999998E+31      0.99999998E+31
      0.99999998E+31      0.99999998E+31      0.99999998E+31      0.99999998E+31      0.99999998E+31      0.99999998E+31      0.99999998E+31      0.99999998E+31      0.99999998E+31      0.99999998E+31
      0.99999998E+31      0.99999998E+31      0.99999998E+31      0.99999998E+31      0.99999998E+31      0.99999998E+31      0.99999998E+31      0.99999998E+31      0.99999998E+31      0.99999998E+31
      0.99999998E+31      0.99999998E+31      0.99999998E+31      0.99999998E+31      0.99999998E+31      0.99999998E+31      0.99999998E+31      0.99999998E+31      0.99999998E+31      0.99999998E+31
      0.99999998E+31      0.99999998E+31      0.99999998E+31      0.99999998E+31      0.99999998E+31      0.99999998E+31      0.99999998E+31      0.99999998E+31      0.99999998E+31      0.99999998E+31
      0.99999998E+31      0.99999998E+31      0.99999998E+31      0.99999998E+31      0.99999998E+31      0.99999998E+31      0.99999998E+31      0.99999998E+31      0.99999998E+31      0.99999998E+31
      0.99999998E+31      0.99999998E+31      0.99999998E+31      0.99999998E+31      0.99999998E+31      0.99999998E+31      0.99999998E+31      0.99999998E+31      0.99999998E+31      0.99999998E+31
      0.99999998E+31      0.99999998E+31      0.99999998E+31      0.99999998E+31      0.99999998E+31      0.99999998E+31      0.99999998E+31      0.99999998E+31      0.99999998E+31      0.99999998E+31
      0.99999998E+31      0.99999998E+31      0.99999998E+31      0.99999998E+31      0.99999998E+31      0.99999998E+31      0.99999998E+31      0.99999998E+31      0.99999998E+31      0.99999998E+31
      0.99999998E+31      0.99999998E+31      0.99999998E+31      0.99999998E+31      0.99999998E+31      0.99999998E+31      0.99999998E+31      0.99999998E+31      0.99999998E+31      0.99999998E+31
      0.99999998E+31       1144.4401           1145.9838           1148.8823           1153.0024           1158.1594           1163.8115           1168.8657           1175.9207           1186.6941    
       1195.4075           1200.8008           1204.4496           1207.4663           1213.8427           1213.8557           1217.1051           1222.5790           1225.6466           1227.9767    
       1229.7323           1232.9738           1236.9014           1239.4543           1241.9301           1244.3375           1246.8805           1249.1265           1250.9431           1252.3401    
       1253.3184           1254.1079           1254.0436           1254.3176           1254.8528           1255.4082           1255.8535          0.99999998E+31      0.99999998E+31      0.99999998E+31
      0.99999998E+31      0.99999998E+31      0.99999998E+31      0.99999998E+31      0.99999998E+31      0.99999998E+31      0.99999998E+31      0.99999998E+31      0.99999998E+31      0.99999998E+31
      0.99999998E+31      0.99999998E+31       1199.4911           1191.7953           1191.3390           1191.5697           1192.3602           1193.7856           1198.7762           1201.7394    
       1203.8934           1208.2211           1206.2772           1206.3196           1205.8190           1205.6093           1205.4612           1205.4324           1205.4515          0.99999998E+31
      0.99999998E+31      0.99999998E+31      0.99999998E+31      0.99999998E+31      0.99999998E+31      0.99999998E+31      0.99999998E+31      0.99999998E+31      0.99999998E+31      0.99999998E+31
      0.99999998E+31      0.99999998E+31
      0.99999998E+31      0.99999998E+31      0.99999998E+31      0.99999998E+31      0.99999998E+31      0.99999998E+31      0.99999998E+31      0.99999998E+31      0.99999998E+31      0.99999998E+31
      0.99999998E+31      0.99999998E+31      0.99999998E+31      0.99999998E+31      0.99999998E+31      0.99999998E+31      0.99999998E+31      0.99999998E+31      0.99999998E+31      0.99999998E+31
      0.99999998E+31      0.99999998E+31      0.99999998E+31      0.99999998E+31      0.99999998E+31      0.99999998E+31      0.99999998E+31      0.99999998E+31      0.99999998E+31      0.99999998E+31
      0.99999998E+31      0.99999998E+31      0.99999998E+31      0.99999998E+31      0.99999998E+31      0.99999998E+31      0.99999998E+31      0.99999998E+31      0.99999998E+31      0.99999998E+31
      0.99999998E+31      0.99999998E+31      0.99999998E+31      0.99999998E+31      0.99999998E+31      0.99999998E+31      0.99999998E+31      0.99999998E+31      0.99999998E+31      0.99999998E+31
      0.99999998E+31      0.99999998E+31      0.99999998E+31      0.99999998E+31      0.99999998E+31      0.99999998E+31      0.99999998E+31      0.99999998E+31      0.99999998E+31      0.99999998E+31
      0.99999998E+31      0.99999998E+31      0.99999998E+31      0.99999998E+31      0.99999998E+31      0.99999998E+31      0.99999998E+31      0.99999998E+31      0.99999998E+31      0.99999998E+31
      0.99999998E+31      0.99999998E+31      0.99999998E+31      0.99999998E+31      0.99999998E+31      0.99999998E+31      0.99999998E+31      0.99999998E+31      0.99999998E+31      0.99999998E+31
      0.99999998E+31      0.99999998E+31      0.99999998E+31      0.99999998E+31      0.99999998E+31      0.99999998E+31      0.99999998E+31      0.99999998E+31      0.99999998E+31      0.99999998E+31
      0.99999998E+31      0.99999998E+31      0.99999998E+31      0.99999998E+31      0.99999998E+31      0.99999998E+31      0.99999998E+31      0.99999998E+31      0.99999998E+31      0.99999998E+31
      0.99999998E+31      0.99999998E+31      0.99999998E+31      0.99999998E+31      0.99999998E+31      0.99999998E+31      0.99999998E+31      0.99999998E+31      0.99999998E+31      0.99999998E+31
      0.99999998E+31      0.99999998E+31      0.99999998E+31      0.99999998E+31      0.99999998E+31      0.99999998E+31      0.99999998E+31      0.99999998E+31      0.99999998E+31      0.99999998E+31
      0.99999998E+31      0.99999998E+31      0.99999998E+31      0.99999998E+31      0.99999998E+31      0.99999998E+31      0.99999998E+31      0.99999998E+31      0.99999998E+31      0.99999998E+31
      0.99999998E+31      0.99999998E+31      0.99999998E+31      0.99999998E+31      0.99999998E+31      0.99999998E+31      0.99999998E+31      0.99999998E+31      0.99999998E+31      0.99999998E+31
      0.99999998E+31       1145.5391           1146.6044           1148.6055           1152.0081           1158.2336           1164.2560           1170.7076           1180.9337           1195.2267    
       1205.5574           1212.0872           1215.4089           1217.9246           1223.6692           1226.8593           1229.7875           1232.3398           1231.7777           1233.4474    
       1235.2040           1236.4263           1238.1437           1239.8993           1242.6915           1245.1737           1247.2946           1249.3488           1250.9592           1252.2738    
       1253.1335           1253.8889           1253.9302           1254.4016           1254.9368           1255.6711           1256.3691          0.99999998E+31      0.99999998E+31      0.99999998E+31
      0.99999998E+31      0.99999998E+31      0.99999998E+31      0.99999998E+31      0.99999998E+31      0.99999998E+31      0.99999998E+31      0.99999998E+31      0.99999998E+31      0.99999998E+31
      0.99999998E+31      0.99999998E+31       1191.8510           1191.3771           1191.2100           1191.5114           1192.6559           1197.6005           1208.3391           1209.7417    
       1210.5769           1214.1248           1214.5956           1211.9720           1210.4214           1208.8311           1207.9636           1207.5385           1207.4110          0.99999998E+31
      0.99999998E+31      0.99999998E+31      0.99999998E+31      0.99999998E+31      0.99999998E+31      0.99999998E+31      0.99999998E+31      0.99999998E+31      0.99999998E+31      0.99999998E+31
      0.99999998E+31      0.99999998E+31
      0.99999998E+31      0.99999998E+31      0.99999998E+31      0.99999998E+31      0.99999998E+31      0.99999998E+31      0.99999998E+31      0.99999998E+31      0.99999998E+31      0.99999998E+31
      0.99999998E+31      0.99999998E+31      0.99999998E+31      0.99999998E+31      0.99999998E+31      0.99999998E+31      0.99999998E+31      0.99999998E+31      0.99999998E+31      0.99999998E+31
      0.99999998E+31      0.99999998E+31      0.99999998E+31      0.99999998E+31      0.99999998E+31      0.99999998E+31      0.99999998E+31      0.99999998E+31      0.99999998E+31      0.99999998E+31
      0.99999998E+31      0.99999998E+31      0.99999998E+31      0.99999998E+31      0.99999998E+31      0.99999998E+31      0.99999998E+31      0.99999998E+31      0.99999998E+31      0.99999998E+31
      0.99999998E+31      0.99999998E+31      0.99999998E+31      0.99999998E+31      0.99999998E+31      0.99999998E+31      0.99999998E+31      0.99999998E+31      0.99999998E+31      0.99999998E+31
      0.99999998E+31      0.99999998E+31      0.99999998E+31      0.99999998E+31      0.99999998E+31      0.99999998E+31      0.99999998E+31      0.99999998E+31      0.99999998E+31      0.99999998E+31
      0.99999998E+31      0.99999998E+31      0.99999998E+31      0.99999998E+31      0.99999998E+31      0.99999998E+31      0.99999998E+31      0.99999998E+31      0.99999998E+31      0.99999998E+31
      0.99999998E+31      0.99999998E+31      0.99999998E+31      0.99999998E+31      0.99999998E+31      0.99999998E+31      0.99999998E+31      0.99999998E+31      0.99999998E+31      0.99999998E+31
      0.99999998E+31      0.99999998E+31      0.99999998E+31      0.99999998E+31      0.99999998E+31      0.99999998E+31      0.99999998E+31      0.99999998E+31      0.99999998E+31      0.99999998E+31
      0.99999998E+31      0.99999998E+31      0.99999998E+31      0.99999998E+31      0.99999998E+31      0.99999998E+31      0.99999998E+31      0.99999998E+31      0.99999998E+31      0.99999998E+31
      0.99999998E+31      0.99999998E+31      0.99999998E+31      0.99999998E+31      0.99999998E+31      0.99999998E+31      0.99999998E+31      0.99999998E+31      0.99999998E+31      0.99999998E+31
      0.99999998E+31      0.99999998E+31      0.99999998E+31      0.99999998E+31      0.99999998E+31      0.99999998E+31      0.99999998E+31      0.99999998E+31      0.99999998E+31      0.99999998E+31
      0.99999998E+31      0.99999998E+31      0.99999998E+31      0.99999998E+31      0.99999998E+31      0.99999998E+31      0.99999998E+31      0.99999998E+31      0.99999998E+31      0.99999998E+31
      0.99999998E+31      0.99999998E+31      0.99999998E+31      0.99999998E+31      0.99999998E+31      0.99999998E+31      0.99999998E+31      0.99999998E+31      0.99999998E+31      0.99999998E+31
      0.99999998E+31      0.99999998E+31      0.99999998E+31      0.99999998E+31      0.99999998E+31      0.99999998E+31      0.99999998E+31      0.99999998E+31      0.99999998E+31       1207.8965    
       1213.2734           1220.4719           1225.1385           1228.9689           1231.7157           1235.9968           1238.0839           1241.3315           1242.7777           1243.8391    
       1243.8435           1240.7694           1240.7313           1242.0482           1243.8719           1245.8848           1246.7566           1248.9119           1250.0710           1251.3866    
       1252.0271           1252.6127           1253.1694           1254.0695           1255.1266           1255.9993           1256.7100          0.99999998E+31      0.99999998E+31      0.99999998E+31
      0.99999998E+31      0.99999998E+31      0.99999998E+31      0.99999998E+31      0.99999998E+31      0.99999998E+31      0.99999998E+31      0.99999998E+31      0.99999998E+31      0.99999998E+31
      0.99999998E+31      0.99999998E+31      0.99999998E+31      0.99999998E+31      0.99999998E+31      0.99999998E+31      0.99999998E+31      0.99999998E+31      0.99999998E+31      0.99999998E+31
      0.99999998E+31      0.99999998E+31      0.99999998E+31      0.99999998E+31      0.99999998E+31      0.99999998E+31      0.99999998E+31      0.99999998E+31      0.99999998E+31      0.99999998E+31
      0.99999998E+31      0.99999998E+31      0.99999998E+31      0.99999998E+31      0.99999998E+31      0.99999998E+31      0.99999998E+31      0.99999998E+31      0.99999998E+31      0.99999998E+31
      0.99999998E+31      0.99999998E+31
      0.99999998E+31      0.99999998E+31      0.99999998E+31      0.99999998E+31      0.99999998E+31      0.99999998E+31      0.99999998E+31      0.99999998E+31      0.99999998E+31      0.99999998E+31
      0.99999998E+31      0.99999998E+31      0.99999998E+31      0.99999998E+31      0.99999998E+31      0.99999998E+31      0.99999998E+31      0.99999998E+31      0.99999998E+31      0.99999998E+31
      0.99999998E+31      0.99999998E+31      0.99999998E+31      0.99999998E+31      0.99999998E+31      0.99999998E+31      0.99999998E+31      0.99999998E+31      0.99999998E+31      0.99999998E+31
      0.99999998E+31      0.99999998E+31      0.99999998E+31      0.99999998E+31      0.99999998E+31      0.99999998E+31      0.99999998E+31      0.99999998E+31      0.99999998E+31      0.99999998E+31
      0.99999998E+31      0.99999998E+31      0.99999998E+31      0.99999998E+31      0.99999998E+31      0.99999998E+31      0.99999998E+31      0.99999998E+31      0.99999998E+31      0.99999998E+31
      0.99999998E+31      0.99999998E+31      0.99999998E+31      0.99999998E+31      0.99999998E+31      0.99999998E+31      0.99999998E+31      0.99999998E+31      0.99999998E+31      0.99999998E+31
      0.99999998E+31      0.99999998E+31      0.99999998E+31      0.99999998E+31      0.99999998E+31      0.99999998E+31      0.99999998E+31      0.99999998E+31      0.99999998E+31      0.99999998E+31
      0.99999998E+31      0.99999998E+31      0.99999998E+31      0.99999998E+31      0.99999998E+31      0.99999998E+31      0.99999998E+31      0.99999998E+31      0.99999998E+31      0.99999998E+31
      0.99999998E+31      0.99999998E+31      0.99999998E+31      0.99999998E+31      0.99999998E+31      0.99999998E+31      0.99999998E+31      0.99999998E+31      0.99999998E+31      0.99999998E+31
      0.99999998E+31      0.99999998E+31      0.99999998E+31      0.99999998E+31      0.99999998E+31      0.99999998E+31      0.99999998E+31      0.99999998E+31      0.99999998E+31      0.99999998E+31
      0.99999998E+31      0.99999998E+31      0.99999998E+31      0.99999998E+31      0.99999998E+31      0.99999998E+31      0.99999998E+31      0.99999998E+31      0.99999998E+31      0.99999998E+31
      0.99999998E+31      0.99999998E+31      0.99999998E+31      0.99999998E+31      0.99999998E+31      0.99999998E+31      0.99999998E+31      0.99999998E+31      0.99999998E+31      0.99999998E+31
      0.99999998E+31      0.99999998E+31      0.99999998E+31      0.99999998E+31      0.99999998E+31      0.99999998E+31      0.99999998E+31      0.99999998E+31      0.99999998E+31      0.99999998E+31
      0.99999998E+31      0.99999998E+31      0.99999998E+31      0.99999998E+31      0.99999998E+31      0.99999998E+31      0.99999998E+31      0.99999998E+31      0.99999998E+31      0.99999998E+31
      0.99999998E+31      0.99999998E+31      0.99999998E+31      0.99999998E+31      0.99999998E+31      0.99999998E+31      0.99999998E+31      0.99999998E+31      0.99999998E+31       1216.2416    
       1221.8939           1227.0140           1231.3030           1235.2546           1238.6118           1241.8033           1244.7205           1247.5239           1249.5503           1250.6654    
       1250.1161           1247.0275           1244.0288           1243.9326           1245.2676           1247.0098           1247.6444           1248.1676           1247.6163           1249.5054    
       1249.5980           1249.7404           1251.9878           1253.5701           1254.9827           1256.2457           1257.2639           1258.3772          0.99999998E+31      0.99999998E+31
      0.99999998E+31      0.99999998E+31      0.99999998E+31      0.99999998E+31      0.99999998E+31      0.99999998E+31      0.99999998E+31      0.99999998E+31      0.99999998E+31      0.99999998E+31
      0.99999998E+31      0.99999998E+31      0.99999998E+31      0.99999998E+31      0.99999998E+31      0.99999998E+31      0.99999998E+31      0.99999998E+31      0.99999998E+31      0.99999998E+31
      0.99999998E+31      0.99999998E+31      0.99999998E+31      0.99999998E+31      0.99999998E+31      0.99999998E+31      0.99999998E+31      0.99999998E+31      0.99999998E+31      0.99999998E+31
      0.99999998E+31      0.99999998E+31      0.99999998E+31      0.99999998E+31      0.99999998E+31      0.99999998E+31      0.99999998E+31      0.99999998E+31      0.99999998E+31      0.99999998E+31
      0.99999998E+31      0.99999998E+31
      0.99999998E+31      0.99999998E+31      0.99999998E+31      0.99999998E+31      0.99999998E+31      0.99999998E+31      0.99999998E+31      0.99999998E+31      0.99999998E+31      0.99999998E+31
      0.99999998E+31      0.99999998E+31      0.99999998E+31      0.99999998E+31      0.99999998E+31      0.99999998E+31      0.99999998E+31      0.99999998E+31      0.99999998E+31      0.99999998E+31
      0.99999998E+31      0.99999998E+31      0.99999998E+31      0.99999998E+31      0.99999998E+31      0.99999998E+31      0.99999998E+31      0.99999998E+31      0.99999998E+31      0.99999998E+31
      0.99999998E+31      0.99999998E+31      0.99999998E+31      0.99999998E+31      0.99999998E+31      0.99999998E+31      0.99999998E+31      0.99999998E+31      0.99999998E+31      0.99999998E+31
      0.99999998E+31      0.99999998E+31      0.99999998E+31      0.99999998E+31      0.99999998E+31      0.99999998E+31      0.99999998E+31      0.99999998E+31      0.99999998E+31      0.99999998E+31
      0.99999998E+31      0.99999998E+31      0.99999998E+31      0.99999998E+31      0.99999998E+31      0.99999998E+31      0.99999998E+31      0.99999998E+31      0.99999998E+31      0.99999998E+31
      0.99999998E+31      0.99999998E+31      0.99999998E+31      0.99999998E+31      0.99999998E+31      0.99999998E+31      0.99999998E+31      0.99999998E+31      0.99999998E+31      0.99999998E+31
      0.99999998E+31      0.99999998E+31      0.99999998E+31      0.99999998E+31      0.99999998E+31      0.99999998E+31      0.99999998E+31      0.99999998E+31      0.99999998E+31      0.99999998E+31
      0.99999998E+31      0.99999998E+31      0.99999998E+31      0.99999998E+31      0.99999998E+31      0.99999998E+31      0.99999998E+31      0.99999998E+31      0.99999998E+31      0.99999998E+31
      0.99999998E+31      0.99999998E+31      0.99999998E+31      0.99999998E+31      0.99999998E+31      0.99999998E+31      0.99999998E+31      0.99999998E+31      0.99999998E+31      0.99999998E+31
      0.99999998E+31      0.99999998E+31      0.99999998E+31      0.99999998E+31      0.99999998E+31      0.99999998E+31      0.99999998E+31      0.99999998E+31      0.99999998E+31      0.99999998E+31
      0.99999998E+31      0.99999998E+31      0.99999998E+31      0.99999998E+31      0.99999998E+31      0.99999998E+31      0.99999998E+31      0.99999998E+31      0.99999998E+31      0.99999998E+31
      0.99999998E+31      0.99999998E+31      0.99999998E+31      0.99999998E+31      0.99999998E+31      0.99999998E+31      0.99999998E+31      0.99999998E+31      0.99999998E+31      0.99999998E+31
      0.99999998E+31      0.99999998E+31      0.99999998E+31      0.99999998E+31      0.99999998E+31      0.99999998E+31      0.99999998E+31      0.99999998E+31      0.99999998E+31      0.99999998E+31
      0.99999998E+31      0.99999998E+31      0.99999998E+31      0.99999998E+31      0.99999998E+31      0.99999998E+31      0.99999998E+31      0.99999998E+31      0.99999998E+31       1220.8135    
       1225.7386           1229.4349           1231.6466           1234.2323           1237.4673           1240.7007           1244.1311           1247.5894           1251.1207           1253.5173    
       1253.7338           1251.7688           1249.8226           1250.3097           1250.6875           1250.4819           1248.7963           1248.5969           1248.5598           1249.2164    
       1249.5337           1249.9525           1251.4055           1253.1906           1254.8389           1256.2772           1257.5321           1258.3259          0.99999998E+31      0.99999998E+31
      0.99999998E+31      0.99999998E+31      0.99999998E+31      0.99999998E+31      0.99999998E+31      0.99999998E+31      0.99999998E+31      0.99999998E+31      0.99999998E+31      0.99999998E+31
      0.99999998E+31      0.99999998E+31      0.99999998E+31      0.99999998E+31      0.99999998E+31      0.99999998E+31      0.99999998E+31      0.99999998E+31      0.99999998E+31      0.99999998E+31
      0.99999998E+31      0.99999998E+31      0.99999998E+31      0.99999998E+31      0.99999998E+31      0.99999998E+31      0.99999998E+31      0.99999998E+31      0.99999998E+31      0.99999998E+31
      0.99999998E+31      0.99999998E+31      0.99999998E+31      0.99999998E+31      0.99999998E+31      0.99999998E+31      0.99999998E+31      0.99999998E+31      0.99999998E+31      0.99999998E+31
      0.99999998E+31      0.99999998E+31
      0.99999998E+31      0.99999998E+31      0.99999998E+31      0.99999998E+31      0.99999998E+31      0.99999998E+31      0.99999998E+31      0.99999998E+31      0.99999998E+31      0.99999998E+31
      0.99999998E+31      0.99999998E+31      0.99999998E+31      0.99999998E+31      0.99999998E+31      0.99999998E+31      0.99999998E+31      0.99999998E+31      0.99999998E+31      0.99999998E+31
      0.99999998E+31      0.99999998E+31      0.99999998E+31      0.99999998E+31      0.99999998E+31      0.99999998E+31      0.99999998E+31      0.99999998E+31      0.99999998E+31      0.99999998E+31
      0.99999998E+31      0.99999998E+31      0.99999998E+31      0.99999998E+31      0.99999998E+31      0.99999998E+31      0.99999998E+31      0.99999998E+31      0.99999998E+31      0.99999998E+31
      0.99999998E+31      0.99999998E+31      0.99999998E+31      0.99999998E+31      0.99999998E+31      0.99999998E+31      0.99999998E+31      0.99999998E+31      0.99999998E+31      0.99999998E+31
      0.99999998E+31      0.99999998E+31      0.99999998E+31      0.99999998E+31      0.99999998E+31      0.99999998E+31      0.99999998E+31      0.99999998E+31      0.99999998E+31      0.99999998E+31
      0.99999998E+31      0.99999998E+31      0.99999998E+31      0.99999998E+31      0.99999998E+31      0.99999998E+31      0.99999998E+31      0.99999998E+31      0.99999998E+31      0.99999998E+31
      0.99999998E+31      0.99999998E+31      0.99999998E+31      0.99999998E+31      0.99999998E+31      0.99999998E+31      0.99999998E+31      0.99999998E+31      0.99999998E+31      0.99999998E+31
      0.99999998E+31      0.99999998E+31      0.99999998E+31      0.99999998E+31      0.99999998E+31      0.99999998E+31      0.99999998E+31      0.99999998E+31      0.99999998E+31      0.99999998E+31
      0.99999998E+31      0.99999998E+31      0.99999998E+31      0.99999998E+31      0.99999998E+31      0.99999998E+31      0.99999998E+31      0.99999998E+31      0.99999998E+31      0.99999998E+31
      0.99999998E+31      0.99999998E+31      0.99999998E+31      0.99999998E+31      0.99999998E+31      0.99999998E+31      0.99999998E+31      0.99999998E+31      0.99999998E+31      0.99999998E+31
      0.99999998E+31      0.99999998E+31      0.99999998E+31      0.99999998E+31      0.99999998E+31      0.99999998E+31      0.99999998E+31      0.99999998E+31      0.99999998E+31      0.99999998E+31
      0.99999998E+31      0.99999998E+31      0.99999998E+31      0.99999998E+31      0.99999998E+31      0.99999998E+31      0.99999998E+31      0.99999998E+31      0.99999998E+31      0.99999998E+31
      0.99999998E+31      0.99999998E+31      0.99999998E+31      0.99999998E+31      0.99999998E+31      0.99999998E+31      0.99999998E+31      0.99999998E+31      0.99999998E+31      0.99999998E+31
      0.99999998E+31      0.99999998E+31      0.99999998E+31      0.99999998E+31      0.99999998E+31      0.99999998E+31      0.99999998E+31      0.99999998E+31      0.99999998E+31       1222.1919    
       1224.5300           1227.1189           1229.1255           1232.1327           1235.6472           1238.7682           1241.8185           1244.0605           1248.0634           1250.9753    
       1252.8785           1252.7322           1253.2499           1253.9972           1254.1746           1253.5320           1251.8241           1250.2640           1249.0898           1249.3253    
       1249.3688           1249.1544           1250.4855           1252.8744           1254.8550           1256.4657           1257.6538           1258.3282          0.99999998E+31      0.99999998E+31
      0.99999998E+31      0.99999998E+31      0.99999998E+31      0.99999998E+31      0.99999998E+31      0.99999998E+31      0.99999998E+31      0.99999998E+31      0.99999998E+31      0.99999998E+31
      0.99999998E+31      0.99999998E+31      0.99999998E+31      0.99999998E+31      0.99999998E+31      0.99999998E+31      0.99999998E+31      0.99999998E+31      0.99999998E+31      0.99999998E+31
      0.99999998E+31      0.99999998E+31      0.99999998E+31      0.99999998E+31      0.99999998E+31      0.99999998E+31      0.99999998E+31      0.99999998E+31      0.99999998E+31      0.99999998E+31
      0.99999998E+31      0.99999998E+31      0.99999998E+31      0.99999998E+31      0.99999998E+31      0.99999998E+31      0.99999998E+31      0.99999998E+31      0.99999998E+31      0.99999998E+31
      0.99999998E+31      0.99999998E+31
      0.99999998E+31      0.99999998E+31      0.99999998E+31      0.99999998E+31      0.99999998E+31      0.99999998E+31      0.99999998E+31      0.99999998E+31      0.99999998E+31      0.99999998E+31
      0.99999998E+31      0.99999998E+31      0.99999998E+31      0.99999998E+31      0.99999998E+31      0.99999998E+31      0.99999998E+31      0.99999998E+31      0.99999998E+31      0.99999998E+31
      0.99999998E+31      0.99999998E+31      0.99999998E+31      0.99999998E+31      0.99999998E+31      0.99999998E+31      0.99999998E+31      0.99999998E+31      0.99999998E+31      0.99999998E+31
      0.99999998E+31      0.99999998E+31      0.99999998E+31      0.99999998E+31      0.99999998E+31      0.99999998E+31      0.99999998E+31      0.99999998E+31      0.99999998E+31      0.99999998E+31
      0.99999998E+31      0.99999998E+31      0.99999998E+31      0.99999998E+31      0.99999998E+31      0.99999998E+31      0.99999998E+31      0.99999998E+31      0.99999998E+31      0.99999998E+31
      0.99999998E+31      0.99999998E+31      0.99999998E+31      0.99999998E+31      0.99999998E+31      0.99999998E+31      0.99999998E+31      0.99999998E+31      0.99999998E+31      0.99999998E+31
      0.99999998E+31      0.99999998E+31      0.99999998E+31      0.99999998E+31      0.99999998E+31      0.99999998E+31      0.99999998E+31      0.99999998E+31      0.99999998E+31      0.99999998E+31
      0.99999998E+31      0.99999998E+31      0.99999998E+31      0.99999998E+31      0.99999998E+31      0.99999998E+31      0.99999998E+31      0.99999998E+31      0.99999998E+31      0.99999998E+31
      0.99999998E+31      0.99999998E+31      0.99999998E+31      0.99999998E+31      0.99999998E+31      0.99999998E+31      0.99999998E+31      0.99999998E+31      0.99999998E+31      0.99999998E+31
      0.99999998E+31      0.99999998E+31      0.99999998E+31      0.99999998E+31      0.99999998E+31      0.99999998E+31      0.99999998E+31      0.99999998E+31      0.99999998E+31      0.99999998E+31
      0.99999998E+31      0.99999998E+31      0.99999998E+31      0.99999998E+31      0.99999998E+31      0.99999998E+31      0.99999998E+31      0.99999998E+31      0.99999998E+31      0.99999998E+31
      0.99999998E+31      0.99999998E+31      0.99999998E+31      0.99999998E+31      0.99999998E+31      0.99999998E+31      0.99999998E+31      0.99999998E+31      0.99999998E+31      0.99999998E+31
      0.99999998E+31      0.99999998E+31      0.99999998E+31      0.99999998E+31      0.99999998E+31      0.99999998E+31      0.99999998E+31      0.99999998E+31      0.99999998E+31      0.99999998E+31
      0.99999998E+31      0.99999998E+31      0.99999998E+31      0.99999998E+31      0.99999998E+31      0.99999998E+31      0.99999998E+31      0.99999998E+31      0.99999998E+31      0.99999998E+31
      0.99999998E+31      0.99999998E+31      0.99999998E+31      0.99999998E+31      0.99999998E+31      0.99999998E+31      0.99999998E+31      0.99999998E+31      0.99999998E+31       1222.8002    
       1223.9375           1225.9188           1227.8801           1229.9301           1233.4287           1237.0468           1240.2406           1243.1781           1247.0897           1249.6891    
       1251.5769           1252.3495           1253.1366           1253.9780           1254.4719           1254.6211           1253.7881           1251.5525           1250.1392           1249.7849    
       1249.4828           1249.5789           1250.2045           1253.1683           1255.7146           1257.3146           1258.3538           1259.5422          0.99999998E+31      0.99999998E+31
      0.99999998E+31      0.99999998E+31      0.99999998E+31      0.99999998E+31      0.99999998E+31      0.99999998E+31      0.99999998E+31      0.99999998E+31      0.99999998E+31      0.99999998E+31
      0.99999998E+31      0.99999998E+31      0.99999998E+31      0.99999998E+31      0.99999998E+31      0.99999998E+31      0.99999998E+31      0.99999998E+31      0.99999998E+31      0.99999998E+31
      0.99999998E+31      0.99999998E+31      0.99999998E+31      0.99999998E+31      0.99999998E+31      0.99999998E+31      0.99999998E+31      0.99999998E+31      0.99999998E+31      0.99999998E+31
      0.99999998E+31      0.99999998E+31      0.99999998E+31      0.99999998E+31      0.99999998E+31      0.99999998E+31      0.99999998E+31      0.99999998E+31      0.99999998E+31      0.99999998E+31
      0.99999998E+31      0.99999998E+31
      0.99999998E+31      0.99999998E+31      0.99999998E+31      0.99999998E+31      0.99999998E+31      0.99999998E+31      0.99999998E+31      0.99999998E+31      0.99999998E+31      0.99999998E+31
      0.99999998E+31      0.99999998E+31      0.99999998E+31      0.99999998E+31      0.99999998E+31      0.99999998E+31      0.99999998E+31      0.99999998E+31      0.99999998E+31      0.99999998E+31
      0.99999998E+31      0.99999998E+31      0.99999998E+31      0.99999998E+31      0.99999998E+31      0.99999998E+31      0.99999998E+31      0.99999998E+31      0.99999998E+31      0.99999998E+31
      0.99999998E+31      0.99999998E+31      0.99999998E+31      0.99999998E+31      0.99999998E+31      0.99999998E+31      0.99999998E+31      0.99999998E+31      0.99999998E+31      0.99999998E+31
      0.99999998E+31      0.99999998E+31      0.99999998E+31      0.99999998E+31      0.99999998E+31      0.99999998E+31      0.99999998E+31      0.99999998E+31      0.99999998E+31      0.99999998E+31
      0.99999998E+31      0.99999998E+31      0.99999998E+31      0.99999998E+31      0.99999998E+31      0.99999998E+31      0.99999998E+31      0.99999998E+31      0.99999998E+31      0.99999998E+31
      0.99999998E+31      0.99999998E+31      0.99999998E+31      0.99999998E+31      0.99999998E+31      0.99999998E+31      0.99999998E+31      0.99999998E+31      0.99999998E+31      0.99999998E+31
      0.99999998E+31      0.99999998E+31      0.99999998E+31      0.99999998E+31      0.99999998E+31      0.99999998E+31      0.99999998E+31      0.99999998E+31      0.99999998E+31      0.99999998E+31
      0.99999998E+31      0.99999998E+31      0.99999998E+31      0.99999998E+31      0.99999998E+31      0.99999998E+31      0.99999998E+31      0.99999998E+31      0.99999998E+31      0.99999998E+31
      0.99999998E+31      0.99999998E+31      0.99999998E+31      0.99999998E+31      0.99999998E+31      0.99999998E+31      0.99999998E+31      0.99999998E+31      0.99999998E+31      0.99999998E+31
      0.99999998E+31      0.99999998E+31      0.99999998E+31      0.99999998E+31      0.99999998E+31      0.99999998E+31      0.99999998E+31      0.99999998E+31      0.99999998E+31      0.99999998E+31
      0.99999998E+31      0.99999998E+31      0.99999998E+31      0.99999998E+31      0.99999998E+31      0.99999998E+31      0.99999998E+31      0.99999998E+31      0.99999998E+31      0.99999998E+31
      0.99999998E+31      0.99999998E+31      0.99999998E+31      0.99999998E+31      0.99999998E+31      0.99999998E+31      0.99999998E+31      0.99999998E+31      0.99999998E+31      0.99999998E+31
      0.99999998E+31      0.99999998E+31      0.99999998E+31      0.99999998E+31      0.99999998E+31      0.99999998E+31      0.99999998E+31      0.99999998E+31      0.99999998E+31      0.99999998E+31
      0.99999998E+31      0.99999998E+31      0.99999998E+31      0.99999998E+31      0.99999998E+31      0.99999998E+31      0.99999998E+31      0.99999998E+31      0.99999998E+31      0.99999998E+31
      0.99999998E+31      0.99999998E+31      0.99999998E+31      0.99999998E+31      0.99999998E+31      0.99999998E+31      0.99999998E+31      0.99999998E+31      0.99999998E+31      0.99999998E+31
      0.99999998E+31      0.99999998E+31      0.99999998E+31      0.99999998E+31      0.99999998E+31      0.99999998E+31      0.99999998E+31      0.99999998E+31      0.99999998E+31      0.99999998E+31
      0.99999998E+31       1251.2145           1252.4978           1254.2639           1256.1998           1257.9440           1259.5637           1262.6332          0.99999998E+31      0.99999998E+31
      0.99999998E+31      0.99999998E+31      0.99999998E+31      0.99999998E+31      0.99999998E+31      0.99999998E+31      0.99999998E+31      0.99999998E+31      0.99999998E+31      0.99999998E+31
      0.99999998E+31      0.99999998E+31      0.99999998E+31      0.99999998E+31      0.99999998E+31      0.99999998E+31      0.99999998E+31      0.99999998E+31      0.99999998E+31      0.99999998E+31
      0.99999998E+31      0.99999998E+31      0.99999998E+31      0.99999998E+31      0.99999998E+31      0.99999998E+31      0.99999998E+31      0.99999998E+31      0.99999998E+31      0.99999998E+31
      0.99999998E+31      0.99999998E+31      0.99999998E+31      0.99999998E+31      0.99999998E+31      0.99999998E+31      0.99999998E+31      0.99999998E+31      0.99999998E+31      0.99999998E+31
      0.99999998E+31      0.99999998E+31
      0.99999998E+31      0.99999998E+31      0.99999998E+31      0.99999998E+31      0.99999998E+31      0.99999998E+31      0.99999998E+31      0.99999998E+31      0.99999998E+31      0.99999998E+31
      0.99999998E+31      0.99999998E+31      0.99999998E+31      0.99999998E+31      0.99999998E+31      0.99999998E+31      0.99999998E+31      0.99999998E+31      0.99999998E+31      0.99999998E+31
      0.99999998E+31      0.99999998E+31      0.99999998E+31      0.99999998E+31      0.99999998E+31      0.99999998E+31      0.99999998E+31      0.99999998E+31      0.99999998E+31      0.99999998E+31
      0.99999998E+31      0.99999998E+31      0.99999998E+31      0.99999998E+31      0.99999998E+31      0.99999998E+31      0.99999998E+31      0.99999998E+31      0.99999998E+31      0.99999998E+31
      0.99999998E+31      0.99999998E+31      0.99999998E+31      0.99999998E+31      0.99999998E+31      0.99999998E+31      0.99999998E+31      0.99999998E+31      0.99999998E+31      0.99999998E+31
      0.99999998E+31      0.99999998E+31      0.99999998E+31      0.99999998E+31      0.99999998E+31      0.99999998E+31      0.99999998E+31      0.99999998E+31      0.99999998E+31      0.99999998E+31
      0.99999998E+31      0.99999998E+31      0.99999998E+31      0.99999998E+31      0.99999998E+31      0.99999998E+31      0.99999998E+31      0.99999998E+31      0.99999998E+31      0.99999998E+31
      0.99999998E+31      0.99999998E+31      0.99999998E+31      0.99999998E+31      0.99999998E+31      0.99999998E+31      0.99999998E+31      0.99999998E+31      0.99999998E+31      0.99999998E+31
      0.99999998E+31      0.99999998E+31      0.99999998E+31      0.99999998E+31      0.99999998E+31      0.99999998E+31      0.99999998E+31      0.99999998E+31      0.99999998E+31      0.99999998E+31
      0.99999998E+31      0.99999998E+31      0.99999998E+31      0.99999998E+31      0.99999998E+31      0.99999998E+31      0.99999998E+31      0.99999998E+31      0.99999998E+31      0.99999998E+31
      0.99999998E+31      0.99999998E+31      0.99999998E+31      0.99999998E+31      0.99999998E+31      0.99999998E+31      0.99999998E+31      0.99999998E+31      0.99999998E+31      0.99999998E+31
      0.99999998E+31      0.99999998E+31      0.99999998E+31      0.99999998E+31      0.99999998E+31      0.99999998E+31      0.99999998E+31      0.99999998E+31      0.99999998E+31      0.99999998E+31
      0.99999998E+31      0.99999998E+31      0.99999998E+31      0.99999998E+31      0.99999998E+31      0.99999998E+31      0.99999998E+31      0.99999998E+31      0.99999998E+31      0.99999998E+31
      0.99999998E+31      0.99999998E+31      0.99999998E+31      0.99999998E+31      0.99999998E+31      0.99999998E+31      0.99999998E+31      0.99999998E+31      0.99999998E+31      0.99999998E+31
      0.99999998E+31      0.99999998E+31      0.99999998E+31      0.99999998E+31      0.99999998E+31      0.99999998E+31      0.99999998E+31      0.99999998E+31      0.99999998E+31      0.99999998E+31
      0.99999998E+31      0.99999998E+31      0.99999998E+31      0.99999998E+31      0.99999998E+31      0.99999998E+31      0.99999998E+31      0.99999998E+31      0.99999998E+31      0.99999998E+31
      0.99999998E+31      0.99999998E+31      0.99999998E+31      0.99999998E+31      0.99999998E+31      0.99999998E+31      0.99999998E+31      0.99999998E+31      0.99999998E+31      0.99999998E+31
      0.99999998E+31      0.99999998E+31       1254.1581           1255.4956           1257.2577           1259.8999           1262.7606           1268.1473          0.99999998E+31      0.99999998E+31
      0.99999998E+31      0.99999998E+31      0.99999998E+31      0.99999998E+31      0.99999998E+31      0.99999998E+31      0.99999998E+31      0.99999998E+31      0.99999998E+31      0.99999998E+31
      0.99999998E+31      0.99999998E+31      0.99999998E+31      0.99999998E+31      0.99999998E+31      0.99999998E+31      0.99999998E+31      0.99999998E+31      0.99999998E+31      0.99999998E+31
      0.99999998E+31      0.99999998E+31      0.99999998E+31      0.99999998E+31      0.99999998E+31      0.99999998E+31      0.99999998E+31      0.99999998E+31      0.99999998E+31      0.99999998E+31
      0.99999998E+31      0.99999998E+31      0.99999998E+31      0.99999998E+31      0.99999998E+31      0.99999998E+31      0.99999998E+31      0.99999998E+31      0.99999998E+31      0.99999998E+31
      0.99999998E+31      0.99999998E+31
      0.99999998E+31      0.99999998E+31      0.99999998E+31      0.99999998E+31      0.99999998E+31      0.99999998E+31      0.99999998E+31      0.99999998E+31      0.99999998E+31      0.99999998E+31
      0.99999998E+31      0.99999998E+31      0.99999998E+31      0.99999998E+31      0.99999998E+31      0.99999998E+31      0.99999998E+31      0.99999998E+31      0.99999998E+31      0.99999998E+31
      0.99999998E+31      0.99999998E+31      0.99999998E+31      0.99999998E+31      0.99999998E+31      0.99999998E+31      0.99999998E+31      0.99999998E+31      0.99999998E+31      0.99999998E+31
      0.99999998E+31      0.99999998E+31      0.99999998E+31      0.99999998E+31      0.99999998E+31      0.99999998E+31      0.99999998E+31      0.99999998E+31      0.99999998E+31      0.99999998E+31
      0.99999998E+31      0.99999998E+31      0.99999998E+31      0.99999998E+31      0.99999998E+31      0.99999998E+31      0.99999998E+31      0.99999998E+31      0.99999998E+31      0.99999998E+31
      0.99999998E+31      0.99999998E+31      0.99999998E+31      0.99999998E+31      0.99999998E+31      0.99999998E+31      0.99999998E+31      0.99999998E+31      0.99999998E+31      0.99999998E+31
      0.99999998E+31      0.99999998E+31      0.99999998E+31      0.99999998E+31      0.99999998E+31      0.99999998E+31      0.99999998E+31      0.99999998E+31      0.99999998E+31      0.99999998E+31
      0.99999998E+31      0.99999998E+31      0.99999998E+31      0.99999998E+31      0.99999998E+31      0.99999998E+31      0.99999998E+31      0.99999998E+31      0.99999998E+31      0.99999998E+31
      0.99999998E+31      0.99999998E+31      0.99999998E+31      0.99999998E+31      0.99999998E+31      0.99999998E+31      0.99999998E+31      0.99999998E+31      0.99999998E+31      0.99999998E+31
      0.99999998E+31      0.99999998E+31      0.99999998E+31      0.99999998E+31      0.99999998E+31      0.99999998E+31      0.99999998E+31      0.99999998E+31      0.99999998E+31      0.99999998E+31
      0.99999998E+31      0.99999998E+31      0.99999998E+31      0.99999998E+31      0.99999998E+31      0.99999998E+31      0.99999998E+31      0.99999998E+31      0.99999998E+31      0.99999998E+31
      0.99999998E+31      0.99999998E+31      0.99999998E+31      0.99999998E+31      0.99999998E+31      0.99999998E+31      0.99999998E+31      0.99999998E+31      0.99999998E+31      0.99999998E+31
      0.99999998E+31      0.99999998E+31      0.99999998E+31      0.99999998E+31      0.99999998E+31      0.99999998E+31      0.99999998E+31      0.99999998E+31      0.99999998E+31      0.99999998E+31
      0.99999998E+31      0.99999998E+31      0.99999998E+31      0.99999998E+31      0.99999998E+31      0.99999998E+31      0.99999998E+31      0.99999998E+31      0.99999998E+31      0.99999998E+31
      0.99999998E+31      0.99999998E+31      0.99999998E+31      0.99999998E+31      0.99999998E+31      0.99999998E+31      0.99999998E+31      0.99999998E+31      0.99999998E+31      0.99999998E+31
      0.99999998E+31      0.99999998E+31      0.99999998E+31      0.99999998E+31      0.99999998E+31      0.99999998E+31      0.99999998E+31      0.99999998E+31      0.99999998E+31      0.99999998E+31
      0.99999998E+31      0.99999998E+31      0.99999998E+31      0.99999998E+31      0.99999998E+31      0.99999998E+31      0.99999998E+31      0.99999998E+31      0.99999998E+31      0.99999998E+31
      0.99999998E+31      0.99999998E+31      0.99999998E+31      0.99999998E+31      0.99999998E+31       1262.3094           1264.7797           1269.8623          0.99999998E+31      0.99999998E+31
      0.99999998E+31      0.99999998E+31      0.99999998E+31      0.99999998E+31      0.99999998E+31      0.99999998E+31      0.99999998E+31      0.99999998E+31      0.99999998E+31      0.99999998E+31
      0.99999998E+31      0.99999998E+31      0.99999998E+31      0.99999998E+31      0.99999998E+31      0.99999998E+31      0.99999998E+31      0.99999998E+31      0.99999998E+31      0.99999998E+31
      0.99999998E+31      0.99999998E+31      0.99999998E+31      0.99999998E+31      0.99999998E+31      0.99999998E+31      0.99999998E+31      0.99999998E+31      0.99999998E+31      0.99999998E+31
      0.99999998E+31      0.99999998E+31      0.99999998E+31      0.99999998E+31      0.99999998E+31      0.99999998E+31      0.99999998E+31      0.99999998E+31      0.99999998E+31      0.99999998E+31
      0.99999998E+31      0.99999998E+31
